language,phrase,date,count,share,period,from_date,to_date,devices
Abap,abap tutorial,2018-01-01T00:00:00Z,0,0.0,monthly,2018-01-01,2026-04-30,all
Abap,abap tutorial,2018-02-01T00:00:00Z,0,0.0,monthly,2018-01-01,2026-04-30,all
Abap,abap tutorial,2018-03-01T00:00:00Z,0,0.0,monthly,2018-01-01,2026-04-30,all
Abap,abap tutorial,2018-04-01T00:00:00Z,0,0.0,monthly,2018-01-01,2026-04-30,all
Abap,abap tutorial,2018-05-01T00:00:00Z,0,0.0,monthly,2018-01-01,2026-04-30,all
Abap,abap tutorial,2018-06-01T00:00:00Z,0,0.0,monthly,2018-01-01,2026-04-30,all
Abap,abap tutorial,2018-07-01T00:00:00Z,0,0.0,monthly,2018-01-01,2026-04-30,all
Abap,abap tutorial,2018-08-01T00:00:00Z,0,0.0,monthly,2018-01-01,2026-04-30,all
Abap,abap tutorial,2018-09-01T00:00:00Z,0,0.0,monthly,2018-01-01,2026-04-30,all
Abap,abap tutorial,2018-10-01T00:00:00Z,0,0.0,monthly,2018-01-01,2026-04-30,all
Abap,abap tutorial,2018-11-01T00:00:00Z,0,0.0,monthly,2018-01-01,2026-04-30,all
Abap,abap tutorial,2018-12-01T00:00:00Z,0,0.0,monthly,2018-01-01,2026-04-30,all
Abap,abap tutorial,2019-01-01T00:00:00Z,0,0.0,monthly,2018-01-01,2026-04-30,all
Abap,abap tutorial,2019-02-01T00:00:00Z,0,0.0,monthly,2018-01-01,2026-04-30,all
Abap,abap tutorial,2019-03-01T00:00:00Z,0,0.0,monthly,2018-01-01,2026-04-30,all
Abap,abap tutorial,2019-04-01T00:00:00Z,0,0.0,monthly,2018-01-01,2026-04-30,all
Abap,abap tutorial,2019-05-01T00:00:00Z,0,0.0,monthly,2018-01-01,2026-04-30,all
Abap,abap tutorial,2019-06-01T00:00:00Z,0,0.0,monthly,2018-01-01,2026-04-30,all
Abap,abap tutorial,2019-07-01T00:00:00Z,30,4.080241355154763e-07,monthly,2018-01-01,2026-04-30,all
Abap,abap tutorial,2019-08-01T00:00:00Z,22,3.0261244318074836e-07,monthly,2018-01-01,2026-04-30,all
Abap,abap tutorial,2019-09-01T00:00:00Z,31,3.940556059489895e-07,monthly,2018-01-01,2026-04-30,all
Abap,abap tutorial,2019-10-01T00:00:00Z,11,1.2433405061907105e-07,monthly,2018-01-01,2026-04-30,all
Abap,abap tutorial,2019-11-01T00:00:00Z,35,3.943899512343135e-07,monthly,2018-01-01,2026-04-30,all
Abap,abap tutorial,2019-12-01T00:00:00Z,45,4.851349600152547e-07,monthly,2018-01-01,2026-04-30,all
Abap,abap tutorial,2020-01-01T00:00:00Z,57,5.861762495020629e-07,monthly,2018-01-01,2026-04-30,all
Abap,abap tutorial,2020-02-01T00:00:00Z,34,3.6980078499326765e-07,monthly,2018-01-01,2026-04-30,all
Abap,abap tutorial,2020-03-01T00:00:00Z,31,3.15461226455403e-07,monthly,2018-01-01,2026-04-30,all
Abap,abap tutorial,2020-04-01T00:00:00Z,16,1.3393698810887772e-07,monthly,2018-01-01,2026-04-30,all
Abap,abap tutorial,2020-05-01T00:00:00Z,14,1.3053971008712532e-07,monthly,2018-01-01,2026-04-30,all
Abap,abap tutorial,2020-06-01T00:00:00Z,7,7.84889128457782e-08,monthly,2018-01-01,2026-04-30,all
Abap,abap tutorial,2020-07-01T00:00:00Z,0,0.0,monthly,2018-01-01,2026-04-30,all
Abap,abap tutorial,2020-08-01T00:00:00Z,0,0.0,monthly,2018-01-01,2026-04-30,all
Abap,abap tutorial,2020-09-01T00:00:00Z,0,0.0,monthly,2018-01-01,2026-04-30,all
Abap,abap tutorial,2020-10-01T00:00:00Z,0,0.0,monthly,2018-01-01,2026-04-30,all
Abap,abap tutorial,2020-11-01T00:00:00Z,0,0.0,monthly,2018-01-01,2026-04-30,all
Abap,abap tutorial,2020-12-01T00:00:00Z,0,0.0,monthly,2018-01-01,2026-04-30,all
Abap,abap tutorial,2021-01-01T00:00:00Z,0,0.0,monthly,2018-01-01,2026-04-30,all
Abap,abap tutorial,2021-02-01T00:00:00Z,0,0.0,monthly,2018-01-01,2026-04-30,all
Abap,abap tutorial,2021-03-01T00:00:00Z,0,0.0,monthly,2018-01-01,2026-04-30,all
Abap,abap tutorial,2021-04-01T00:00:00Z,0,0.0,monthly,2018-01-01,2026-04-30,all
Abap,abap tutorial,2021-05-01T00:00:00Z,0,0.0,monthly,2018-01-01,2026-04-30,all
Abap,abap tutorial,2021-06-01T00:00:00Z,0,0.0,monthly,2018-01-01,2026-04-30,all
Abap,abap tutorial,2021-07-01T00:00:00Z,0,0.0,monthly,2018-01-01,2026-04-30,all
Abap,abap tutorial,2021-08-01T00:00:00Z,0,0.0,monthly,2018-01-01,2026-04-30,all
Abap,abap tutorial,2021-09-01T00:00:00Z,0,0.0,monthly,2018-01-01,2026-04-30,all
Abap,abap tutorial,2021-10-01T00:00:00Z,20,1.7586303012853497e-07,monthly,2018-01-01,2026-04-30,all
Abap,abap tutorial,2021-11-01T00:00:00Z,12,1.0354602912463718e-07,monthly,2018-01-01,2026-04-30,all
Abap,abap tutorial,2021-12-01T00:00:00Z,17,1.4346721108294157e-07,monthly,2018-01-01,2026-04-30,all
Abap,abap tutorial,2022-01-01T00:00:00Z,17,1.4259530412322877e-07,monthly,2018-01-01,2026-04-30,all
Abap,abap tutorial,2022-02-01T00:00:00Z,12,1.0160834927192877e-07,monthly,2018-01-01,2026-04-30,all
Abap,abap tutorial,2022-03-01T00:00:00Z,20,1.5689383975893435e-07,monthly,2018-01-01,2026-04-30,all
Abap,abap tutorial,2022-04-01T00:00:00Z,6,5.019832204150469e-08,monthly,2018-01-01,2026-04-30,all
Abap,abap tutorial,2022-05-01T00:00:00Z,9,7.543067203169623e-08,monthly,2018-01-01,2026-04-30,all
Abap,abap tutorial,2022-06-01T00:00:00Z,13,1.212889986917821e-07,monthly,2018-01-01,2026-04-30,all
Abap,abap tutorial,2022-07-01T00:00:00Z,7,6.712960640820236e-08,monthly,2018-01-01,2026-04-30,all
Abap,abap tutorial,2022-08-01T00:00:00Z,13,1.2065905557344732e-07,monthly,2018-01-01,2026-04-30,all
Abap,abap tutorial,2022-09-01T00:00:00Z,7,5.987765005589415e-08,monthly,2018-01-01,2026-04-30,all
Abap,abap tutorial,2022-10-01T00:00:00Z,8,6.468388454286219e-08,monthly,2018-01-01,2026-04-30,all
Abap,abap tutorial,2022-11-01T00:00:00Z,0,0.0,monthly,2018-01-01,2026-04-30,all
Abap,abap tutorial,2022-12-01T00:00:00Z,0,0.0,monthly,2018-01-01,2026-04-30,all
Abap,abap tutorial,2023-01-01T00:00:00Z,0,0.0,monthly,2018-01-01,2026-04-30,all
Abap,abap tutorial,2023-02-01T00:00:00Z,0,0.0,monthly,2018-01-01,2026-04-30,all
Abap,abap tutorial,2023-03-01T00:00:00Z,0,0.0,monthly,2018-01-01,2026-04-30,all
Abap,abap tutorial,2023-04-01T00:00:00Z,0,0.0,monthly,2018-01-01,2026-04-30,all
Abap,abap tutorial,2023-05-01T00:00:00Z,0,0.0,monthly,2018-01-01,2026-04-30,all
Abap,abap tutorial,2023-06-01T00:00:00Z,0,0.0,monthly,2018-01-01,2026-04-30,all
Abap,abap tutorial,2023-07-01T00:00:00Z,0,0.0,monthly,2018-01-01,2026-04-30,all
Abap,abap tutorial,2023-08-01T00:00:00Z,0,0.0,monthly,2018-01-01,2026-04-30,all
Abap,abap tutorial,2023-09-01T00:00:00Z,0,0.0,monthly,2018-01-01,2026-04-30,all
Abap,abap tutorial,2023-10-01T00:00:00Z,0,0.0,monthly,2018-01-01,2026-04-30,all
Abap,abap tutorial,2023-11-01T00:00:00Z,0,0.0,monthly,2018-01-01,2026-04-30,all
Abap,abap tutorial,2023-12-01T00:00:00Z,0,0.0,monthly,2018-01-01,2026-04-30,all
Abap,abap tutorial,2024-01-01T00:00:00Z,0,0.0,monthly,2018-01-01,2026-04-30,all
Abap,abap tutorial,2024-02-01T00:00:00Z,0,0.0,monthly,2018-01-01,2026-04-30,all
Abap,abap tutorial,2024-03-01T00:00:00Z,0,0.0,monthly,2018-01-01,2026-04-30,all
Abap,abap tutorial,2024-04-01T00:00:00Z,0,0.0,monthly,2018-01-01,2026-04-30,all
Abap,abap tutorial,2024-05-01T00:00:00Z,0,0.0,monthly,2018-01-01,2026-04-30,all
Abap,abap tutorial,2024-06-01T00:00:00Z,0,0.0,monthly,2018-01-01,2026-04-30,all
Abap,abap tutorial,2024-07-01T00:00:00Z,0,0.0,monthly,2018-01-01,2026-04-30,all
Abap,abap tutorial,2024-08-01T00:00:00Z,0,0.0,monthly,2018-01-01,2026-04-30,all
Abap,abap tutorial,2024-09-01T00:00:00Z,0,0.0,monthly,2018-01-01,2026-04-30,all
Abap,abap tutorial,2024-10-01T00:00:00Z,0,0.0,monthly,2018-01-01,2026-04-30,all
Abap,abap tutorial,2024-11-01T00:00:00Z,0,0.0,monthly,2018-01-01,2026-04-30,all
Abap,abap tutorial,2024-12-01T00:00:00Z,0,0.0,monthly,2018-01-01,2026-04-30,all
Abap,abap tutorial,2025-01-01T00:00:00Z,0,0.0,monthly,2018-01-01,2026-04-30,all
Abap,abap tutorial,2025-02-01T00:00:00Z,0,0.0,monthly,2018-01-01,2026-04-30,all
Abap,abap tutorial,2025-03-01T00:00:00Z,0,0.0,monthly,2018-01-01,2026-04-30,all
Abap,abap tutorial,2025-04-01T00:00:00Z,0,0.0,monthly,2018-01-01,2026-04-30,all
Abap,abap tutorial,2025-05-01T00:00:00Z,0,0.0,monthly,2018-01-01,2026-04-30,all
Abap,abap tutorial,2025-06-01T00:00:00Z,0,0.0,monthly,2018-01-01,2026-04-30,all
Abap,abap tutorial,2025-07-01T00:00:00Z,0,0.0,monthly,2018-01-01,2026-04-30,all
Abap,abap tutorial,2025-08-01T00:00:00Z,0,0.0,monthly,2018-01-01,2026-04-30,all
Abap,abap tutorial,2025-09-01T00:00:00Z,0,0.0,monthly,2018-01-01,2026-04-30,all
Abap,abap tutorial,2025-10-01T00:00:00Z,0,0.0,monthly,2018-01-01,2026-04-30,all
Abap,abap tutorial,2025-11-01T00:00:00Z,0,0.0,monthly,2018-01-01,2026-04-30,all
Abap,abap tutorial,2025-12-01T00:00:00Z,0,0.0,monthly,2018-01-01,2026-04-30,all
Abap,abap tutorial,2026-01-01T00:00:00Z,0,0.0,monthly,2018-01-01,2026-04-30,all
Abap,abap tutorial,2026-02-01T00:00:00Z,0,0.0,monthly,2018-01-01,2026-04-30,all
Abap,abap tutorial,2026-03-01T00:00:00Z,0,0.0,monthly,2018-01-01,2026-04-30,all
Abap,abap tutorial,2026-04-01T00:00:00Z,0,0.0,monthly,2018-01-01,2026-04-30,all
Ada,ada tutorial,2018-01-01T00:00:00Z,0,0.0,monthly,2018-01-01,2026-04-30,all
Ada,ada tutorial,2018-02-01T00:00:00Z,0,0.0,monthly,2018-01-01,2026-04-30,all
Ada,ada tutorial,2018-03-01T00:00:00Z,0,0.0,monthly,2018-01-01,2026-04-30,all
Ada,ada tutorial,2018-04-01T00:00:00Z,0,0.0,monthly,2018-01-01,2026-04-30,all
Ada,ada tutorial,2018-05-01T00:00:00Z,0,0.0,monthly,2018-01-01,2026-04-30,all
Ada,ada tutorial,2018-06-01T00:00:00Z,0,0.0,monthly,2018-01-01,2026-04-30,all
Ada,ada tutorial,2018-07-01T00:00:00Z,0,0.0,monthly,2018-01-01,2026-04-30,all
Ada,ada tutorial,2018-08-01T00:00:00Z,0,0.0,monthly,2018-01-01,2026-04-30,all
Ada,ada tutorial,2018-09-01T00:00:00Z,0,0.0,monthly,2018-01-01,2026-04-30,all
Ada,ada tutorial,2018-10-01T00:00:00Z,0,0.0,monthly,2018-01-01,2026-04-30,all
Ada,ada tutorial,2018-11-01T00:00:00Z,0,0.0,monthly,2018-01-01,2026-04-30,all
Ada,ada tutorial,2018-12-01T00:00:00Z,0,0.0,monthly,2018-01-01,2026-04-30,all
Ada,ada tutorial,2019-01-01T00:00:00Z,0,0.0,monthly,2018-01-01,2026-04-30,all
Ada,ada tutorial,2019-02-01T00:00:00Z,0,0.0,monthly,2018-01-01,2026-04-30,all
Ada,ada tutorial,2019-03-01T00:00:00Z,0,0.0,monthly,2018-01-01,2026-04-30,all
Ada,ada tutorial,2019-04-01T00:00:00Z,0,0.0,monthly,2018-01-01,2026-04-30,all
Ada,ada tutorial,2019-05-01T00:00:00Z,0,0.0,monthly,2018-01-01,2026-04-30,all
Ada,ada tutorial,2019-06-01T00:00:00Z,0,0.0,monthly,2018-01-01,2026-04-30,all
Ada,ada tutorial,2019-07-01T00:00:00Z,0,0.0,monthly,2018-01-01,2026-04-30,all
Ada,ada tutorial,2019-08-01T00:00:00Z,0,0.0,monthly,2018-01-01,2026-04-30,all
Ada,ada tutorial,2019-09-01T00:00:00Z,0,0.0,monthly,2018-01-01,2026-04-30,all
Ada,ada tutorial,2019-10-01T00:00:00Z,0,0.0,monthly,2018-01-01,2026-04-30,all
Ada,ada tutorial,2019-11-01T00:00:00Z,0,0.0,monthly,2018-01-01,2026-04-30,all
Ada,ada tutorial,2019-12-01T00:00:00Z,0,0.0,monthly,2018-01-01,2026-04-30,all
Ada,ada tutorial,2020-01-01T00:00:00Z,0,0.0,monthly,2018-01-01,2026-04-30,all
Ada,ada tutorial,2020-02-01T00:00:00Z,0,0.0,monthly,2018-01-01,2026-04-30,all
Ada,ada tutorial,2020-03-01T00:00:00Z,0,0.0,monthly,2018-01-01,2026-04-30,all
Ada,ada tutorial,2020-04-01T00:00:00Z,0,0.0,monthly,2018-01-01,2026-04-30,all
Ada,ada tutorial,2020-05-01T00:00:00Z,0,0.0,monthly,2018-01-01,2026-04-30,all
Ada,ada tutorial,2020-06-01T00:00:00Z,0,0.0,monthly,2018-01-01,2026-04-30,all
Ada,ada tutorial,2020-07-01T00:00:00Z,0,0.0,monthly,2018-01-01,2026-04-30,all
Ada,ada tutorial,2020-08-01T00:00:00Z,0,0.0,monthly,2018-01-01,2026-04-30,all
Ada,ada tutorial,2020-09-01T00:00:00Z,0,0.0,monthly,2018-01-01,2026-04-30,all
Ada,ada tutorial,2020-10-01T00:00:00Z,0,0.0,monthly,2018-01-01,2026-04-30,all
Ada,ada tutorial,2020-11-01T00:00:00Z,0,0.0,monthly,2018-01-01,2026-04-30,all
Ada,ada tutorial,2020-12-01T00:00:00Z,0,0.0,monthly,2018-01-01,2026-04-30,all
Ada,ada tutorial,2021-01-01T00:00:00Z,0,0.0,monthly,2018-01-01,2026-04-30,all
Ada,ada tutorial,2021-02-01T00:00:00Z,0,0.0,monthly,2018-01-01,2026-04-30,all
Ada,ada tutorial,2021-03-01T00:00:00Z,0,0.0,monthly,2018-01-01,2026-04-30,all
Ada,ada tutorial,2021-04-01T00:00:00Z,0,0.0,monthly,2018-01-01,2026-04-30,all
Ada,ada tutorial,2021-05-01T00:00:00Z,0,0.0,monthly,2018-01-01,2026-04-30,all
Ada,ada tutorial,2021-06-01T00:00:00Z,0,0.0,monthly,2018-01-01,2026-04-30,all
Ada,ada tutorial,2021-07-01T00:00:00Z,0,0.0,monthly,2018-01-01,2026-04-30,all
Ada,ada tutorial,2021-08-01T00:00:00Z,0,0.0,monthly,2018-01-01,2026-04-30,all
Ada,ada tutorial,2021-09-01T00:00:00Z,0,0.0,monthly,2018-01-01,2026-04-30,all
Ada,ada tutorial,2021-10-01T00:00:00Z,0,0.0,monthly,2018-01-01,2026-04-30,all
Ada,ada tutorial,2021-11-01T00:00:00Z,0,0.0,monthly,2018-01-01,2026-04-30,all
Ada,ada tutorial,2021-12-01T00:00:00Z,0,0.0,monthly,2018-01-01,2026-04-30,all
Ada,ada tutorial,2022-01-01T00:00:00Z,0,0.0,monthly,2018-01-01,2026-04-30,all
Ada,ada tutorial,2022-02-01T00:00:00Z,0,0.0,monthly,2018-01-01,2026-04-30,all
Ada,ada tutorial,2022-03-01T00:00:00Z,0,0.0,monthly,2018-01-01,2026-04-30,all
Ada,ada tutorial,2022-04-01T00:00:00Z,0,0.0,monthly,2018-01-01,2026-04-30,all
Ada,ada tutorial,2022-05-01T00:00:00Z,0,0.0,monthly,2018-01-01,2026-04-30,all
Ada,ada tutorial,2022-06-01T00:00:00Z,0,0.0,monthly,2018-01-01,2026-04-30,all
Ada,ada tutorial,2022-07-01T00:00:00Z,0,0.0,monthly,2018-01-01,2026-04-30,all
Ada,ada tutorial,2022-08-01T00:00:00Z,0,0.0,monthly,2018-01-01,2026-04-30,all
Ada,ada tutorial,2022-09-01T00:00:00Z,0,0.0,monthly,2018-01-01,2026-04-30,all
Ada,ada tutorial,2022-10-01T00:00:00Z,0,0.0,monthly,2018-01-01,2026-04-30,all
Ada,ada tutorial,2022-11-01T00:00:00Z,0,0.0,monthly,2018-01-01,2026-04-30,all
Ada,ada tutorial,2022-12-01T00:00:00Z,0,0.0,monthly,2018-01-01,2026-04-30,all
Ada,ada tutorial,2023-01-01T00:00:00Z,0,0.0,monthly,2018-01-01,2026-04-30,all
Ada,ada tutorial,2023-02-01T00:00:00Z,0,0.0,monthly,2018-01-01,2026-04-30,all
Ada,ada tutorial,2023-03-01T00:00:00Z,0,0.0,monthly,2018-01-01,2026-04-30,all
Ada,ada tutorial,2023-04-01T00:00:00Z,0,0.0,monthly,2018-01-01,2026-04-30,all
Ada,ada tutorial,2023-05-01T00:00:00Z,0,0.0,monthly,2018-01-01,2026-04-30,all
Ada,ada tutorial,2023-06-01T00:00:00Z,0,0.0,monthly,2018-01-01,2026-04-30,all
Ada,ada tutorial,2023-07-01T00:00:00Z,0,0.0,monthly,2018-01-01,2026-04-30,all
Ada,ada tutorial,2023-08-01T00:00:00Z,8,7.964060805002562e-08,monthly,2018-01-01,2026-04-30,all
Ada,ada tutorial,2023-09-01T00:00:00Z,0,0.0,monthly,2018-01-01,2026-04-30,all
Ada,ada tutorial,2023-10-01T00:00:00Z,0,0.0,monthly,2018-01-01,2026-04-30,all
Ada,ada tutorial,2023-11-01T00:00:00Z,0,0.0,monthly,2018-01-01,2026-04-30,all
Ada,ada tutorial,2023-12-01T00:00:00Z,0,0.0,monthly,2018-01-01,2026-04-30,all
Ada,ada tutorial,2024-01-01T00:00:00Z,0,0.0,monthly,2018-01-01,2026-04-30,all
Ada,ada tutorial,2024-02-01T00:00:00Z,0,0.0,monthly,2018-01-01,2026-04-30,all
Ada,ada tutorial,2024-03-01T00:00:00Z,0,0.0,monthly,2018-01-01,2026-04-30,all
Ada,ada tutorial,2024-04-01T00:00:00Z,0,0.0,monthly,2018-01-01,2026-04-30,all
Ada,ada tutorial,2024-05-01T00:00:00Z,0,0.0,monthly,2018-01-01,2026-04-30,all
Ada,ada tutorial,2024-06-01T00:00:00Z,0,0.0,monthly,2018-01-01,2026-04-30,all
Ada,ada tutorial,2024-07-01T00:00:00Z,0,0.0,monthly,2018-01-01,2026-04-30,all
Ada,ada tutorial,2024-08-01T00:00:00Z,0,0.0,monthly,2018-01-01,2026-04-30,all
Ada,ada tutorial,2024-09-01T00:00:00Z,0,0.0,monthly,2018-01-01,2026-04-30,all
Ada,ada tutorial,2024-10-01T00:00:00Z,0,0.0,monthly,2018-01-01,2026-04-30,all
Ada,ada tutorial,2024-11-01T00:00:00Z,0,0.0,monthly,2018-01-01,2026-04-30,all
Ada,ada tutorial,2024-12-01T00:00:00Z,0,0.0,monthly,2018-01-01,2026-04-30,all
Ada,ada tutorial,2025-01-01T00:00:00Z,0,0.0,monthly,2018-01-01,2026-04-30,all
Ada,ada tutorial,2025-02-01T00:00:00Z,0,0.0,monthly,2018-01-01,2026-04-30,all
Ada,ada tutorial,2025-03-01T00:00:00Z,0,0.0,monthly,2018-01-01,2026-04-30,all
Ada,ada tutorial,2025-04-01T00:00:00Z,0,0.0,monthly,2018-01-01,2026-04-30,all
Ada,ada tutorial,2025-05-01T00:00:00Z,0,0.0,monthly,2018-01-01,2026-04-30,all
Ada,ada tutorial,2025-06-01T00:00:00Z,0,0.0,monthly,2018-01-01,2026-04-30,all
Ada,ada tutorial,2025-07-01T00:00:00Z,0,0.0,monthly,2018-01-01,2026-04-30,all
Ada,ada tutorial,2025-08-01T00:00:00Z,0,0.0,monthly,2018-01-01,2026-04-30,all
Ada,ada tutorial,2025-09-01T00:00:00Z,0,0.0,monthly,2018-01-01,2026-04-30,all
Ada,ada tutorial,2025-10-01T00:00:00Z,0,0.0,monthly,2018-01-01,2026-04-30,all
Ada,ada tutorial,2025-11-01T00:00:00Z,0,0.0,monthly,2018-01-01,2026-04-30,all
Ada,ada tutorial,2025-12-01T00:00:00Z,0,0.0,monthly,2018-01-01,2026-04-30,all
Ada,ada tutorial,2026-01-01T00:00:00Z,0,0.0,monthly,2018-01-01,2026-04-30,all
Ada,ada tutorial,2026-02-01T00:00:00Z,0,0.0,monthly,2018-01-01,2026-04-30,all
Ada,ada tutorial,2026-03-01T00:00:00Z,0,0.0,monthly,2018-01-01,2026-04-30,all
Ada,ada tutorial,2026-04-01T00:00:00Z,0,0.0,monthly,2018-01-01,2026-04-30,all
C/C++,c++ tutorial,2018-01-01T00:00:00Z,519,6.681585731838106e-06,monthly,2018-01-01,2026-04-30,all
C/C++,c++ tutorial,2018-02-01T00:00:00Z,493,6.360611335117499e-06,monthly,2018-01-01,2026-04-30,all
C/C++,c++ tutorial,2018-03-01T00:00:00Z,512,6.090477078673597e-06,monthly,2018-01-01,2026-04-30,all
C/C++,c++ tutorial,2018-04-01T00:00:00Z,557,7.350503381131524e-06,monthly,2018-01-01,2026-04-30,all
C/C++,c++ tutorial,2018-05-01T00:00:00Z,624,8.30497766075003e-06,monthly,2018-01-01,2026-04-30,all
C/C++,c++ tutorial,2018-06-01T00:00:00Z,498,7.177467579210317e-06,monthly,2018-01-01,2026-04-30,all
C/C++,c++ tutorial,2018-07-01T00:00:00Z,515,7.3670820759401494e-06,monthly,2018-01-01,2026-04-30,all
C/C++,c++ tutorial,2018-08-01T00:00:00Z,597,8.456945570893894e-06,monthly,2018-01-01,2026-04-30,all
C/C++,c++ tutorial,2018-09-01T00:00:00Z,657,8.291234493440786e-06,monthly,2018-01-01,2026-04-30,all
C/C++,c++ tutorial,2018-10-01T00:00:00Z,973,1.055886422551891e-05,monthly,2018-01-01,2026-04-30,all
C/C++,c++ tutorial,2018-11-01T00:00:00Z,1415,1.665088230490634e-05,monthly,2018-01-01,2026-04-30,all
C/C++,c++ tutorial,2018-12-01T00:00:00Z,1105,1.2921830369240389e-05,monthly,2018-01-01,2026-04-30,all
C/C++,c++ tutorial,2019-01-01T00:00:00Z,2067,2.3476007141473607e-05,monthly,2018-01-01,2026-04-30,all
C/C++,c++ tutorial,2019-02-01T00:00:00Z,639,7.619713767484248e-06,monthly,2018-01-01,2026-04-30,all
C/C++,c++ tutorial,2019-03-01T00:00:00Z,869,9.896456964932206e-06,monthly,2018-01-01,2026-04-30,all
C/C++,c++ tutorial,2019-04-01T00:00:00Z,893,1.0804547474710403e-05,monthly,2018-01-01,2026-04-30,all
C/C++,c++ tutorial,2019-05-01T00:00:00Z,661,8.36019026644121e-06,monthly,2018-01-01,2026-04-30,all
C/C++,c++ tutorial,2019-06-01T00:00:00Z,713,9.837584782490827e-06,monthly,2018-01-01,2026-04-30,all
C/C++,c++ tutorial,2019-07-01T00:00:00Z,759,1.032301062854155e-05,monthly,2018-01-01,2026-04-30,all
C/C++,c++ tutorial,2019-08-01T00:00:00Z,645,8.872046629617394e-06,monthly,2018-01-01,2026-04-30,all
C/C++,c++ tutorial,2019-09-01T00:00:00Z,857,1.0893730783815613e-05,monthly,2018-01-01,2026-04-30,all
C/C++,c++ tutorial,2019-10-01T00:00:00Z,904,1.0217998341785477e-05,monthly,2018-01-01,2026-04-30,all
C/C++,c++ tutorial,2019-11-01T00:00:00Z,806,9.082237162710193e-06,monthly,2018-01-01,2026-04-30,all
C/C++,c++ tutorial,2019-12-01T00:00:00Z,858,9.249906570957524e-06,monthly,2018-01-01,2026-04-30,all
C/C++,c++ tutorial,2020-01-01T00:00:00Z,1009,1.0376347995571606e-05,monthly,2018-01-01,2026-04-30,all
C/C++,c++ tutorial,2020-02-01T00:00:00Z,887,9.647449890853778e-06,monthly,2018-01-01,2026-04-30,all
C/C++,c++ tutorial,2020-03-01T00:00:00Z,936,9.524893805234104e-06,monthly,2018-01-01,2026-04-30,all
C/C++,c++ tutorial,2020-04-01T00:00:00Z,1057,8.848212276942734e-06,monthly,2018-01-01,2026-04-30,all
C/C++,c++ tutorial,2020-05-01T00:00:00Z,915,8.531702480694261e-06,monthly,2018-01-01,2026-04-30,all
C/C++,c++ tutorial,2020-06-01T00:00:00Z,767,8.600142307530267e-06,monthly,2018-01-01,2026-04-30,all
C/C++,c++ tutorial,2020-07-01T00:00:00Z,592,7.029052351421118e-06,monthly,2018-01-01,2026-04-30,all
C/C++,c++ tutorial,2020-08-01T00:00:00Z,616,7.345140659184874e-06,monthly,2018-01-01,2026-04-30,all
C/C++,c++ tutorial,2020-09-01T00:00:00Z,600,6.319381399428477e-06,monthly,2018-01-01,2026-04-30,all
C/C++,c++ tutorial,2020-10-01T00:00:00Z,676,6.283109401501829e-06,monthly,2018-01-01,2026-04-30,all
C/C++,c++ tutorial,2020-11-01T00:00:00Z,705,6.150289282847564e-06,monthly,2018-01-01,2026-04-30,all
C/C++,c++ tutorial,2020-12-01T00:00:00Z,778,7.039598272414431e-06,monthly,2018-01-01,2026-04-30,all
C/C++,c++ tutorial,2021-01-01T00:00:00Z,717,6.869160910484826e-06,monthly,2018-01-01,2026-04-30,all
C/C++,c++ tutorial,2021-02-01T00:00:00Z,661,6.612458647680609e-06,monthly,2018-01-01,2026-04-30,all
C/C++,c++ tutorial,2021-03-01T00:00:00Z,733,6.733134803549853e-06,monthly,2018-01-01,2026-04-30,all
C/C++,c++ tutorial,2021-04-01T00:00:00Z,920,8.534777965970043e-06,monthly,2018-01-01,2026-04-30,all
C/C++,c++ tutorial,2021-05-01T00:00:00Z,662,6.416321205011052e-06,monthly,2018-01-01,2026-04-30,all
C/C++,c++ tutorial,2021-06-01T00:00:00Z,652,6.5718589775347195e-06,monthly,2018-01-01,2026-04-30,all
C/C++,c++ tutorial,2021-07-01T00:00:00Z,621,6.40134871836563e-06,monthly,2018-01-01,2026-04-30,all
C/C++,c++ tutorial,2021-08-01T00:00:00Z,608,6.0644877172161894e-06,monthly,2018-01-01,2026-04-30,all
C/C++,c++ tutorial,2021-09-01T00:00:00Z,1199,1.1192826497893717e-05,monthly,2018-01-01,2026-04-30,all
C/C++,c++ tutorial,2021-10-01T00:00:00Z,949,8.344700779598984e-06,monthly,2018-01-01,2026-04-30,all
C/C++,c++ tutorial,2021-11-01T00:00:00Z,931,8.033446092919768e-06,monthly,2018-01-01,2026-04-30,all
C/C++,c++ tutorial,2021-12-01T00:00:00Z,941,7.941332095826354e-06,monthly,2018-01-01,2026-04-30,all
C/C++,c++ tutorial,2022-01-01T00:00:00Z,899,7.54077520039898e-06,monthly,2018-01-01,2026-04-30,all
C/C++,c++ tutorial,2022-02-01T00:00:00Z,851,7.2057254358676145e-06,monthly,2018-01-01,2026-04-30,all
C/C++,c++ tutorial,2022-03-01T00:00:00Z,909,7.1308250170435654e-06,monthly,2018-01-01,2026-04-30,all
C/C++,c++ tutorial,2022-04-01T00:00:00Z,909,7.605045789287961e-06,monthly,2018-01-01,2026-04-30,all
C/C++,c++ tutorial,2022-05-01T00:00:00Z,991,8.305755109267885e-06,monthly,2018-01-01,2026-04-30,all
C/C++,c++ tutorial,2022-06-01T00:00:00Z,920,8.583529138187656e-06,monthly,2018-01-01,2026-04-30,all
C/C++,c++ tutorial,2022-07-01T00:00:00Z,817,7.834984062214475e-06,monthly,2018-01-01,2026-04-30,all
C/C++,c++ tutorial,2022-08-01T00:00:00Z,844,7.833557146460734e-06,monthly,2018-01-01,2026-04-30,all
C/C++,c++ tutorial,2022-09-01T00:00:00Z,1025,8.767798758184499e-06,monthly,2018-01-01,2026-04-30,all
C/C++,c++ tutorial,2022-10-01T00:00:00Z,1188,9.605556854615035e-06,monthly,2018-01-01,2026-04-30,all
C/C++,c++ tutorial,2022-11-01T00:00:00Z,1316,1.0429402351680305e-05,monthly,2018-01-01,2026-04-30,all
C/C++,c++ tutorial,2022-12-01T00:00:00Z,1219,9.689985450490025e-06,monthly,2018-01-01,2026-04-30,all
C/C++,c++ tutorial,2023-01-01T00:00:00Z,1138,9.232492014777701e-06,monthly,2018-01-01,2026-04-30,all
C/C++,c++ tutorial,2023-02-01T00:00:00Z,1172,1.027013483247639e-05,monthly,2018-01-01,2026-04-30,all
C/C++,c++ tutorial,2023-03-01T00:00:00Z,1202,9.662834093296691e-06,monthly,2018-01-01,2026-04-30,all
C/C++,c++ tutorial,2023-04-01T00:00:00Z,1233,1.0681407283622086e-05,monthly,2018-01-01,2026-04-30,all
C/C++,c++ tutorial,2023-05-01T00:00:00Z,1214,1.0732064702978059e-05,monthly,2018-01-01,2026-04-30,all
C/C++,c++ tutorial,2023-06-01T00:00:00Z,1006,9.812599778051614e-06,monthly,2018-01-01,2026-04-30,all
C/C++,c++ tutorial,2023-07-01T00:00:00Z,1097,1.0875219686166516e-05,monthly,2018-01-01,2026-04-30,all
C/C++,c++ tutorial,2023-08-01T00:00:00Z,913,9.088984393709173e-06,monthly,2018-01-01,2026-04-30,all
C/C++,c++ tutorial,2023-09-01T00:00:00Z,1103,1.0256113491211374e-05,monthly,2018-01-01,2026-04-30,all
C/C++,c++ tutorial,2023-10-01T00:00:00Z,1246,1.0445904124067605e-05,monthly,2018-01-01,2026-04-30,all
C/C++,c++ tutorial,2023-11-01T00:00:00Z,1324,1.1281650769116413e-05,monthly,2018-01-01,2026-04-30,all
C/C++,c++ tutorial,2023-12-01T00:00:00Z,1130,9.46665622288397e-06,monthly,2018-01-01,2026-04-30,all
C/C++,c++ tutorial,2024-01-01T00:00:00Z,1207,1.0012308357952957e-05,monthly,2018-01-01,2026-04-30,all
C/C++,c++ tutorial,2024-02-01T00:00:00Z,1175,1.0464575676087146e-05,monthly,2018-01-01,2026-04-30,all
C/C++,c++ tutorial,2024-03-01T00:00:00Z,1101,9.546982244353941e-06,monthly,2018-01-01,2026-04-30,all
C/C++,c++ tutorial,2024-04-01T00:00:00Z,968,8.922964317990067e-06,monthly,2018-01-01,2026-04-30,all
C/C++,c++ tutorial,2024-05-01T00:00:00Z,982,9.219733632825833e-06,monthly,2018-01-01,2026-04-30,all
C/C++,c++ tutorial,2024-06-01T00:00:00Z,901,9.64827916723213e-06,monthly,2018-01-01,2026-04-30,all
C/C++,c++ tutorial,2024-07-01T00:00:00Z,807,8.67050321513938e-06,monthly,2018-01-01,2026-04-30,all
C/C++,c++ tutorial,2024-08-01T00:00:00Z,789,8.438643600949984e-06,monthly,2018-01-01,2026-04-30,all
C/C++,c++ tutorial,2024-09-01T00:00:00Z,955,9.613455335635403e-06,monthly,2018-01-01,2026-04-30,all
C/C++,c++ tutorial,2024-10-01T00:00:00Z,1099,9.790135354481995e-06,monthly,2018-01-01,2026-04-30,all
C/C++,c++ tutorial,2024-11-01T00:00:00Z,1006,8.653175579468408e-06,monthly,2018-01-01,2026-04-30,all
C/C++,c++ tutorial,2024-12-01T00:00:00Z,1049,8.742843114564716e-06,monthly,2018-01-01,2026-04-30,all
C/C++,c++ tutorial,2025-01-01T00:00:00Z,1070,9.016856605474377e-06,monthly,2018-01-01,2026-04-30,all
C/C++,c++ tutorial,2025-02-01T00:00:00Z,938,8.220806113230933e-06,monthly,2018-01-01,2026-04-30,all
C/C++,c++ tutorial,2025-03-01T00:00:00Z,941,7.852376119367231e-06,monthly,2018-01-01,2026-04-30,all
C/C++,c++ tutorial,2025-04-01T00:00:00Z,823,7.224278209276142e-06,monthly,2018-01-01,2026-04-30,all
C/C++,c++ tutorial,2025-05-01T00:00:00Z,738,6.9151910461446675e-06,monthly,2018-01-01,2026-04-30,all
C/C++,c++ tutorial,2025-06-01T00:00:00Z,680,6.565867203640847e-06,monthly,2018-01-01,2026-04-30,all
C/C++,c++ tutorial,2025-07-01T00:00:00Z,648,6.123470682179413e-06,monthly,2018-01-01,2026-04-30,all
C/C++,c++ tutorial,2025-08-01T00:00:00Z,644,6.192103277879809e-06,monthly,2018-01-01,2026-04-30,all
C/C++,c++ tutorial,2025-09-01T00:00:00Z,753,6.881655536947802e-06,monthly,2018-01-01,2026-04-30,all
C/C++,c++ tutorial,2025-10-01T00:00:00Z,882,7.481866522669069e-06,monthly,2018-01-01,2026-04-30,all
C/C++,c++ tutorial,2025-11-01T00:00:00Z,901,7.7810619976595e-06,monthly,2018-01-01,2026-04-30,all
C/C++,c++ tutorial,2025-12-01T00:00:00Z,667,5.8610313027254165e-06,monthly,2018-01-01,2026-04-30,all
C/C++,c++ tutorial,2026-01-01T00:00:00Z,529,5.105413000603097e-06,monthly,2018-01-01,2026-04-30,all
C/C++,c++ tutorial,2026-02-01T00:00:00Z,533,5.654893099873256e-06,monthly,2018-01-01,2026-04-30,all
C/C++,c++ tutorial,2026-03-01T00:00:00Z,517,4.71167320806637e-06,monthly,2018-01-01,2026-04-30,all
C/C++,c++ tutorial,2026-04-01T00:00:00Z,476,4.222471096758217e-06,monthly,2018-01-01,2026-04-30,all
C#,c# tutorial,2018-01-01T00:00:00Z,0,0.0,monthly,2018-01-01,2026-04-30,all
C#,c# tutorial,2018-02-01T00:00:00Z,0,0.0,monthly,2018-01-01,2026-04-30,all
C#,c# tutorial,2018-03-01T00:00:00Z,0,0.0,monthly,2018-01-01,2026-04-30,all
C#,c# tutorial,2018-04-01T00:00:00Z,0,0.0,monthly,2018-01-01,2026-04-30,all
C#,c# tutorial,2018-05-01T00:00:00Z,0,0.0,monthly,2018-01-01,2026-04-30,all
C#,c# tutorial,2018-06-01T00:00:00Z,0,0.0,monthly,2018-01-01,2026-04-30,all
C#,c# tutorial,2018-07-01T00:00:00Z,0,0.0,monthly,2018-01-01,2026-04-30,all
C#,c# tutorial,2018-08-01T00:00:00Z,0,0.0,monthly,2018-01-01,2026-04-30,all
C#,c# tutorial,2018-09-01T00:00:00Z,0,0.0,monthly,2018-01-01,2026-04-30,all
C#,c# tutorial,2018-10-01T00:00:00Z,0,0.0,monthly,2018-01-01,2026-04-30,all
C#,c# tutorial,2018-11-01T00:00:00Z,0,0.0,monthly,2018-01-01,2026-04-30,all
C#,c# tutorial,2018-12-01T00:00:00Z,0,0.0,monthly,2018-01-01,2026-04-30,all
C#,c# tutorial,2019-01-01T00:00:00Z,0,0.0,monthly,2018-01-01,2026-04-30,all
C#,c# tutorial,2019-02-01T00:00:00Z,0,0.0,monthly,2018-01-01,2026-04-30,all
C#,c# tutorial,2019-03-01T00:00:00Z,0,0.0,monthly,2018-01-01,2026-04-30,all
C#,c# tutorial,2019-04-01T00:00:00Z,0,0.0,monthly,2018-01-01,2026-04-30,all
C#,c# tutorial,2019-05-01T00:00:00Z,0,0.0,monthly,2018-01-01,2026-04-30,all
C#,c# tutorial,2019-06-01T00:00:00Z,0,0.0,monthly,2018-01-01,2026-04-30,all
C#,c# tutorial,2019-07-01T00:00:00Z,0,0.0,monthly,2018-01-01,2026-04-30,all
C#,c# tutorial,2019-08-01T00:00:00Z,0,0.0,monthly,2018-01-01,2026-04-30,all
C#,c# tutorial,2019-09-01T00:00:00Z,0,0.0,monthly,2018-01-01,2026-04-30,all
C#,c# tutorial,2019-10-01T00:00:00Z,0,0.0,monthly,2018-01-01,2026-04-30,all
C#,c# tutorial,2019-11-01T00:00:00Z,0,0.0,monthly,2018-01-01,2026-04-30,all
C#,c# tutorial,2019-12-01T00:00:00Z,0,0.0,monthly,2018-01-01,2026-04-30,all
C#,c# tutorial,2020-01-01T00:00:00Z,0,0.0,monthly,2018-01-01,2026-04-30,all
C#,c# tutorial,2020-02-01T00:00:00Z,0,0.0,monthly,2018-01-01,2026-04-30,all
C#,c# tutorial,2020-03-01T00:00:00Z,0,0.0,monthly,2018-01-01,2026-04-30,all
C#,c# tutorial,2020-04-01T00:00:00Z,0,0.0,monthly,2018-01-01,2026-04-30,all
C#,c# tutorial,2020-05-01T00:00:00Z,0,0.0,monthly,2018-01-01,2026-04-30,all
C#,c# tutorial,2020-06-01T00:00:00Z,0,0.0,monthly,2018-01-01,2026-04-30,all
C#,c# tutorial,2020-07-01T00:00:00Z,0,0.0,monthly,2018-01-01,2026-04-30,all
C#,c# tutorial,2020-08-01T00:00:00Z,0,0.0,monthly,2018-01-01,2026-04-30,all
C#,c# tutorial,2020-09-01T00:00:00Z,0,0.0,monthly,2018-01-01,2026-04-30,all
C#,c# tutorial,2020-10-01T00:00:00Z,0,0.0,monthly,2018-01-01,2026-04-30,all
C#,c# tutorial,2020-11-01T00:00:00Z,0,0.0,monthly,2018-01-01,2026-04-30,all
C#,c# tutorial,2020-12-01T00:00:00Z,0,0.0,monthly,2018-01-01,2026-04-30,all
C#,c# tutorial,2021-01-01T00:00:00Z,0,0.0,monthly,2018-01-01,2026-04-30,all
C#,c# tutorial,2021-02-01T00:00:00Z,0,0.0,monthly,2018-01-01,2026-04-30,all
C#,c# tutorial,2021-03-01T00:00:00Z,0,0.0,monthly,2018-01-01,2026-04-30,all
C#,c# tutorial,2021-04-01T00:00:00Z,0,0.0,monthly,2018-01-01,2026-04-30,all
C#,c# tutorial,2021-05-01T00:00:00Z,0,0.0,monthly,2018-01-01,2026-04-30,all
C#,c# tutorial,2021-06-01T00:00:00Z,0,0.0,monthly,2018-01-01,2026-04-30,all
C#,c# tutorial,2021-07-01T00:00:00Z,0,0.0,monthly,2018-01-01,2026-04-30,all
C#,c# tutorial,2021-08-01T00:00:00Z,0,0.0,monthly,2018-01-01,2026-04-30,all
C#,c# tutorial,2021-09-01T00:00:00Z,0,0.0,monthly,2018-01-01,2026-04-30,all
C#,c# tutorial,2021-10-01T00:00:00Z,0,0.0,monthly,2018-01-01,2026-04-30,all
C#,c# tutorial,2021-11-01T00:00:00Z,0,0.0,monthly,2018-01-01,2026-04-30,all
C#,c# tutorial,2021-12-01T00:00:00Z,0,0.0,monthly,2018-01-01,2026-04-30,all
C#,c# tutorial,2022-01-01T00:00:00Z,0,0.0,monthly,2018-01-01,2026-04-30,all
C#,c# tutorial,2022-02-01T00:00:00Z,0,0.0,monthly,2018-01-01,2026-04-30,all
C#,c# tutorial,2022-03-01T00:00:00Z,0,0.0,monthly,2018-01-01,2026-04-30,all
C#,c# tutorial,2022-04-01T00:00:00Z,0,0.0,monthly,2018-01-01,2026-04-30,all
C#,c# tutorial,2022-05-01T00:00:00Z,0,0.0,monthly,2018-01-01,2026-04-30,all
C#,c# tutorial,2022-06-01T00:00:00Z,0,0.0,monthly,2018-01-01,2026-04-30,all
C#,c# tutorial,2022-07-01T00:00:00Z,0,0.0,monthly,2018-01-01,2026-04-30,all
C#,c# tutorial,2022-08-01T00:00:00Z,0,0.0,monthly,2018-01-01,2026-04-30,all
C#,c# tutorial,2022-09-01T00:00:00Z,0,0.0,monthly,2018-01-01,2026-04-30,all
C#,c# tutorial,2022-10-01T00:00:00Z,0,0.0,monthly,2018-01-01,2026-04-30,all
C#,c# tutorial,2022-11-01T00:00:00Z,0,0.0,monthly,2018-01-01,2026-04-30,all
C#,c# tutorial,2022-12-01T00:00:00Z,0,0.0,monthly,2018-01-01,2026-04-30,all
C#,c# tutorial,2023-01-01T00:00:00Z,0,0.0,monthly,2018-01-01,2026-04-30,all
C#,c# tutorial,2023-02-01T00:00:00Z,0,0.0,monthly,2018-01-01,2026-04-30,all
C#,c# tutorial,2023-03-01T00:00:00Z,0,0.0,monthly,2018-01-01,2026-04-30,all
C#,c# tutorial,2023-04-01T00:00:00Z,0,0.0,monthly,2018-01-01,2026-04-30,all
C#,c# tutorial,2023-05-01T00:00:00Z,0,0.0,monthly,2018-01-01,2026-04-30,all
C#,c# tutorial,2023-06-01T00:00:00Z,0,0.0,monthly,2018-01-01,2026-04-30,all
C#,c# tutorial,2023-07-01T00:00:00Z,0,0.0,monthly,2018-01-01,2026-04-30,all
C#,c# tutorial,2023-08-01T00:00:00Z,0,0.0,monthly,2018-01-01,2026-04-30,all
C#,c# tutorial,2023-09-01T00:00:00Z,0,0.0,monthly,2018-01-01,2026-04-30,all
C#,c# tutorial,2023-10-01T00:00:00Z,0,0.0,monthly,2018-01-01,2026-04-30,all
C#,c# tutorial,2023-11-01T00:00:00Z,0,0.0,monthly,2018-01-01,2026-04-30,all
C#,c# tutorial,2023-12-01T00:00:00Z,0,0.0,monthly,2018-01-01,2026-04-30,all
C#,c# tutorial,2024-01-01T00:00:00Z,0,0.0,monthly,2018-01-01,2026-04-30,all
C#,c# tutorial,2024-02-01T00:00:00Z,0,0.0,monthly,2018-01-01,2026-04-30,all
C#,c# tutorial,2024-03-01T00:00:00Z,0,0.0,monthly,2018-01-01,2026-04-30,all
C#,c# tutorial,2024-04-01T00:00:00Z,0,0.0,monthly,2018-01-01,2026-04-30,all
C#,c# tutorial,2024-05-01T00:00:00Z,0,0.0,monthly,2018-01-01,2026-04-30,all
C#,c# tutorial,2024-06-01T00:00:00Z,0,0.0,monthly,2018-01-01,2026-04-30,all
C#,c# tutorial,2024-07-01T00:00:00Z,0,0.0,monthly,2018-01-01,2026-04-30,all
C#,c# tutorial,2024-08-01T00:00:00Z,0,0.0,monthly,2018-01-01,2026-04-30,all
C#,c# tutorial,2024-09-01T00:00:00Z,0,0.0,monthly,2018-01-01,2026-04-30,all
C#,c# tutorial,2024-10-01T00:00:00Z,0,0.0,monthly,2018-01-01,2026-04-30,all
C#,c# tutorial,2024-11-01T00:00:00Z,0,0.0,monthly,2018-01-01,2026-04-30,all
C#,c# tutorial,2024-12-01T00:00:00Z,0,0.0,monthly,2018-01-01,2026-04-30,all
C#,c# tutorial,2025-01-01T00:00:00Z,0,0.0,monthly,2018-01-01,2026-04-30,all
C#,c# tutorial,2025-02-01T00:00:00Z,0,0.0,monthly,2018-01-01,2026-04-30,all
C#,c# tutorial,2025-03-01T00:00:00Z,0,0.0,monthly,2018-01-01,2026-04-30,all
C#,c# tutorial,2025-04-01T00:00:00Z,0,0.0,monthly,2018-01-01,2026-04-30,all
C#,c# tutorial,2025-05-01T00:00:00Z,0,0.0,monthly,2018-01-01,2026-04-30,all
C#,c# tutorial,2025-06-01T00:00:00Z,0,0.0,monthly,2018-01-01,2026-04-30,all
C#,c# tutorial,2025-07-01T00:00:00Z,0,0.0,monthly,2018-01-01,2026-04-30,all
C#,c# tutorial,2025-08-01T00:00:00Z,0,0.0,monthly,2018-01-01,2026-04-30,all
C#,c# tutorial,2025-09-01T00:00:00Z,0,0.0,monthly,2018-01-01,2026-04-30,all
C#,c# tutorial,2025-10-01T00:00:00Z,0,0.0,monthly,2018-01-01,2026-04-30,all
C#,c# tutorial,2025-11-01T00:00:00Z,0,0.0,monthly,2018-01-01,2026-04-30,all
C#,c# tutorial,2025-12-01T00:00:00Z,0,0.0,monthly,2018-01-01,2026-04-30,all
C#,c# tutorial,2026-01-01T00:00:00Z,0,0.0,monthly,2018-01-01,2026-04-30,all
C#,c# tutorial,2026-02-01T00:00:00Z,0,0.0,monthly,2018-01-01,2026-04-30,all
C#,c# tutorial,2026-03-01T00:00:00Z,0,0.0,monthly,2018-01-01,2026-04-30,all
C#,c# tutorial,2026-04-01T00:00:00Z,0,0.0,monthly,2018-01-01,2026-04-30,all
Cobol,cobol tutorial,2018-01-01T00:00:00Z,0,0.0,monthly,2018-01-01,2026-04-30,all
Cobol,cobol tutorial,2018-02-01T00:00:00Z,0,0.0,monthly,2018-01-01,2026-04-30,all
Cobol,cobol tutorial,2018-03-01T00:00:00Z,0,0.0,monthly,2018-01-01,2026-04-30,all
Cobol,cobol tutorial,2018-04-01T00:00:00Z,0,0.0,monthly,2018-01-01,2026-04-30,all
Cobol,cobol tutorial,2018-05-01T00:00:00Z,0,0.0,monthly,2018-01-01,2026-04-30,all
Cobol,cobol tutorial,2018-06-01T00:00:00Z,0,0.0,monthly,2018-01-01,2026-04-30,all
Cobol,cobol tutorial,2018-07-01T00:00:00Z,0,0.0,monthly,2018-01-01,2026-04-30,all
Cobol,cobol tutorial,2018-08-01T00:00:00Z,0,0.0,monthly,2018-01-01,2026-04-30,all
Cobol,cobol tutorial,2018-09-01T00:00:00Z,0,0.0,monthly,2018-01-01,2026-04-30,all
Cobol,cobol tutorial,2018-10-01T00:00:00Z,0,0.0,monthly,2018-01-01,2026-04-30,all
Cobol,cobol tutorial,2018-11-01T00:00:00Z,0,0.0,monthly,2018-01-01,2026-04-30,all
Cobol,cobol tutorial,2018-12-01T00:00:00Z,0,0.0,monthly,2018-01-01,2026-04-30,all
Cobol,cobol tutorial,2019-01-01T00:00:00Z,0,0.0,monthly,2018-01-01,2026-04-30,all
Cobol,cobol tutorial,2019-02-01T00:00:00Z,0,0.0,monthly,2018-01-01,2026-04-30,all
Cobol,cobol tutorial,2019-03-01T00:00:00Z,0,0.0,monthly,2018-01-01,2026-04-30,all
Cobol,cobol tutorial,2019-04-01T00:00:00Z,0,0.0,monthly,2018-01-01,2026-04-30,all
Cobol,cobol tutorial,2019-05-01T00:00:00Z,0,0.0,monthly,2018-01-01,2026-04-30,all
Cobol,cobol tutorial,2019-06-01T00:00:00Z,0,0.0,monthly,2018-01-01,2026-04-30,all
Cobol,cobol tutorial,2019-07-01T00:00:00Z,0,0.0,monthly,2018-01-01,2026-04-30,all
Cobol,cobol tutorial,2019-08-01T00:00:00Z,0,0.0,monthly,2018-01-01,2026-04-30,all
Cobol,cobol tutorial,2019-09-01T00:00:00Z,0,0.0,monthly,2018-01-01,2026-04-30,all
Cobol,cobol tutorial,2019-10-01T00:00:00Z,0,0.0,monthly,2018-01-01,2026-04-30,all
Cobol,cobol tutorial,2019-11-01T00:00:00Z,0,0.0,monthly,2018-01-01,2026-04-30,all
Cobol,cobol tutorial,2019-12-01T00:00:00Z,0,0.0,monthly,2018-01-01,2026-04-30,all
Cobol,cobol tutorial,2020-01-01T00:00:00Z,0,0.0,monthly,2018-01-01,2026-04-30,all
Cobol,cobol tutorial,2020-02-01T00:00:00Z,0,0.0,monthly,2018-01-01,2026-04-30,all
Cobol,cobol tutorial,2020-03-01T00:00:00Z,0,0.0,monthly,2018-01-01,2026-04-30,all
Cobol,cobol tutorial,2020-04-01T00:00:00Z,10,8.371061756804858e-08,monthly,2018-01-01,2026-04-30,all
Cobol,cobol tutorial,2020-05-01T00:00:00Z,0,0.0,monthly,2018-01-01,2026-04-30,all
Cobol,cobol tutorial,2020-06-01T00:00:00Z,0,0.0,monthly,2018-01-01,2026-04-30,all
Cobol,cobol tutorial,2020-07-01T00:00:00Z,0,0.0,monthly,2018-01-01,2026-04-30,all
Cobol,cobol tutorial,2020-08-01T00:00:00Z,0,0.0,monthly,2018-01-01,2026-04-30,all
Cobol,cobol tutorial,2020-09-01T00:00:00Z,0,0.0,monthly,2018-01-01,2026-04-30,all
Cobol,cobol tutorial,2020-10-01T00:00:00Z,0,0.0,monthly,2018-01-01,2026-04-30,all
Cobol,cobol tutorial,2020-11-01T00:00:00Z,0,0.0,monthly,2018-01-01,2026-04-30,all
Cobol,cobol tutorial,2020-12-01T00:00:00Z,0,0.0,monthly,2018-01-01,2026-04-30,all
Cobol,cobol tutorial,2021-01-01T00:00:00Z,0,0.0,monthly,2018-01-01,2026-04-30,all
Cobol,cobol tutorial,2021-02-01T00:00:00Z,0,0.0,monthly,2018-01-01,2026-04-30,all
Cobol,cobol tutorial,2021-03-01T00:00:00Z,0,0.0,monthly,2018-01-01,2026-04-30,all
Cobol,cobol tutorial,2021-04-01T00:00:00Z,0,0.0,monthly,2018-01-01,2026-04-30,all
Cobol,cobol tutorial,2021-05-01T00:00:00Z,0,0.0,monthly,2018-01-01,2026-04-30,all
Cobol,cobol tutorial,2021-06-01T00:00:00Z,0,0.0,monthly,2018-01-01,2026-04-30,all
Cobol,cobol tutorial,2021-07-01T00:00:00Z,0,0.0,monthly,2018-01-01,2026-04-30,all
Cobol,cobol tutorial,2021-08-01T00:00:00Z,0,0.0,monthly,2018-01-01,2026-04-30,all
Cobol,cobol tutorial,2021-09-01T00:00:00Z,0,0.0,monthly,2018-01-01,2026-04-30,all
Cobol,cobol tutorial,2021-10-01T00:00:00Z,0,0.0,monthly,2018-01-01,2026-04-30,all
Cobol,cobol tutorial,2021-11-01T00:00:00Z,0,0.0,monthly,2018-01-01,2026-04-30,all
Cobol,cobol tutorial,2021-12-01T00:00:00Z,0,0.0,monthly,2018-01-01,2026-04-30,all
Cobol,cobol tutorial,2022-01-01T00:00:00Z,0,0.0,monthly,2018-01-01,2026-04-30,all
Cobol,cobol tutorial,2022-02-01T00:00:00Z,0,0.0,monthly,2018-01-01,2026-04-30,all
Cobol,cobol tutorial,2022-03-01T00:00:00Z,0,0.0,monthly,2018-01-01,2026-04-30,all
Cobol,cobol tutorial,2022-04-01T00:00:00Z,0,0.0,monthly,2018-01-01,2026-04-30,all
Cobol,cobol tutorial,2022-05-01T00:00:00Z,0,0.0,monthly,2018-01-01,2026-04-30,all
Cobol,cobol tutorial,2022-06-01T00:00:00Z,0,0.0,monthly,2018-01-01,2026-04-30,all
Cobol,cobol tutorial,2022-07-01T00:00:00Z,5,4.794971886300168e-08,monthly,2018-01-01,2026-04-30,all
Cobol,cobol tutorial,2022-08-01T00:00:00Z,0,0.0,monthly,2018-01-01,2026-04-30,all
Cobol,cobol tutorial,2022-09-01T00:00:00Z,0,0.0,monthly,2018-01-01,2026-04-30,all
Cobol,cobol tutorial,2022-10-01T00:00:00Z,0,0.0,monthly,2018-01-01,2026-04-30,all
Cobol,cobol tutorial,2022-11-01T00:00:00Z,0,0.0,monthly,2018-01-01,2026-04-30,all
Cobol,cobol tutorial,2022-12-01T00:00:00Z,0,0.0,monthly,2018-01-01,2026-04-30,all
Cobol,cobol tutorial,2023-01-01T00:00:00Z,0,0.0,monthly,2018-01-01,2026-04-30,all
Cobol,cobol tutorial,2023-02-01T00:00:00Z,0,0.0,monthly,2018-01-01,2026-04-30,all
Cobol,cobol tutorial,2023-03-01T00:00:00Z,5,4.0194817359803206e-08,monthly,2018-01-01,2026-04-30,all
Cobol,cobol tutorial,2023-04-01T00:00:00Z,0,0.0,monthly,2018-01-01,2026-04-30,all
Cobol,cobol tutorial,2023-05-01T00:00:00Z,0,0.0,monthly,2018-01-01,2026-04-30,all
Cobol,cobol tutorial,2023-06-01T00:00:00Z,0,0.0,monthly,2018-01-01,2026-04-30,all
Cobol,cobol tutorial,2023-07-01T00:00:00Z,0,0.0,monthly,2018-01-01,2026-04-30,all
Cobol,cobol tutorial,2023-08-01T00:00:00Z,0,0.0,monthly,2018-01-01,2026-04-30,all
Cobol,cobol tutorial,2023-09-01T00:00:00Z,0,0.0,monthly,2018-01-01,2026-04-30,all
Cobol,cobol tutorial,2023-10-01T00:00:00Z,0,0.0,monthly,2018-01-01,2026-04-30,all
Cobol,cobol tutorial,2023-11-01T00:00:00Z,0,0.0,monthly,2018-01-01,2026-04-30,all
Cobol,cobol tutorial,2023-12-01T00:00:00Z,0,0.0,monthly,2018-01-01,2026-04-30,all
Cobol,cobol tutorial,2024-01-01T00:00:00Z,0,0.0,monthly,2018-01-01,2026-04-30,all
Cobol,cobol tutorial,2024-02-01T00:00:00Z,0,0.0,monthly,2018-01-01,2026-04-30,all
Cobol,cobol tutorial,2024-03-01T00:00:00Z,0,0.0,monthly,2018-01-01,2026-04-30,all
Cobol,cobol tutorial,2024-04-01T00:00:00Z,7,6.452556841521743e-08,monthly,2018-01-01,2026-04-30,all
Cobol,cobol tutorial,2024-05-01T00:00:00Z,0,0.0,monthly,2018-01-01,2026-04-30,all
Cobol,cobol tutorial,2024-06-01T00:00:00Z,0,0.0,monthly,2018-01-01,2026-04-30,all
Cobol,cobol tutorial,2024-07-01T00:00:00Z,0,0.0,monthly,2018-01-01,2026-04-30,all
Cobol,cobol tutorial,2024-08-01T00:00:00Z,0,0.0,monthly,2018-01-01,2026-04-30,all
Cobol,cobol tutorial,2024-09-01T00:00:00Z,0,0.0,monthly,2018-01-01,2026-04-30,all
Cobol,cobol tutorial,2024-10-01T00:00:00Z,0,0.0,monthly,2018-01-01,2026-04-30,all
Cobol,cobol tutorial,2024-11-01T00:00:00Z,0,0.0,monthly,2018-01-01,2026-04-30,all
Cobol,cobol tutorial,2024-12-01T00:00:00Z,0,0.0,monthly,2018-01-01,2026-04-30,all
Cobol,cobol tutorial,2025-01-01T00:00:00Z,0,0.0,monthly,2018-01-01,2026-04-30,all
Cobol,cobol tutorial,2025-02-01T00:00:00Z,0,0.0,monthly,2018-01-01,2026-04-30,all
Cobol,cobol tutorial,2025-03-01T00:00:00Z,0,0.0,monthly,2018-01-01,2026-04-30,all
Cobol,cobol tutorial,2025-04-01T00:00:00Z,0,0.0,monthly,2018-01-01,2026-04-30,all
Cobol,cobol tutorial,2025-05-01T00:00:00Z,0,0.0,monthly,2018-01-01,2026-04-30,all
Cobol,cobol tutorial,2025-06-01T00:00:00Z,0,0.0,monthly,2018-01-01,2026-04-30,all
Cobol,cobol tutorial,2025-07-01T00:00:00Z,0,0.0,monthly,2018-01-01,2026-04-30,all
Cobol,cobol tutorial,2025-08-01T00:00:00Z,0,0.0,monthly,2018-01-01,2026-04-30,all
Cobol,cobol tutorial,2025-09-01T00:00:00Z,0,0.0,monthly,2018-01-01,2026-04-30,all
Cobol,cobol tutorial,2025-10-01T00:00:00Z,0,0.0,monthly,2018-01-01,2026-04-30,all
Cobol,cobol tutorial,2025-11-01T00:00:00Z,0,0.0,monthly,2018-01-01,2026-04-30,all
Cobol,cobol tutorial,2025-12-01T00:00:00Z,0,0.0,monthly,2018-01-01,2026-04-30,all
Cobol,cobol tutorial,2026-01-01T00:00:00Z,0,0.0,monthly,2018-01-01,2026-04-30,all
Cobol,cobol tutorial,2026-02-01T00:00:00Z,0,0.0,monthly,2018-01-01,2026-04-30,all
Cobol,cobol tutorial,2026-03-01T00:00:00Z,0,0.0,monthly,2018-01-01,2026-04-30,all
Cobol,cobol tutorial,2026-04-01T00:00:00Z,0,0.0,monthly,2018-01-01,2026-04-30,all
Dart,dart tutorial,2018-01-01T00:00:00Z,0,0.0,monthly,2018-01-01,2026-04-30,all
Dart,dart tutorial,2018-02-01T00:00:00Z,0,0.0,monthly,2018-01-01,2026-04-30,all
Dart,dart tutorial,2018-03-01T00:00:00Z,7,8.326824130999058e-08,monthly,2018-01-01,2026-04-30,all
Dart,dart tutorial,2018-04-01T00:00:00Z,0,0.0,monthly,2018-01-01,2026-04-30,all
Dart,dart tutorial,2018-05-01T00:00:00Z,6,7.985555443028875e-08,monthly,2018-01-01,2026-04-30,all
Dart,dart tutorial,2018-06-01T00:00:00Z,0,0.0,monthly,2018-01-01,2026-04-30,all
Dart,dart tutorial,2018-07-01T00:00:00Z,0,0.0,monthly,2018-01-01,2026-04-30,all
Dart,dart tutorial,2018-08-01T00:00:00Z,0,0.0,monthly,2018-01-01,2026-04-30,all
Dart,dart tutorial,2018-09-01T00:00:00Z,0,0.0,monthly,2018-01-01,2026-04-30,all
Dart,dart tutorial,2018-10-01T00:00:00Z,0,0.0,monthly,2018-01-01,2026-04-30,all
Dart,dart tutorial,2018-11-01T00:00:00Z,0,0.0,monthly,2018-01-01,2026-04-30,all
Dart,dart tutorial,2018-12-01T00:00:00Z,0,0.0,monthly,2018-01-01,2026-04-30,all
Dart,dart tutorial,2019-01-01T00:00:00Z,0,0.0,monthly,2018-01-01,2026-04-30,all
Dart,dart tutorial,2019-02-01T00:00:00Z,0,0.0,monthly,2018-01-01,2026-04-30,all
Dart,dart tutorial,2019-03-01T00:00:00Z,0,0.0,monthly,2018-01-01,2026-04-30,all
Dart,dart tutorial,2019-04-01T00:00:00Z,0,0.0,monthly,2018-01-01,2026-04-30,all
Dart,dart tutorial,2019-05-01T00:00:00Z,0,0.0,monthly,2018-01-01,2026-04-30,all
Dart,dart tutorial,2019-06-01T00:00:00Z,0,0.0,monthly,2018-01-01,2026-04-30,all
Dart,dart tutorial,2019-07-01T00:00:00Z,16,2.1761287227492068e-07,monthly,2018-01-01,2026-04-30,all
Dart,dart tutorial,2019-08-01T00:00:00Z,18,2.475919989660668e-07,monthly,2018-01-01,2026-04-30,all
Dart,dart tutorial,2019-09-01T00:00:00Z,11,1.3982618275609305e-07,monthly,2018-01-01,2026-04-30,all
Dart,dart tutorial,2019-10-01T00:00:00Z,19,2.147588147056682e-07,monthly,2018-01-01,2026-04-30,all
Dart,dart tutorial,2019-11-01T00:00:00Z,13,1.4648769617274503e-07,monthly,2018-01-01,2026-04-30,all
Dart,dart tutorial,2019-12-01T00:00:00Z,12,1.293693226707346e-07,monthly,2018-01-01,2026-04-30,all
Dart,dart tutorial,2020-01-01T00:00:00Z,0,0.0,monthly,2018-01-01,2026-04-30,all
Dart,dart tutorial,2020-02-01T00:00:00Z,0,0.0,monthly,2018-01-01,2026-04-30,all
Dart,dart tutorial,2020-03-01T00:00:00Z,12,1.22114023144027e-07,monthly,2018-01-01,2026-04-30,all
Dart,dart tutorial,2020-04-01T00:00:00Z,12,1.0045274108165828e-07,monthly,2018-01-01,2026-04-30,all
Dart,dart tutorial,2020-05-01T00:00:00Z,25,2.3310662515558093e-07,monthly,2018-01-01,2026-04-30,all
Dart,dart tutorial,2020-06-01T00:00:00Z,15,1.6819052752666757e-07,monthly,2018-01-01,2026-04-30,all
Dart,dart tutorial,2020-07-01T00:00:00Z,11,1.3060739166491942e-07,monthly,2018-01-01,2026-04-30,all
Dart,dart tutorial,2020-08-01T00:00:00Z,14,1.6693501498147442e-07,monthly,2018-01-01,2026-04-30,all
Dart,dart tutorial,2020-09-01T00:00:00Z,0,0.0,monthly,2018-01-01,2026-04-30,all
Dart,dart tutorial,2020-10-01T00:00:00Z,27,2.509525944386825e-07,monthly,2018-01-01,2026-04-30,all
Dart,dart tutorial,2020-11-01T00:00:00Z,0,0.0,monthly,2018-01-01,2026-04-30,all
Dart,dart tutorial,2020-12-01T00:00:00Z,0,0.0,monthly,2018-01-01,2026-04-30,all
Dart,dart tutorial,2021-01-01T00:00:00Z,27,2.586713313571692e-07,monthly,2018-01-01,2026-04-30,all
Dart,dart tutorial,2021-02-01T00:00:00Z,12,1.2004463505622892e-07,monthly,2018-01-01,2026-04-30,all
Dart,dart tutorial,2021-03-01T00:00:00Z,23,2.1127162412230097e-07,monthly,2018-01-01,2026-04-30,all
Dart,dart tutorial,2021-04-01T00:00:00Z,24,2.2264638172095768e-07,monthly,2018-01-01,2026-04-30,all
Dart,dart tutorial,2021-05-01T00:00:00Z,18,1.744619058764334e-07,monthly,2018-01-01,2026-04-30,all
Dart,dart tutorial,2021-06-01T00:00:00Z,21,2.1167030449114896e-07,monthly,2018-01-01,2026-04-30,all
Dart,dart tutorial,2021-07-01T00:00:00Z,10,1.0308129981265104e-07,monthly,2018-01-01,2026-04-30,all
Dart,dart tutorial,2021-08-01T00:00:00Z,24,2.393876730480075e-07,monthly,2018-01-01,2026-04-30,all
Dart,dart tutorial,2021-09-01T00:00:00Z,62,5.787783510170229e-07,monthly,2018-01-01,2026-04-30,all
Dart,dart tutorial,2021-10-01T00:00:00Z,33,2.9017399971208266e-07,monthly,2018-01-01,2026-04-30,all
Dart,dart tutorial,2021-11-01T00:00:00Z,29,2.5023623705120653e-07,monthly,2018-01-01,2026-04-30,all
Dart,dart tutorial,2021-12-01T00:00:00Z,50,4.2196238553806346e-07,monthly,2018-01-01,2026-04-30,all
Dart,dart tutorial,2022-01-01T00:00:00Z,50,4.1939795330361403e-07,monthly,2018-01-01,2026-04-30,all
Dart,dart tutorial,2022-02-01T00:00:00Z,21,1.7781461122587534e-07,monthly,2018-01-01,2026-04-30,all
Dart,dart tutorial,2022-03-01T00:00:00Z,32,2.5103014361429496e-07,monthly,2018-01-01,2026-04-30,all
Dart,dart tutorial,2022-04-01T00:00:00Z,21,1.756941271452664e-07,monthly,2018-01-01,2026-04-30,all
Dart,dart tutorial,2022-05-01T00:00:00Z,17,1.424801582820929e-07,monthly,2018-01-01,2026-04-30,all
Dart,dart tutorial,2022-06-01T00:00:00Z,31,2.8922761226501884e-07,monthly,2018-01-01,2026-04-30,all
Dart,dart tutorial,2022-07-01T00:00:00Z,9,8.630949395340302e-08,monthly,2018-01-01,2026-04-30,all
Dart,dart tutorial,2022-08-01T00:00:00Z,16,1.4850345301347364e-07,monthly,2018-01-01,2026-04-30,all
Dart,dart tutorial,2022-09-01T00:00:00Z,12,1.0264740009581853e-07,monthly,2018-01-01,2026-04-30,all
Dart,dart tutorial,2022-10-01T00:00:00Z,23,1.859661680607288e-07,monthly,2018-01-01,2026-04-30,all
Dart,dart tutorial,2022-11-01T00:00:00Z,36,2.853027998939901e-07,monthly,2018-01-01,2026-04-30,all
Dart,dart tutorial,2022-12-01T00:00:00Z,35,2.782194345915922e-07,monthly,2018-01-01,2026-04-30,all
Dart,dart tutorial,2023-01-01T00:00:00Z,46,3.7319387757449406e-07,monthly,2018-01-01,2026-04-30,all
Dart,dart tutorial,2023-02-01T00:00:00Z,24,2.1030992831009668e-07,monthly,2018-01-01,2026-04-30,all
Dart,dart tutorial,2023-03-01T00:00:00Z,41,3.2959750235038633e-07,monthly,2018-01-01,2026-04-30,all
Dart,dart tutorial,2023-04-01T00:00:00Z,23,1.9924766222490512e-07,monthly,2018-01-01,2026-04-30,all
Dart,dart tutorial,2023-05-01T00:00:00Z,69,6.099773183735471e-07,monthly,2018-01-01,2026-04-30,all
Dart,dart tutorial,2023-06-01T00:00:00Z,35,3.4139263641332656e-07,monthly,2018-01-01,2026-04-30,all
Dart,dart tutorial,2023-07-01T00:00:00Z,61,6.04729627033872e-07,monthly,2018-01-01,2026-04-30,all
Dart,dart tutorial,2023-08-01T00:00:00Z,20,1.9910152012506403e-07,monthly,2018-01-01,2026-04-30,all
Dart,dart tutorial,2023-09-01T00:00:00Z,26,2.417578882787813e-07,monthly,2018-01-01,2026-04-30,all
Dart,dart tutorial,2023-10-01T00:00:00Z,33,2.7665717182522545e-07,monthly,2018-01-01,2026-04-30,all
Dart,dart tutorial,2023-11-01T00:00:00Z,38,3.2379360213476115e-07,monthly,2018-01-01,2026-04-30,all
Dart,dart tutorial,2023-12-01T00:00:00Z,19,1.5917386569450924e-07,monthly,2018-01-01,2026-04-30,all
Dart,dart tutorial,2024-01-01T00:00:00Z,26,2.1567524217628572e-07,monthly,2018-01-01,2026-04-30,all
Dart,dart tutorial,2024-02-01T00:00:00Z,71,6.323275514912234e-07,monthly,2018-01-01,2026-04-30,all
Dart,dart tutorial,2024-03-01T00:00:00Z,36,3.121629071723359e-07,monthly,2018-01-01,2026-04-30,all
Dart,dart tutorial,2024-04-01T00:00:00Z,39,3.594995954562114e-07,monthly,2018-01-01,2026-04-30,all
Dart,dart tutorial,2024-05-01T00:00:00Z,31,2.9105065439674223e-07,monthly,2018-01-01,2026-04-30,all
Dart,dart tutorial,2024-06-01T00:00:00Z,52,5.568374214162827e-07,monthly,2018-01-01,2026-04-30,all
Dart,dart tutorial,2024-07-01T00:00:00Z,35,3.760441295289694e-07,monthly,2018-01-01,2026-04-30,all
Dart,dart tutorial,2024-08-01T00:00:00Z,43,4.599007285688838e-07,monthly,2018-01-01,2026-04-30,all
Dart,dart tutorial,2024-09-01T00:00:00Z,49,4.93255823503806e-07,monthly,2018-01-01,2026-04-30,all
Dart,dart tutorial,2024-10-01T00:00:00Z,83,7.393823789099232e-07,monthly,2018-01-01,2026-04-30,all
Dart,dart tutorial,2024-11-01T00:00:00Z,168,1.4450631186388591e-06,monthly,2018-01-01,2026-04-30,all
Dart,dart tutorial,2024-12-01T00:00:00Z,184,1.5335396883507222e-06,monthly,2018-01-01,2026-04-30,all
Dart,dart tutorial,2025-01-01T00:00:00Z,37,3.117978452360298e-07,monthly,2018-01-01,2026-04-30,all
Dart,dart tutorial,2025-02-01T00:00:00Z,24,2.103404549227531e-07,monthly,2018-01-01,2026-04-30,all
Dart,dart tutorial,2025-03-01T00:00:00Z,26,2.1696257077954092e-07,monthly,2018-01-01,2026-04-30,all
Dart,dart tutorial,2025-04-01T00:00:00Z,32,2.8089538602288765e-07,monthly,2018-01-01,2026-04-30,all
Dart,dart tutorial,2025-05-01T00:00:00Z,13,1.2181230840092233e-07,monthly,2018-01-01,2026-04-30,all
Dart,dart tutorial,2025-06-01T00:00:00Z,18,1.738023671551989e-07,monthly,2018-01-01,2026-04-30,all
Dart,dart tutorial,2025-07-01T00:00:00Z,14,1.3229720609646878e-07,monthly,2018-01-01,2026-04-30,all
Dart,dart tutorial,2025-08-01T00:00:00Z,11,1.0576573921844395e-07,monthly,2018-01-01,2026-04-30,all
Dart,dart tutorial,2025-09-01T00:00:00Z,19,1.7364071075963912e-07,monthly,2018-01-01,2026-04-30,all
Dart,dart tutorial,2025-10-01T00:00:00Z,23,1.9510536283604147e-07,monthly,2018-01-01,2026-04-30,all
Dart,dart tutorial,2025-11-01T00:00:00Z,25,2.1590072135570203e-07,monthly,2018-01-01,2026-04-30,all
Dart,dart tutorial,2025-12-01T00:00:00Z,18,1.5816876079318965e-07,monthly,2018-01-01,2026-04-30,all
Dart,dart tutorial,2026-01-01T00:00:00Z,7,6.755744991346253e-08,monthly,2018-01-01,2026-04-30,all
Dart,dart tutorial,2026-02-01T00:00:00Z,0,0.0,monthly,2018-01-01,2026-04-30,all
Dart,dart tutorial,2026-03-01T00:00:00Z,0,0.0,monthly,2018-01-01,2026-04-30,all
Dart,dart tutorial,2026-04-01T00:00:00Z,0,0.0,monthly,2018-01-01,2026-04-30,all
Delphi/Pascal,delphi tutorial,2018-01-01T00:00:00Z,18,2.3173129705796897e-07,monthly,2018-01-01,2026-04-30,all
Delphi/Pascal,delphi tutorial,2018-02-01T00:00:00Z,15,1.9352772824901117e-07,monthly,2018-01-01,2026-04-30,all
Delphi/Pascal,delphi tutorial,2018-03-01T00:00:00Z,74,8.802642652770433e-07,monthly,2018-01-01,2026-04-30,all
Delphi/Pascal,delphi tutorial,2018-04-01T00:00:00Z,26,3.4311146841906583e-07,monthly,2018-01-01,2026-04-30,all
Delphi/Pascal,delphi tutorial,2018-05-01T00:00:00Z,19,2.528759223625811e-07,monthly,2018-01-01,2026-04-30,all
Delphi/Pascal,delphi tutorial,2018-06-01T00:00:00Z,21,3.026642955088688e-07,monthly,2018-01-01,2026-04-30,all
Delphi/Pascal,delphi tutorial,2018-07-01T00:00:00Z,0,0.0,monthly,2018-01-01,2026-04-30,all
Delphi/Pascal,delphi tutorial,2018-08-01T00:00:00Z,0,0.0,monthly,2018-01-01,2026-04-30,all
Delphi/Pascal,delphi tutorial,2018-09-01T00:00:00Z,0,0.0,monthly,2018-01-01,2026-04-30,all
Delphi/Pascal,delphi tutorial,2018-10-01T00:00:00Z,0,0.0,monthly,2018-01-01,2026-04-30,all
Delphi/Pascal,delphi tutorial,2018-11-01T00:00:00Z,0,0.0,monthly,2018-01-01,2026-04-30,all
Delphi/Pascal,delphi tutorial,2018-12-01T00:00:00Z,0,0.0,monthly,2018-01-01,2026-04-30,all
Delphi/Pascal,delphi tutorial,2019-01-01T00:00:00Z,0,0.0,monthly,2018-01-01,2026-04-30,all
Delphi/Pascal,delphi tutorial,2019-02-01T00:00:00Z,0,0.0,monthly,2018-01-01,2026-04-30,all
Delphi/Pascal,delphi tutorial,2019-03-01T00:00:00Z,0,0.0,monthly,2018-01-01,2026-04-30,all
Delphi/Pascal,delphi tutorial,2019-04-01T00:00:00Z,0,0.0,monthly,2018-01-01,2026-04-30,all
Delphi/Pascal,delphi tutorial,2019-05-01T00:00:00Z,25,3.161947907126025e-07,monthly,2018-01-01,2026-04-30,all
Delphi/Pascal,delphi tutorial,2019-06-01T00:00:00Z,42,5.794930727413952e-07,monthly,2018-01-01,2026-04-30,all
Delphi/Pascal,delphi tutorial,2019-07-01T00:00:00Z,22,2.992176993780159e-07,monthly,2018-01-01,2026-04-30,all
Delphi/Pascal,delphi tutorial,2019-08-01T00:00:00Z,13,1.7881644369771493e-07,monthly,2018-01-01,2026-04-30,all
Delphi/Pascal,delphi tutorial,2019-09-01T00:00:00Z,34,4.32190019427924e-07,monthly,2018-01-01,2026-04-30,all
Delphi/Pascal,delphi tutorial,2019-10-01T00:00:00Z,18,2.0345571919484358e-07,monthly,2018-01-01,2026-04-30,all
Delphi/Pascal,delphi tutorial,2019-11-01T00:00:00Z,15,1.690242648147058e-07,monthly,2018-01-01,2026-04-30,all
Delphi/Pascal,delphi tutorial,2019-12-01T00:00:00Z,27,2.9108097600915286e-07,monthly,2018-01-01,2026-04-30,all
Delphi/Pascal,delphi tutorial,2020-01-01T00:00:00Z,35,3.5993278478196844e-07,monthly,2018-01-01,2026-04-30,all
Delphi/Pascal,delphi tutorial,2020-02-01T00:00:00Z,22,2.392828608779967e-07,monthly,2018-01-01,2026-04-30,all
Delphi/Pascal,delphi tutorial,2020-03-01T00:00:00Z,22,2.238757090973828e-07,monthly,2018-01-01,2026-04-30,all
Delphi/Pascal,delphi tutorial,2020-04-01T00:00:00Z,24,2.0090548216331657e-07,monthly,2018-01-01,2026-04-30,all
Delphi/Pascal,delphi tutorial,2020-05-01T00:00:00Z,10,9.324265006223237e-08,monthly,2018-01-01,2026-04-30,all
Delphi/Pascal,delphi tutorial,2020-06-01T00:00:00Z,0,0.0,monthly,2018-01-01,2026-04-30,all
Delphi/Pascal,delphi tutorial,2020-07-01T00:00:00Z,0,0.0,monthly,2018-01-01,2026-04-30,all
Delphi/Pascal,delphi tutorial,2020-08-01T00:00:00Z,0,0.0,monthly,2018-01-01,2026-04-30,all
Delphi/Pascal,delphi tutorial,2020-09-01T00:00:00Z,0,0.0,monthly,2018-01-01,2026-04-30,all
Delphi/Pascal,delphi tutorial,2020-10-01T00:00:00Z,0,0.0,monthly,2018-01-01,2026-04-30,all
Delphi/Pascal,delphi tutorial,2020-11-01T00:00:00Z,0,0.0,monthly,2018-01-01,2026-04-30,all
Delphi/Pascal,delphi tutorial,2020-12-01T00:00:00Z,0,0.0,monthly,2018-01-01,2026-04-30,all
Delphi/Pascal,delphi tutorial,2021-01-01T00:00:00Z,0,0.0,monthly,2018-01-01,2026-04-30,all
Delphi/Pascal,delphi tutorial,2021-02-01T00:00:00Z,0,0.0,monthly,2018-01-01,2026-04-30,all
Delphi/Pascal,delphi tutorial,2021-03-01T00:00:00Z,0,0.0,monthly,2018-01-01,2026-04-30,all
Delphi/Pascal,delphi tutorial,2021-04-01T00:00:00Z,0,0.0,monthly,2018-01-01,2026-04-30,all
Delphi/Pascal,delphi tutorial,2021-05-01T00:00:00Z,0,0.0,monthly,2018-01-01,2026-04-30,all
Delphi/Pascal,delphi tutorial,2021-06-01T00:00:00Z,0,0.0,monthly,2018-01-01,2026-04-30,all
Delphi/Pascal,delphi tutorial,2021-07-01T00:00:00Z,0,0.0,monthly,2018-01-01,2026-04-30,all
Delphi/Pascal,delphi tutorial,2021-08-01T00:00:00Z,0,0.0,monthly,2018-01-01,2026-04-30,all
Delphi/Pascal,delphi tutorial,2021-09-01T00:00:00Z,0,0.0,monthly,2018-01-01,2026-04-30,all
Delphi/Pascal,delphi tutorial,2021-10-01T00:00:00Z,0,0.0,monthly,2018-01-01,2026-04-30,all
Delphi/Pascal,delphi tutorial,2021-11-01T00:00:00Z,0,0.0,monthly,2018-01-01,2026-04-30,all
Delphi/Pascal,delphi tutorial,2021-12-01T00:00:00Z,15,1.2658871566141904e-07,monthly,2018-01-01,2026-04-30,all
Delphi/Pascal,delphi tutorial,2022-01-01T00:00:00Z,19,1.5937122225537333e-07,monthly,2018-01-01,2026-04-30,all
Delphi/Pascal,delphi tutorial,2022-02-01T00:00:00Z,13,1.1007571171125617e-07,monthly,2018-01-01,2026-04-30,all
Delphi/Pascal,delphi tutorial,2022-03-01T00:00:00Z,26,2.0396199168661465e-07,monthly,2018-01-01,2026-04-30,all
Delphi/Pascal,delphi tutorial,2022-04-01T00:00:00Z,35,2.928235452421107e-07,monthly,2018-01-01,2026-04-30,all
Delphi/Pascal,delphi tutorial,2022-05-01T00:00:00Z,16,1.3409897250079332e-07,monthly,2018-01-01,2026-04-30,all
Delphi/Pascal,delphi tutorial,2022-06-01T00:00:00Z,28,2.6123784333614607e-07,monthly,2018-01-01,2026-04-30,all
Delphi/Pascal,delphi tutorial,2022-07-01T00:00:00Z,10,9.589943772600336e-08,monthly,2018-01-01,2026-04-30,all
Delphi/Pascal,delphi tutorial,2022-08-01T00:00:00Z,8,7.425172650673682e-08,monthly,2018-01-01,2026-04-30,all
Delphi/Pascal,delphi tutorial,2022-09-01T00:00:00Z,2,1.7107900015969755e-08,monthly,2018-01-01,2026-04-30,all
Delphi/Pascal,delphi tutorial,2022-10-01T00:00:00Z,7,5.6598398975004415e-08,monthly,2018-01-01,2026-04-30,all
Delphi/Pascal,delphi tutorial,2022-11-01T00:00:00Z,16,1.2680124439732892e-07,monthly,2018-01-01,2026-04-30,all
Delphi/Pascal,delphi tutorial,2022-12-01T00:00:00Z,12,9.538952043140305e-08,monthly,2018-01-01,2026-04-30,all
Delphi/Pascal,delphi tutorial,2023-01-01T00:00:00Z,0,0.0,monthly,2018-01-01,2026-04-30,all
Delphi/Pascal,delphi tutorial,2023-02-01T00:00:00Z,0,0.0,monthly,2018-01-01,2026-04-30,all
Delphi/Pascal,delphi tutorial,2023-03-01T00:00:00Z,24,1.9293512332705538e-07,monthly,2018-01-01,2026-04-30,all
Delphi/Pascal,delphi tutorial,2023-04-01T00:00:00Z,6,5.197765101519263e-08,monthly,2018-01-01,2026-04-30,all
Delphi/Pascal,delphi tutorial,2023-05-01T00:00:00Z,43,3.801307926096018e-07,monthly,2018-01-01,2026-04-30,all
Delphi/Pascal,delphi tutorial,2023-06-01T00:00:00Z,20,1.950815065219009e-07,monthly,2018-01-01,2026-04-30,all
Delphi/Pascal,delphi tutorial,2023-07-01T00:00:00Z,37,3.6680321639759445e-07,monthly,2018-01-01,2026-04-30,all
Delphi/Pascal,delphi tutorial,2023-08-01T00:00:00Z,14,1.393710640875448e-07,monthly,2018-01-01,2026-04-30,all
Delphi/Pascal,delphi tutorial,2023-09-01T00:00:00Z,0,0.0,monthly,2018-01-01,2026-04-30,all
Delphi/Pascal,delphi tutorial,2023-10-01T00:00:00Z,0,0.0,monthly,2018-01-01,2026-04-30,all
Delphi/Pascal,delphi tutorial,2023-11-01T00:00:00Z,0,0.0,monthly,2018-01-01,2026-04-30,all
Delphi/Pascal,delphi tutorial,2023-12-01T00:00:00Z,0,0.0,monthly,2018-01-01,2026-04-30,all
Delphi/Pascal,delphi tutorial,2024-01-01T00:00:00Z,0,0.0,monthly,2018-01-01,2026-04-30,all
Delphi/Pascal,delphi tutorial,2024-02-01T00:00:00Z,0,0.0,monthly,2018-01-01,2026-04-30,all
Delphi/Pascal,delphi tutorial,2024-03-01T00:00:00Z,0,0.0,monthly,2018-01-01,2026-04-30,all
Delphi/Pascal,delphi tutorial,2024-04-01T00:00:00Z,0,0.0,monthly,2018-01-01,2026-04-30,all
Delphi/Pascal,delphi tutorial,2024-05-01T00:00:00Z,0,0.0,monthly,2018-01-01,2026-04-30,all
Delphi/Pascal,delphi tutorial,2024-06-01T00:00:00Z,0,0.0,monthly,2018-01-01,2026-04-30,all
Delphi/Pascal,delphi tutorial,2024-07-01T00:00:00Z,0,0.0,monthly,2018-01-01,2026-04-30,all
Delphi/Pascal,delphi tutorial,2024-08-01T00:00:00Z,0,0.0,monthly,2018-01-01,2026-04-30,all
Delphi/Pascal,delphi tutorial,2024-09-01T00:00:00Z,0,0.0,monthly,2018-01-01,2026-04-30,all
Delphi/Pascal,delphi tutorial,2024-10-01T00:00:00Z,0,0.0,monthly,2018-01-01,2026-04-30,all
Delphi/Pascal,delphi tutorial,2024-11-01T00:00:00Z,0,0.0,monthly,2018-01-01,2026-04-30,all
Delphi/Pascal,delphi tutorial,2024-12-01T00:00:00Z,15,1.2501682241989586e-07,monthly,2018-01-01,2026-04-30,all
Delphi/Pascal,delphi tutorial,2025-01-01T00:00:00Z,25,2.106742197540742e-07,monthly,2018-01-01,2026-04-30,all
Delphi/Pascal,delphi tutorial,2025-02-01T00:00:00Z,10,8.76418562178138e-08,monthly,2018-01-01,2026-04-30,all
Delphi/Pascal,delphi tutorial,2025-03-01T00:00:00Z,0,0.0,monthly,2018-01-01,2026-04-30,all
Delphi/Pascal,delphi tutorial,2025-04-01T00:00:00Z,0,0.0,monthly,2018-01-01,2026-04-30,all
Delphi/Pascal,delphi tutorial,2025-05-01T00:00:00Z,0,0.0,monthly,2018-01-01,2026-04-30,all
Delphi/Pascal,delphi tutorial,2025-06-01T00:00:00Z,0,0.0,monthly,2018-01-01,2026-04-30,all
Delphi/Pascal,delphi tutorial,2025-07-01T00:00:00Z,0,0.0,monthly,2018-01-01,2026-04-30,all
Delphi/Pascal,delphi tutorial,2025-08-01T00:00:00Z,0,0.0,monthly,2018-01-01,2026-04-30,all
Delphi/Pascal,delphi tutorial,2025-09-01T00:00:00Z,0,0.0,monthly,2018-01-01,2026-04-30,all
Delphi/Pascal,delphi tutorial,2025-10-01T00:00:00Z,0,0.0,monthly,2018-01-01,2026-04-30,all
Delphi/Pascal,delphi tutorial,2025-11-01T00:00:00Z,0,0.0,monthly,2018-01-01,2026-04-30,all
Delphi/Pascal,delphi tutorial,2025-12-01T00:00:00Z,0,0.0,monthly,2018-01-01,2026-04-30,all
Delphi/Pascal,delphi tutorial,2026-01-01T00:00:00Z,0,0.0,monthly,2018-01-01,2026-04-30,all
Delphi/Pascal,delphi tutorial,2026-02-01T00:00:00Z,0,0.0,monthly,2018-01-01,2026-04-30,all
Delphi/Pascal,delphi tutorial,2026-03-01T00:00:00Z,0,0.0,monthly,2018-01-01,2026-04-30,all
Delphi/Pascal,delphi tutorial,2026-04-01T00:00:00Z,0,0.0,monthly,2018-01-01,2026-04-30,all
Go,golang tutorial,2018-01-01T00:00:00Z,27,3.475969455869535e-07,monthly,2018-01-01,2026-04-30,all
Go,golang tutorial,2018-02-01T00:00:00Z,28,3.6125175939815415e-07,monthly,2018-01-01,2026-04-30,all
Go,golang tutorial,2018-03-01T00:00:00Z,21,2.498047239299717e-07,monthly,2018-01-01,2026-04-30,all
Go,golang tutorial,2018-04-01T00:00:00Z,28,3.695046582974555e-07,monthly,2018-01-01,2026-04-30,all
Go,golang tutorial,2018-05-01T00:00:00Z,35,4.6582406751001776e-07,monthly,2018-01-01,2026-04-30,all
Go,golang tutorial,2018-06-01T00:00:00Z,44,6.341537620185823e-07,monthly,2018-01-01,2026-04-30,all
Go,golang tutorial,2018-07-01T00:00:00Z,29,4.148453984509987e-07,monthly,2018-01-01,2026-04-30,all
Go,golang tutorial,2018-08-01T00:00:00Z,39,5.524637810131689e-07,monthly,2018-01-01,2026-04-30,all
Go,golang tutorial,2018-09-01T00:00:00Z,46,5.805126129349713e-07,monthly,2018-01-01,2026-04-30,all
Go,golang tutorial,2018-10-01T00:00:00Z,44,4.774820410306599e-07,monthly,2018-01-01,2026-04-30,all
Go,golang tutorial,2018-11-01T00:00:00Z,43,5.059985435413234e-07,monthly,2018-01-01,2026-04-30,all
Go,golang tutorial,2018-12-01T00:00:00Z,41,4.794525295374262e-07,monthly,2018-01-01,2026-04-30,all
Go,golang tutorial,2019-01-01T00:00:00Z,42,4.77016110276677e-07,monthly,2018-01-01,2026-04-30,all
Go,golang tutorial,2019-02-01T00:00:00Z,49,5.842972998540346e-07,monthly,2018-01-01,2026-04-30,all
Go,golang tutorial,2019-03-01T00:00:00Z,18,2.049899026107937e-07,monthly,2018-01-01,2026-04-30,all
Go,golang tutorial,2019-04-01T00:00:00Z,58,7.017511237773833e-07,monthly,2018-01-01,2026-04-30,all
Go,golang tutorial,2019-05-01T00:00:00Z,30,3.7943374885512295e-07,monthly,2018-01-01,2026-04-30,all
Go,golang tutorial,2019-06-01T00:00:00Z,32,4.4151853161249155e-07,monthly,2018-01-01,2026-04-30,all
Go,golang tutorial,2019-07-01T00:00:00Z,59,8.024474665137699e-07,monthly,2018-01-01,2026-04-30,all
Go,golang tutorial,2019-08-01T00:00:00Z,57,7.840413300592117e-07,monthly,2018-01-01,2026-04-30,all
Go,golang tutorial,2019-09-01T00:00:00Z,101,1.283858587124127e-06,monthly,2018-01-01,2026-04-30,all
Go,golang tutorial,2019-10-01T00:00:00Z,34,3.843052473680379e-07,monthly,2018-01-01,2026-04-30,all
Go,golang tutorial,2019-11-01T00:00:00Z,50,5.634142160490194e-07,monthly,2018-01-01,2026-04-30,all
Go,golang tutorial,2019-12-01T00:00:00Z,40,4.3123107556911536e-07,monthly,2018-01-01,2026-04-30,all
Go,golang tutorial,2020-01-01T00:00:00Z,55,5.656086618002362e-07,monthly,2018-01-01,2026-04-30,all
Go,golang tutorial,2020-02-01T00:00:00Z,35,3.8067727866954023e-07,monthly,2018-01-01,2026-04-30,all
Go,golang tutorial,2020-03-01T00:00:00Z,48,4.88456092576108e-07,monthly,2018-01-01,2026-04-30,all
Go,golang tutorial,2020-04-01T00:00:00Z,70,5.8597432297634e-07,monthly,2018-01-01,2026-04-30,all
Go,golang tutorial,2020-05-01T00:00:00Z,48,4.475647202987153e-07,monthly,2018-01-01,2026-04-30,all
Go,golang tutorial,2020-06-01T00:00:00Z,28,3.139556513831128e-07,monthly,2018-01-01,2026-04-30,all
Go,golang tutorial,2020-07-01T00:00:00Z,45,5.343029659019431e-07,monthly,2018-01-01,2026-04-30,all
Go,golang tutorial,2020-08-01T00:00:00Z,42,5.008050449444232e-07,monthly,2018-01-01,2026-04-30,all
Go,golang tutorial,2020-09-01T00:00:00Z,38,4.002274886304702e-07,monthly,2018-01-01,2026-04-30,all
Go,golang tutorial,2020-10-01T00:00:00Z,44,4.089597835297048e-07,monthly,2018-01-01,2026-04-30,all
Go,golang tutorial,2020-11-01T00:00:00Z,34,2.9660969591037895e-07,monthly,2018-01-01,2026-04-30,all
Go,golang tutorial,2020-12-01T00:00:00Z,49,4.433680145865131e-07,monthly,2018-01-01,2026-04-30,all
Go,golang tutorial,2021-01-01T00:00:00Z,58,5.556643414339191e-07,monthly,2018-01-01,2026-04-30,all
Go,golang tutorial,2021-02-01T00:00:00Z,50,5.001859794009539e-07,monthly,2018-01-01,2026-04-30,all
Go,golang tutorial,2021-03-01T00:00:00Z,82,7.532292686099425e-07,monthly,2018-01-01,2026-04-30,all
Go,golang tutorial,2021-04-01T00:00:00Z,81,7.514315383082322e-07,monthly,2018-01-01,2026-04-30,all
Go,golang tutorial,2021-05-01T00:00:00Z,58,5.621550300462854e-07,monthly,2018-01-01,2026-04-30,all
Go,golang tutorial,2021-06-01T00:00:00Z,47,4.7373830052780956e-07,monthly,2018-01-01,2026-04-30,all
Go,golang tutorial,2021-07-01T00:00:00Z,76,7.83417878576148e-07,monthly,2018-01-01,2026-04-30,all
Go,golang tutorial,2021-08-01T00:00:00Z,63,6.283926417510196e-07,monthly,2018-01-01,2026-04-30,all
Go,golang tutorial,2021-09-01T00:00:00Z,101,9.428486040761179e-07,monthly,2018-01-01,2026-04-30,all
Go,golang tutorial,2021-10-01T00:00:00Z,88,7.737973325655539e-07,monthly,2018-01-01,2026-04-30,all
Go,golang tutorial,2021-11-01T00:00:00Z,85,7.334510396328467e-07,monthly,2018-01-01,2026-04-30,all
Go,golang tutorial,2021-12-01T00:00:00Z,64,5.401118534887212e-07,monthly,2018-01-01,2026-04-30,all
Go,golang tutorial,2022-01-01T00:00:00Z,78,6.542608071536379e-07,monthly,2018-01-01,2026-04-30,all
Go,golang tutorial,2022-02-01T00:00:00Z,107,9.060077810080315e-07,monthly,2018-01-01,2026-04-30,all
Go,golang tutorial,2022-03-01T00:00:00Z,70,5.491284391562703e-07,monthly,2018-01-01,2026-04-30,all
Go,golang tutorial,2022-04-01T00:00:00Z,79,6.609445735464785e-07,monthly,2018-01-01,2026-04-30,all
Go,golang tutorial,2022-05-01T00:00:00Z,64,5.363958900031733e-07,monthly,2018-01-01,2026-04-30,all
Go,golang tutorial,2022-06-01T00:00:00Z,57,5.318056096485829e-07,monthly,2018-01-01,2026-04-30,all
Go,golang tutorial,2022-07-01T00:00:00Z,85,8.151452206710286e-07,monthly,2018-01-01,2026-04-30,all
Go,golang tutorial,2022-08-01T00:00:00Z,80,7.425172650673682e-07,monthly,2018-01-01,2026-04-30,all
Go,golang tutorial,2022-09-01T00:00:00Z,77,6.586541506148355e-07,monthly,2018-01-01,2026-04-30,all
Go,golang tutorial,2022-10-01T00:00:00Z,143,1.1562244362036616e-06,monthly,2018-01-01,2026-04-30,all
Go,golang tutorial,2022-11-01T00:00:00Z,94,7.449573108343074e-07,monthly,2018-01-01,2026-04-30,all
Go,golang tutorial,2022-12-01T00:00:00Z,86,6.836248964250552e-07,monthly,2018-01-01,2026-04-30,all
Go,golang tutorial,2023-01-01T00:00:00Z,118,9.573234250823978e-07,monthly,2018-01-01,2026-04-30,all
Go,golang tutorial,2023-02-01T00:00:00Z,104,9.113430226770857e-07,monthly,2018-01-01,2026-04-30,all
Go,golang tutorial,2023-03-01T00:00:00Z,110,8.842859819156706e-07,monthly,2018-01-01,2026-04-30,all
Go,golang tutorial,2023-04-01T00:00:00Z,87,7.536759397202931e-07,monthly,2018-01-01,2026-04-30,all
Go,golang tutorial,2023-05-01T00:00:00Z,63,5.569358124280213e-07,monthly,2018-01-01,2026-04-30,all
Go,golang tutorial,2023-06-01T00:00:00Z,73,7.120474988049383e-07,monthly,2018-01-01,2026-04-30,all
Go,golang tutorial,2023-07-01T00:00:00Z,86,8.525696381133276e-07,monthly,2018-01-01,2026-04-30,all
Go,golang tutorial,2023-08-01T00:00:00Z,112,1.1149685127003584e-06,monthly,2018-01-01,2026-04-30,all
Go,golang tutorial,2023-09-01T00:00:00Z,80,7.438704254731731e-07,monthly,2018-01-01,2026-04-30,all
Go,golang tutorial,2023-10-01T00:00:00Z,92,7.712866608460831e-07,monthly,2018-01-01,2026-04-30,all
Go,golang tutorial,2023-11-01T00:00:00Z,112,9.543390378708748e-07,monthly,2018-01-01,2026-04-30,all
Go,golang tutorial,2023-12-01T00:00:00Z,115,9.634207660457138e-07,monthly,2018-01-01,2026-04-30,all
Go,golang tutorial,2024-01-01T00:00:00Z,120,9.954241946597801e-07,monthly,2018-01-01,2026-04-30,all
Go,golang tutorial,2024-02-01T00:00:00Z,88,7.837299229750375e-07,monthly,2018-01-01,2026-04-30,all
Go,golang tutorial,2024-03-01T00:00:00Z,90,7.804072679308398e-07,monthly,2018-01-01,2026-04-30,all
Go,golang tutorial,2024-04-01T00:00:00Z,114,1.050844971333541e-06,monthly,2018-01-01,2026-04-30,all
Go,golang tutorial,2024-05-01T00:00:00Z,83,7.792646553203097e-07,monthly,2018-01-01,2026-04-30,all
Go,golang tutorial,2024-06-01T00:00:00Z,61,6.532131289691009e-07,monthly,2018-01-01,2026-04-30,all
Go,golang tutorial,2024-07-01T00:00:00Z,100,1.0744117986541983e-06,monthly,2018-01-01,2026-04-30,all
Go,golang tutorial,2024-08-01T00:00:00Z,113,1.208576333215904e-06,monthly,2018-01-01,2026-04-30,all
Go,golang tutorial,2024-09-01T00:00:00Z,105,1.056976764651013e-06,monthly,2018-01-01,2026-04-30,all
Go,golang tutorial,2024-10-01T00:00:00Z,154,1.3718661006280502e-06,monthly,2018-01-01,2026-04-30,all
Go,golang tutorial,2024-11-01T00:00:00Z,125,1.0751957727967704e-06,monthly,2018-01-01,2026-04-30,all
Go,golang tutorial,2024-12-01T00:00:00Z,102,8.501143924552918e-07,monthly,2018-01-01,2026-04-30,all
Go,golang tutorial,2025-01-01T00:00:00Z,110,9.269665669179265e-07,monthly,2018-01-01,2026-04-30,all
Go,golang tutorial,2025-02-01T00:00:00Z,90,7.887767059603241e-07,monthly,2018-01-01,2026-04-30,all
Go,golang tutorial,2025-03-01T00:00:00Z,95,7.927478547713996e-07,monthly,2018-01-01,2026-04-30,all
Go,golang tutorial,2025-04-01T00:00:00Z,63,5.530127912325601e-07,monthly,2018-01-01,2026-04-30,all
Go,golang tutorial,2025-05-01T00:00:00Z,73,6.840229625590253e-07,monthly,2018-01-01,2026-04-30,all
Go,golang tutorial,2025-06-01T00:00:00Z,66,6.372753462357292e-07,monthly,2018-01-01,2026-04-30,all
Go,golang tutorial,2025-07-01T00:00:00Z,44,4.1579121916033044e-07,monthly,2018-01-01,2026-04-30,all
Go,golang tutorial,2025-08-01T00:00:00Z,58,5.576738976972499e-07,monthly,2018-01-01,2026-04-30,all
Go,golang tutorial,2025-09-01T00:00:00Z,41,3.746983758497475e-07,monthly,2018-01-01,2026-04-30,all
Go,golang tutorial,2025-10-01T00:00:00Z,53,4.4959061870913906e-07,monthly,2018-01-01,2026-04-30,all
Go,golang tutorial,2025-11-01T00:00:00Z,42,3.627132118775794e-07,monthly,2018-01-01,2026-04-30,all
Go,golang tutorial,2025-12-01T00:00:00Z,38,3.3391182834117816e-07,monthly,2018-01-01,2026-04-30,all
Go,golang tutorial,2026-01-01T00:00:00Z,31,2.991829924739055e-07,monthly,2018-01-01,2026-04-30,all
Go,golang tutorial,2026-02-01T00:00:00Z,43,4.5621088798227014e-07,monthly,2018-01-01,2026-04-30,all
Go,golang tutorial,2026-03-01T00:00:00Z,55,5.012418306453585e-07,monthly,2018-01-01,2026-04-30,all
Go,golang tutorial,2026-04-01T00:00:00Z,90,7.983663838408392e-07,monthly,2018-01-01,2026-04-30,all
Groovy,groovy tutorial,2018-01-01T00:00:00Z,6,7.724376568598966e-08,monthly,2018-01-01,2026-04-30,all
Groovy,groovy tutorial,2018-02-01T00:00:00Z,0,0.0,monthly,2018-01-01,2026-04-30,all
Groovy,groovy tutorial,2018-03-01T00:00:00Z,8,9.516370435427495e-08,monthly,2018-01-01,2026-04-30,all
Groovy,groovy tutorial,2018-04-01T00:00:00Z,4,5.2786379756779355e-08,monthly,2018-01-01,2026-04-30,all
Groovy,groovy tutorial,2018-05-01T00:00:00Z,13,1.730203679322923e-07,monthly,2018-01-01,2026-04-30,all
Groovy,groovy tutorial,2018-06-01T00:00:00Z,0,0.0,monthly,2018-01-01,2026-04-30,all
Groovy,groovy tutorial,2018-07-01T00:00:00Z,0,0.0,monthly,2018-01-01,2026-04-30,all
Groovy,groovy tutorial,2018-08-01T00:00:00Z,0,0.0,monthly,2018-01-01,2026-04-30,all
Groovy,groovy tutorial,2018-09-01T00:00:00Z,14,1.7667775176281734e-07,monthly,2018-01-01,2026-04-30,all
Groovy,groovy tutorial,2018-10-01T00:00:00Z,0,0.0,monthly,2018-01-01,2026-04-30,all
Groovy,groovy tutorial,2018-11-01T00:00:00Z,12,1.4120889587199723e-07,monthly,2018-01-01,2026-04-30,all
Groovy,groovy tutorial,2018-12-01T00:00:00Z,0,0.0,monthly,2018-01-01,2026-04-30,all
Groovy,groovy tutorial,2019-01-01T00:00:00Z,0,0.0,monthly,2018-01-01,2026-04-30,all
Groovy,groovy tutorial,2019-02-01T00:00:00Z,7,8.347104283629066e-08,monthly,2018-01-01,2026-04-30,all
Groovy,groovy tutorial,2019-03-01T00:00:00Z,14,1.594365909195062e-07,monthly,2018-01-01,2026-04-30,all
Groovy,groovy tutorial,2019-04-01T00:00:00Z,14,1.6938820229109253e-07,monthly,2018-01-01,2026-04-30,all
Groovy,groovy tutorial,2019-05-01T00:00:00Z,0,0.0,monthly,2018-01-01,2026-04-30,all
Groovy,groovy tutorial,2019-06-01T00:00:00Z,9,1.2417708701601325e-07,monthly,2018-01-01,2026-04-30,all
Groovy,groovy tutorial,2019-07-01T00:00:00Z,6,8.160482710309525e-08,monthly,2018-01-01,2026-04-30,all
Groovy,groovy tutorial,2019-08-01T00:00:00Z,0,0.0,monthly,2018-01-01,2026-04-30,all
Groovy,groovy tutorial,2019-09-01T00:00:00Z,0,0.0,monthly,2018-01-01,2026-04-30,all
Groovy,groovy tutorial,2019-10-01T00:00:00Z,14,1.58243337151545e-07,monthly,2018-01-01,2026-04-30,all
Groovy,groovy tutorial,2019-11-01T00:00:00Z,16,1.802925491356862e-07,monthly,2018-01-01,2026-04-30,all
Groovy,groovy tutorial,2019-12-01T00:00:00Z,5,5.390388444613942e-08,monthly,2018-01-01,2026-04-30,all
Groovy,groovy tutorial,2020-01-01T00:00:00Z,0,0.0,monthly,2018-01-01,2026-04-30,all
Groovy,groovy tutorial,2020-02-01T00:00:00Z,8,8.701194941018063e-08,monthly,2018-01-01,2026-04-30,all
Groovy,groovy tutorial,2020-03-01T00:00:00Z,6,6.10570115720135e-08,monthly,2018-01-01,2026-04-30,all
Groovy,groovy tutorial,2020-04-01T00:00:00Z,0,0.0,monthly,2018-01-01,2026-04-30,all
Groovy,groovy tutorial,2020-05-01T00:00:00Z,0,0.0,monthly,2018-01-01,2026-04-30,all
Groovy,groovy tutorial,2020-06-01T00:00:00Z,12,1.3455242202133405e-07,monthly,2018-01-01,2026-04-30,all
Groovy,groovy tutorial,2020-07-01T00:00:00Z,0,0.0,monthly,2018-01-01,2026-04-30,all
Groovy,groovy tutorial,2020-08-01T00:00:00Z,0,0.0,monthly,2018-01-01,2026-04-30,all
Groovy,groovy tutorial,2020-09-01T00:00:00Z,0,0.0,monthly,2018-01-01,2026-04-30,all
Groovy,groovy tutorial,2020-10-01T00:00:00Z,12,1.1153448641719222e-07,monthly,2018-01-01,2026-04-30,all
Groovy,groovy tutorial,2020-11-01T00:00:00Z,21,1.8320010629758701e-07,monthly,2018-01-01,2026-04-30,all
Groovy,groovy tutorial,2020-12-01T00:00:00Z,6,5.428996096977711e-08,monthly,2018-01-01,2026-04-30,all
Groovy,groovy tutorial,2021-01-01T00:00:00Z,11,1.053846164788467e-07,monthly,2018-01-01,2026-04-30,all
Groovy,groovy tutorial,2021-02-01T00:00:00Z,9,9.00334762921717e-08,monthly,2018-01-01,2026-04-30,all
Groovy,groovy tutorial,2021-03-01T00:00:00Z,21,1.929001785464487e-07,monthly,2018-01-01,2026-04-30,all
Groovy,groovy tutorial,2021-04-01T00:00:00Z,18,1.6698478629071825e-07,monthly,2018-01-01,2026-04-30,all
Groovy,groovy tutorial,2021-05-01T00:00:00Z,7,6.784629672972411e-08,monthly,2018-01-01,2026-04-30,all
Groovy,groovy tutorial,2021-06-01T00:00:00Z,23,2.318293811093536e-07,monthly,2018-01-01,2026-04-30,all
Groovy,groovy tutorial,2021-07-01T00:00:00Z,9,9.277316983138594e-08,monthly,2018-01-01,2026-04-30,all
Groovy,groovy tutorial,2021-08-01T00:00:00Z,8,7.97958910160025e-08,monthly,2018-01-01,2026-04-30,all
Groovy,groovy tutorial,2021-09-01T00:00:00Z,19,1.7736755918263605e-07,monthly,2018-01-01,2026-04-30,all
Groovy,groovy tutorial,2021-10-01T00:00:00Z,15,1.318972725964012e-07,monthly,2018-01-01,2026-04-30,all
Groovy,groovy tutorial,2021-11-01T00:00:00Z,14,1.2080370064541004e-07,monthly,2018-01-01,2026-04-30,all
Groovy,groovy tutorial,2021-12-01T00:00:00Z,8,6.751398168609015e-08,monthly,2018-01-01,2026-04-30,all
Groovy,groovy tutorial,2022-01-01T00:00:00Z,3,2.5163877198216844e-08,monthly,2018-01-01,2026-04-30,all
Groovy,groovy tutorial,2022-02-01T00:00:00Z,6,5.0804174635964386e-08,monthly,2018-01-01,2026-04-30,all
Groovy,groovy tutorial,2022-03-01T00:00:00Z,0,0.0,monthly,2018-01-01,2026-04-30,all
Groovy,groovy tutorial,2022-04-01T00:00:00Z,12,1.0039664408300938e-07,monthly,2018-01-01,2026-04-30,all
Groovy,groovy tutorial,2022-05-01T00:00:00Z,11,9.21930435942954e-08,monthly,2018-01-01,2026-04-30,all
Groovy,groovy tutorial,2022-06-01T00:00:00Z,10,9.329922976290929e-08,monthly,2018-01-01,2026-04-30,all
Groovy,groovy tutorial,2022-07-01T00:00:00Z,13,1.2466926904380437e-07,monthly,2018-01-01,2026-04-30,all
Groovy,groovy tutorial,2022-08-01T00:00:00Z,16,1.4850345301347364e-07,monthly,2018-01-01,2026-04-30,all
Groovy,groovy tutorial,2022-09-01T00:00:00Z,12,1.0264740009581853e-07,monthly,2018-01-01,2026-04-30,all
Groovy,groovy tutorial,2022-10-01T00:00:00Z,18,1.4553874022143993e-07,monthly,2018-01-01,2026-04-30,all
Groovy,groovy tutorial,2022-11-01T00:00:00Z,13,1.0302601107282976e-07,monthly,2018-01-01,2026-04-30,all
Groovy,groovy tutorial,2022-12-01T00:00:00Z,0,0.0,monthly,2018-01-01,2026-04-30,all
Groovy,groovy tutorial,2023-01-01T00:00:00Z,0,0.0,monthly,2018-01-01,2026-04-30,all
Groovy,groovy tutorial,2023-02-01T00:00:00Z,0,0.0,monthly,2018-01-01,2026-04-30,all
Groovy,groovy tutorial,2023-03-01T00:00:00Z,0,0.0,monthly,2018-01-01,2026-04-30,all
Groovy,groovy tutorial,2023-04-01T00:00:00Z,40,3.4651767343461757e-07,monthly,2018-01-01,2026-04-30,all
Groovy,groovy tutorial,2023-05-01T00:00:00Z,7,6.18817569364468e-08,monthly,2018-01-01,2026-04-30,all
Groovy,groovy tutorial,2023-06-01T00:00:00Z,0,0.0,monthly,2018-01-01,2026-04-30,all
Groovy,groovy tutorial,2023-07-01T00:00:00Z,0,0.0,monthly,2018-01-01,2026-04-30,all
Groovy,groovy tutorial,2023-08-01T00:00:00Z,0,0.0,monthly,2018-01-01,2026-04-30,all
Groovy,groovy tutorial,2023-09-01T00:00:00Z,0,0.0,monthly,2018-01-01,2026-04-30,all
Groovy,groovy tutorial,2023-10-01T00:00:00Z,0,0.0,monthly,2018-01-01,2026-04-30,all
Groovy,groovy tutorial,2023-11-01T00:00:00Z,13,1.1077149546715514e-07,monthly,2018-01-01,2026-04-30,all
Groovy,groovy tutorial,2023-12-01T00:00:00Z,19,1.5917386569450924e-07,monthly,2018-01-01,2026-04-30,all
Groovy,groovy tutorial,2024-01-01T00:00:00Z,18,1.4931362919896705e-07,monthly,2018-01-01,2026-04-30,all
Groovy,groovy tutorial,2024-02-01T00:00:00Z,9,8.015419666790155e-08,monthly,2018-01-01,2026-04-30,all
Groovy,groovy tutorial,2024-03-01T00:00:00Z,6,5.2027151195389324e-08,monthly,2018-01-01,2026-04-30,all
Groovy,groovy tutorial,2024-04-01T00:00:00Z,13,1.1983319848540379e-07,monthly,2018-01-01,2026-04-30,all
Groovy,groovy tutorial,2024-05-01T00:00:00Z,0,0.0,monthly,2018-01-01,2026-04-30,all
Groovy,groovy tutorial,2024-06-01T00:00:00Z,7,7.495888365219192e-08,monthly,2018-01-01,2026-04-30,all
Groovy,groovy tutorial,2024-07-01T00:00:00Z,7,7.520882590579388e-08,monthly,2018-01-01,2026-04-30,all
Groovy,groovy tutorial,2024-08-01T00:00:00Z,8,8.556292624537374e-08,monthly,2018-01-01,2026-04-30,all
Groovy,groovy tutorial,2024-09-01T00:00:00Z,10,1.0066445377628695e-07,monthly,2018-01-01,2026-04-30,all
Groovy,groovy tutorial,2024-10-01T00:00:00Z,8,7.126577146119742e-08,monthly,2018-01-01,2026-04-30,all
Groovy,groovy tutorial,2024-11-01T00:00:00Z,21,1.806328898298574e-07,monthly,2018-01-01,2026-04-30,all
Groovy,groovy tutorial,2024-12-01T00:00:00Z,11,9.167900310792363e-08,monthly,2018-01-01,2026-04-30,all
Groovy,groovy tutorial,2025-01-01T00:00:00Z,6,5.05618127409778e-08,monthly,2018-01-01,2026-04-30,all
Groovy,groovy tutorial,2025-02-01T00:00:00Z,0,0.0,monthly,2018-01-01,2026-04-30,all
Groovy,groovy tutorial,2025-03-01T00:00:00Z,0,0.0,monthly,2018-01-01,2026-04-30,all
Groovy,groovy tutorial,2025-04-01T00:00:00Z,12,1.0533576975858288e-07,monthly,2018-01-01,2026-04-30,all
Groovy,groovy tutorial,2025-05-01T00:00:00Z,0,0.0,monthly,2018-01-01,2026-04-30,all
Groovy,groovy tutorial,2025-06-01T00:00:00Z,17,1.6414668009102118e-07,monthly,2018-01-01,2026-04-30,all
Groovy,groovy tutorial,2025-07-01T00:00:00Z,0,0.0,monthly,2018-01-01,2026-04-30,all
Groovy,groovy tutorial,2025-08-01T00:00:00Z,0,0.0,monthly,2018-01-01,2026-04-30,all
Groovy,groovy tutorial,2025-09-01T00:00:00Z,0,0.0,monthly,2018-01-01,2026-04-30,all
Groovy,groovy tutorial,2025-10-01T00:00:00Z,0,0.0,monthly,2018-01-01,2026-04-30,all
Groovy,groovy tutorial,2025-11-01T00:00:00Z,0,0.0,monthly,2018-01-01,2026-04-30,all
Groovy,groovy tutorial,2025-12-01T00:00:00Z,0,0.0,monthly,2018-01-01,2026-04-30,all
Groovy,groovy tutorial,2026-01-01T00:00:00Z,0,0.0,monthly,2018-01-01,2026-04-30,all
Groovy,groovy tutorial,2026-02-01T00:00:00Z,0,0.0,monthly,2018-01-01,2026-04-30,all
Groovy,groovy tutorial,2026-03-01T00:00:00Z,0,0.0,monthly,2018-01-01,2026-04-30,all
Groovy,groovy tutorial,2026-04-01T00:00:00Z,0,0.0,monthly,2018-01-01,2026-04-30,all
Haskell,haskell tutorial,2018-01-01T00:00:00Z,16,2.0598337516263907e-07,monthly,2018-01-01,2026-04-30,all
Haskell,haskell tutorial,2018-02-01T00:00:00Z,19,2.4513512244874744e-07,monthly,2018-01-01,2026-04-30,all
Haskell,haskell tutorial,2018-03-01T00:00:00Z,15,1.7843194566426553e-07,monthly,2018-01-01,2026-04-30,all
Haskell,haskell tutorial,2018-04-01T00:00:00Z,16,2.1114551902711742e-07,monthly,2018-01-01,2026-04-30,all
Haskell,haskell tutorial,2018-05-01T00:00:00Z,27,3.593499949362994e-07,monthly,2018-01-01,2026-04-30,all
Haskell,haskell tutorial,2018-06-01T00:00:00Z,12,1.729510260050679e-07,monthly,2018-01-01,2026-04-30,all
Haskell,haskell tutorial,2018-07-01T00:00:00Z,14,2.0027019235565454e-07,monthly,2018-01-01,2026-04-30,all
Haskell,haskell tutorial,2018-08-01T00:00:00Z,14,1.9832033164575299e-07,monthly,2018-01-01,2026-04-30,all
Haskell,haskell tutorial,2018-09-01T00:00:00Z,6,7.571903646977886e-08,monthly,2018-01-01,2026-04-30,all
Haskell,haskell tutorial,2018-10-01T00:00:00Z,12,1.302223748265436e-07,monthly,2018-01-01,2026-04-30,all
Haskell,haskell tutorial,2018-11-01T00:00:00Z,0,0.0,monthly,2018-01-01,2026-04-30,all
Haskell,haskell tutorial,2018-12-01T00:00:00Z,23,2.6896117510636105e-07,monthly,2018-01-01,2026-04-30,all
Haskell,haskell tutorial,2019-01-01T00:00:00Z,23,2.6122310800865647e-07,monthly,2018-01-01,2026-04-30,all
Haskell,haskell tutorial,2019-02-01T00:00:00Z,20,2.3848869381797335e-07,monthly,2018-01-01,2026-04-30,all
Haskell,haskell tutorial,2019-03-01T00:00:00Z,21,2.3915488637925933e-07,monthly,2018-01-01,2026-04-30,all
Haskell,haskell tutorial,2019-04-01T00:00:00Z,53,6.412553372448503e-07,monthly,2018-01-01,2026-04-30,all
Haskell,haskell tutorial,2019-05-01T00:00:00Z,7,8.85345413995287e-08,monthly,2018-01-01,2026-04-30,all
Haskell,haskell tutorial,2019-06-01T00:00:00Z,32,4.4151853161249155e-07,monthly,2018-01-01,2026-04-30,all
Haskell,haskell tutorial,2019-07-01T00:00:00Z,23,3.1281850389519846e-07,monthly,2018-01-01,2026-04-30,all
Haskell,haskell tutorial,2019-08-01T00:00:00Z,39,5.364493310931448e-07,monthly,2018-01-01,2026-04-30,all
Haskell,haskell tutorial,2019-09-01T00:00:00Z,13,1.652491250753827e-07,monthly,2018-01-01,2026-04-30,all
Haskell,haskell tutorial,2019-10-01T00:00:00Z,28,3.1648667430309e-07,monthly,2018-01-01,2026-04-30,all
Haskell,haskell tutorial,2019-11-01T00:00:00Z,19,2.1409740209862734e-07,monthly,2018-01-01,2026-04-30,all
Haskell,haskell tutorial,2019-12-01T00:00:00Z,22,2.3717709156301342e-07,monthly,2018-01-01,2026-04-30,all
Haskell,haskell tutorial,2020-01-01T00:00:00Z,31,3.187976093783149e-07,monthly,2018-01-01,2026-04-30,all
Haskell,haskell tutorial,2020-02-01T00:00:00Z,28,3.0454182293563216e-07,monthly,2018-01-01,2026-04-30,all
Haskell,haskell tutorial,2020-03-01T00:00:00Z,26,2.6458038347872515e-07,monthly,2018-01-01,2026-04-30,all
Haskell,haskell tutorial,2020-04-01T00:00:00Z,29,2.4276079094734086e-07,monthly,2018-01-01,2026-04-30,all
Haskell,haskell tutorial,2020-05-01T00:00:00Z,8,7.45941200497859e-08,monthly,2018-01-01,2026-04-30,all
Haskell,haskell tutorial,2020-06-01T00:00:00Z,25,2.8031754587777924e-07,monthly,2018-01-01,2026-04-30,all
Haskell,haskell tutorial,2020-07-01T00:00:00Z,20,2.3746798484530803e-07,monthly,2018-01-01,2026-04-30,all
Haskell,haskell tutorial,2020-08-01T00:00:00Z,13,1.5501108533994053e-07,monthly,2018-01-01,2026-04-30,all
Haskell,haskell tutorial,2020-09-01T00:00:00Z,20,2.106460466476159e-07,monthly,2018-01-01,2026-04-30,all
Haskell,haskell tutorial,2020-10-01T00:00:00Z,13,1.2082902695195824e-07,monthly,2018-01-01,2026-04-30,all
Haskell,haskell tutorial,2020-11-01T00:00:00Z,10,8.723814585599381e-08,monthly,2018-01-01,2026-04-30,all
Haskell,haskell tutorial,2020-12-01T00:00:00Z,10,9.048326828296185e-08,monthly,2018-01-01,2026-04-30,all
Haskell,haskell tutorial,2021-01-01T00:00:00Z,15,1.4370629519842733e-07,monthly,2018-01-01,2026-04-30,all
Haskell,haskell tutorial,2021-02-01T00:00:00Z,16,1.6005951340830522e-07,monthly,2018-01-01,2026-04-30,all
Haskell,haskell tutorial,2021-03-01T00:00:00Z,14,1.286001190309658e-07,monthly,2018-01-01,2026-04-30,all
Haskell,haskell tutorial,2021-04-01T00:00:00Z,10,9.27693257170657e-08,monthly,2018-01-01,2026-04-30,all
Haskell,haskell tutorial,2021-05-01T00:00:00Z,18,1.744619058764334e-07,monthly,2018-01-01,2026-04-30,all
Haskell,haskell tutorial,2021-06-01T00:00:00Z,5,5.039769154551166e-08,monthly,2018-01-01,2026-04-30,all
Haskell,haskell tutorial,2021-07-01T00:00:00Z,14,1.4431381973771147e-07,monthly,2018-01-01,2026-04-30,all
Haskell,haskell tutorial,2021-08-01T00:00:00Z,14,1.396428092780044e-07,monthly,2018-01-01,2026-04-30,all
Haskell,haskell tutorial,2021-09-01T00:00:00Z,11,1.0268648163205245e-07,monthly,2018-01-01,2026-04-30,all
Haskell,haskell tutorial,2021-10-01T00:00:00Z,16,1.4069042410282797e-07,monthly,2018-01-01,2026-04-30,all
Haskell,haskell tutorial,2021-11-01T00:00:00Z,22,1.898343867285015e-07,monthly,2018-01-01,2026-04-30,all
Haskell,haskell tutorial,2021-12-01T00:00:00Z,25,2.1098119276903173e-07,monthly,2018-01-01,2026-04-30,all
Haskell,haskell tutorial,2022-01-01T00:00:00Z,23,1.9292305851966245e-07,monthly,2018-01-01,2026-04-30,all
Haskell,haskell tutorial,2022-02-01T00:00:00Z,14,1.1854307415058357e-07,monthly,2018-01-01,2026-04-30,all
Haskell,haskell tutorial,2022-03-01T00:00:00Z,34,2.667195275901884e-07,monthly,2018-01-01,2026-04-30,all
Haskell,haskell tutorial,2022-04-01T00:00:00Z,23,1.9242690115910131e-07,monthly,2018-01-01,2026-04-30,all
Haskell,haskell tutorial,2022-05-01T00:00:00Z,8,6.704948625039666e-08,monthly,2018-01-01,2026-04-30,all
Haskell,haskell tutorial,2022-06-01T00:00:00Z,13,1.212889986917821e-07,monthly,2018-01-01,2026-04-30,all
Haskell,haskell tutorial,2022-07-01T00:00:00Z,9,8.630949395340302e-08,monthly,2018-01-01,2026-04-30,all
Haskell,haskell tutorial,2022-08-01T00:00:00Z,20,1.8562931626684204e-07,monthly,2018-01-01,2026-04-30,all
Haskell,haskell tutorial,2022-09-01T00:00:00Z,12,1.0264740009581853e-07,monthly,2018-01-01,2026-04-30,all
Haskell,haskell tutorial,2022-10-01T00:00:00Z,9,7.276937011071996e-08,monthly,2018-01-01,2026-04-30,all
Haskell,haskell tutorial,2022-11-01T00:00:00Z,29,2.2982725547015867e-07,monthly,2018-01-01,2026-04-30,all
Haskell,haskell tutorial,2022-12-01T00:00:00Z,12,9.538952043140305e-08,monthly,2018-01-01,2026-04-30,all
Haskell,haskell tutorial,2023-01-01T00:00:00Z,35,2.8395186337189763e-07,monthly,2018-01-01,2026-04-30,all
Haskell,haskell tutorial,2023-02-01T00:00:00Z,17,1.4896953255298515e-07,monthly,2018-01-01,2026-04-30,all
Haskell,haskell tutorial,2023-03-01T00:00:00Z,15,1.2058445207940962e-07,monthly,2018-01-01,2026-04-30,all
Haskell,haskell tutorial,2023-04-01T00:00:00Z,14,1.2128118570211614e-07,monthly,2018-01-01,2026-04-30,all
Haskell,haskell tutorial,2023-05-01T00:00:00Z,0,0.0,monthly,2018-01-01,2026-04-30,all
Haskell,haskell tutorial,2023-06-01T00:00:00Z,15,1.4631112989142566e-07,monthly,2018-01-01,2026-04-30,all
Haskell,haskell tutorial,2023-07-01T00:00:00Z,12,1.1896320531813875e-07,monthly,2018-01-01,2026-04-30,all
Haskell,haskell tutorial,2023-08-01T00:00:00Z,14,1.393710640875448e-07,monthly,2018-01-01,2026-04-30,all
Haskell,haskell tutorial,2023-09-01T00:00:00Z,7,6.508866222890265e-08,monthly,2018-01-01,2026-04-30,all
Haskell,haskell tutorial,2023-10-01T00:00:00Z,9,7.545195595233422e-08,monthly,2018-01-01,2026-04-30,all
Haskell,haskell tutorial,2023-11-01T00:00:00Z,13,1.1077149546715514e-07,monthly,2018-01-01,2026-04-30,all
Haskell,haskell tutorial,2023-12-01T00:00:00Z,15,1.2566357817987572e-07,monthly,2018-01-01,2026-04-30,all
Haskell,haskell tutorial,2024-01-01T00:00:00Z,10,8.295201622164836e-08,monthly,2018-01-01,2026-04-30,all
Haskell,haskell tutorial,2024-02-01T00:00:00Z,11,9.796624037187969e-08,monthly,2018-01-01,2026-04-30,all
Haskell,haskell tutorial,2024-03-01T00:00:00Z,18,1.5608145358616796e-07,monthly,2018-01-01,2026-04-30,all
Haskell,haskell tutorial,2024-04-01T00:00:00Z,0,0.0,monthly,2018-01-01,2026-04-30,all
Haskell,haskell tutorial,2024-05-01T00:00:00Z,17,1.5960842337885863e-07,monthly,2018-01-01,2026-04-30,all
Haskell,haskell tutorial,2024-06-01T00:00:00Z,0,0.0,monthly,2018-01-01,2026-04-30,all
Haskell,haskell tutorial,2024-07-01T00:00:00Z,0,0.0,monthly,2018-01-01,2026-04-30,all
Haskell,haskell tutorial,2024-08-01T00:00:00Z,13,1.390397551487323e-07,monthly,2018-01-01,2026-04-30,all
Haskell,haskell tutorial,2024-09-01T00:00:00Z,22,2.2146179830783126e-07,monthly,2018-01-01,2026-04-30,all
Haskell,haskell tutorial,2024-10-01T00:00:00Z,10,8.908221432649676e-08,monthly,2018-01-01,2026-04-30,all
Haskell,haskell tutorial,2024-11-01T00:00:00Z,15,1.2902349273561245e-07,monthly,2018-01-01,2026-04-30,all
Haskell,haskell tutorial,2024-12-01T00:00:00Z,14,1.1668236759190279e-07,monthly,2018-01-01,2026-04-30,all
Haskell,haskell tutorial,2025-01-01T00:00:00Z,0,0.0,monthly,2018-01-01,2026-04-30,all
Haskell,haskell tutorial,2025-02-01T00:00:00Z,0,0.0,monthly,2018-01-01,2026-04-30,all
Haskell,haskell tutorial,2025-03-01T00:00:00Z,0,0.0,monthly,2018-01-01,2026-04-30,all
Haskell,haskell tutorial,2025-04-01T00:00:00Z,0,0.0,monthly,2018-01-01,2026-04-30,all
Haskell,haskell tutorial,2025-05-01T00:00:00Z,0,0.0,monthly,2018-01-01,2026-04-30,all
Haskell,haskell tutorial,2025-06-01T00:00:00Z,0,0.0,monthly,2018-01-01,2026-04-30,all
Haskell,haskell tutorial,2025-07-01T00:00:00Z,0,0.0,monthly,2018-01-01,2026-04-30,all
Haskell,haskell tutorial,2025-08-01T00:00:00Z,0,0.0,monthly,2018-01-01,2026-04-30,all
Haskell,haskell tutorial,2025-09-01T00:00:00Z,0,0.0,monthly,2018-01-01,2026-04-30,all
Haskell,haskell tutorial,2025-10-01T00:00:00Z,13,1.1027694421167561e-07,monthly,2018-01-01,2026-04-30,all
Haskell,haskell tutorial,2025-11-01T00:00:00Z,0,0.0,monthly,2018-01-01,2026-04-30,all
Haskell,haskell tutorial,2025-12-01T00:00:00Z,0,0.0,monthly,2018-01-01,2026-04-30,all
Haskell,haskell tutorial,2026-01-01T00:00:00Z,12,1.1581277128022148e-07,monthly,2018-01-01,2026-04-30,all
Haskell,haskell tutorial,2026-02-01T00:00:00Z,0,0.0,monthly,2018-01-01,2026-04-30,all
Haskell,haskell tutorial,2026-03-01T00:00:00Z,0,0.0,monthly,2018-01-01,2026-04-30,all
Haskell,haskell tutorial,2026-04-01T00:00:00Z,0,0.0,monthly,2018-01-01,2026-04-30,all
Java,java tutorial,2018-01-01T00:00:00Z,619,7.9689818266046e-06,monthly,2018-01-01,2026-04-30,all
Java,java tutorial,2018-02-01T00:00:00Z,585,7.547581401711435e-06,monthly,2018-01-01,2026-04-30,all
Java,java tutorial,2018-03-01T00:00:00Z,614,7.303814309190602e-06,monthly,2018-01-01,2026-04-30,all
Java,java tutorial,2018-04-01T00:00:00Z,552,7.284520406435551e-06,monthly,2018-01-01,2026-04-30,all
Java,java tutorial,2018-05-01T00:00:00Z,666,8.863966541762052e-06,monthly,2018-01-01,2026-04-30,all
Java,java tutorial,2018-06-01T00:00:00Z,610,8.791677155257619e-06,monthly,2018-01-01,2026-04-30,all
Java,java tutorial,2018-07-01T00:00:00Z,626,8.954938601045696e-06,monthly,2018-01-01,2026-04-30,all
Java,java tutorial,2018-08-01T00:00:00Z,740,1.0482646101275512e-05,monthly,2018-01-01,2026-04-30,all
Java,java tutorial,2018-09-01T00:00:00Z,834,1.0524946069299263e-05,monthly,2018-01-01,2026-04-30,all
Java,java tutorial,2018-10-01T00:00:00Z,1078,1.1698310005251167e-05,monthly,2018-01-01,2026-04-30,all
Java,java tutorial,2018-11-01T00:00:00Z,1341,1.5780094113695693e-05,monthly,2018-01-01,2026-04-30,all
Java,java tutorial,2018-12-01T00:00:00Z,839,9.811235909314649e-06,monthly,2018-01-01,2026-04-30,all
Java,java tutorial,2019-01-01T00:00:00Z,1110,1.2606854343026465e-05,monthly,2018-01-01,2026-04-30,all
Java,java tutorial,2019-02-01T00:00:00Z,741,8.836006105955912e-06,monthly,2018-01-01,2026-04-30,all
Java,java tutorial,2019-03-01T00:00:00Z,857,9.759797029858344e-06,monthly,2018-01-01,2026-04-30,all
Java,java tutorial,2019-04-01T00:00:00Z,895,1.0828745789323417e-05,monthly,2018-01-01,2026-04-30,all
Java,java tutorial,2019-05-01T00:00:00Z,673,8.51196376598326e-06,monthly,2018-01-01,2026-04-30,all
Java,java tutorial,2019-06-01T00:00:00Z,598,8.250877559508435e-06,monthly,2018-01-01,2026-04-30,all
Java,java tutorial,2019-07-01T00:00:00Z,665,9.044535003926391e-06,monthly,2018-01-01,2026-04-30,all
Java,java tutorial,2019-08-01T00:00:00Z,590,8.115515521665523e-06,monthly,2018-01-01,2026-04-30,all
Java,java tutorial,2019-09-01T00:00:00Z,1165,1.4808863900986217e-05,monthly,2018-01-01,2026-04-30,all
Java,java tutorial,2019-10-01T00:00:00Z,870,9.833693094417439e-06,monthly,2018-01-01,2026-04-30,all
Java,java tutorial,2019-11-01T00:00:00Z,657,7.403262798884115e-06,monthly,2018-01-01,2026-04-30,all
Java,java tutorial,2019-12-01T00:00:00Z,820,8.840237049166864e-06,monthly,2018-01-01,2026-04-30,all
Java,java tutorial,2020-01-01T00:00:00Z,778,8.000791616010613e-06,monthly,2018-01-01,2026-04-30,all
Java,java tutorial,2020-02-01T00:00:00Z,761,8.277011687643433e-06,monthly,2018-01-01,2026-04-30,all
Java,java tutorial,2020-03-01T00:00:00Z,705,7.174198859711586e-06,monthly,2018-01-01,2026-04-30,all
Java,java tutorial,2020-04-01T00:00:00Z,794,6.646623034903058e-06,monthly,2018-01-01,2026-04-30,all
Java,java tutorial,2020-05-01T00:00:00Z,811,7.5619789200470454e-06,monthly,2018-01-01,2026-04-30,all
Java,java tutorial,2020-06-01T00:00:00Z,659,7.389170509338262e-06,monthly,2018-01-01,2026-04-30,all
Java,java tutorial,2020-07-01T00:00:00Z,509,6.0435602143130896e-06,monthly,2018-01-01,2026-04-30,all
Java,java tutorial,2020-08-01T00:00:00Z,436,5.198833323708774e-06,monthly,2018-01-01,2026-04-30,all
Java,java tutorial,2020-09-01T00:00:00Z,527,5.550523329164679e-06,monthly,2018-01-01,2026-04-30,all
Java,java tutorial,2020-10-01T00:00:00Z,659,6.125102212410806e-06,monthly,2018-01-01,2026-04-30,all
Java,java tutorial,2020-11-01T00:00:00Z,589,5.138326790918036e-06,monthly,2018-01-01,2026-04-30,all
Java,java tutorial,2020-12-01T00:00:00Z,562,5.085159677502456e-06,monthly,2018-01-01,2026-04-30,all
Java,java tutorial,2021-01-01T00:00:00Z,533,5.106363689384117e-06,monthly,2018-01-01,2026-04-30,all
Java,java tutorial,2021-02-01T00:00:00Z,525,5.251952783710015e-06,monthly,2018-01-01,2026-04-30,all
Java,java tutorial,2021-03-01T00:00:00Z,647,5.943162643788205e-06,monthly,2018-01-01,2026-04-30,all
Java,java tutorial,2021-04-01T00:00:00Z,609,5.649651936169301e-06,monthly,2018-01-01,2026-04-30,all
Java,java tutorial,2021-05-01T00:00:00Z,484,4.69108680245521e-06,monthly,2018-01-01,2026-04-30,all
Java,java tutorial,2021-06-01T00:00:00Z,470,4.737383005278096e-06,monthly,2018-01-01,2026-04-30,all
Java,java tutorial,2021-07-01T00:00:00Z,467,4.813896701250804e-06,monthly,2018-01-01,2026-04-30,all
Java,java tutorial,2021-08-01T00:00:00Z,510,5.0869880522701595e-06,monthly,2018-01-01,2026-04-30,all
Java,java tutorial,2021-09-01T00:00:00Z,683,6.375896995881075e-06,monthly,2018-01-01,2026-04-30,all
Java,java tutorial,2021-10-01T00:00:00Z,662,5.821066297254506e-06,monthly,2018-01-01,2026-04-30,all
Java,java tutorial,2021-11-01T00:00:00Z,666,5.746804616417364e-06,monthly,2018-01-01,2026-04-30,all
Java,java tutorial,2021-12-01T00:00:00Z,623,5.257651323804271e-06,monthly,2018-01-01,2026-04-30,all
Java,java tutorial,2022-01-01T00:00:00Z,709,5.947062977845247e-06,monthly,2018-01-01,2026-04-30,all
Java,java tutorial,2022-02-01T00:00:00Z,758,6.418260729010167e-06,monthly,2018-01-01,2026-04-30,all
Java,java tutorial,2022-03-01T00:00:00Z,790,6.197306670477907e-06,monthly,2018-01-01,2026-04-30,all
Java,java tutorial,2022-04-01T00:00:00Z,691,5.781173421779957e-06,monthly,2018-01-01,2026-04-30,all
Java,java tutorial,2022-05-01T00:00:00Z,678,5.682443959721116e-06,monthly,2018-01-01,2026-04-30,all
Java,java tutorial,2022-06-01T00:00:00Z,661,6.167079087328305e-06,monthly,2018-01-01,2026-04-30,all
Java,java tutorial,2022-07-01T00:00:00Z,697,6.684190809502435e-06,monthly,2018-01-01,2026-04-30,all
Java,java tutorial,2022-08-01T00:00:00Z,547,5.07696179989813e-06,monthly,2018-01-01,2026-04-30,all
Java,java tutorial,2022-09-01T00:00:00Z,671,5.739700455357853e-06,monthly,2018-01-01,2026-04-30,all
Java,java tutorial,2022-10-01T00:00:00Z,761,6.153054517139766e-06,monthly,2018-01-01,2026-04-30,all
Java,java tutorial,2022-11-01T00:00:00Z,766,6.070609575522122e-06,monthly,2018-01-01,2026-04-30,all
Java,java tutorial,2022-12-01T00:00:00Z,672,5.341813144158571e-06,monthly,2018-01-01,2026-04-30,all
Java,java tutorial,2023-01-01T00:00:00Z,721,5.849408385461091e-06,monthly,2018-01-01,2026-04-30,all
Java,java tutorial,2023-02-01T00:00:00Z,737,6.458267381855886e-06,monthly,2018-01-01,2026-04-30,all
Java,java tutorial,2023-03-01T00:00:00Z,809,6.503521448816159e-06,monthly,2018-01-01,2026-04-30,all
Java,java tutorial,2023-04-01T00:00:00Z,724,6.271969889166577e-06,monthly,2018-01-01,2026-04-30,all
Java,java tutorial,2023-05-01T00:00:00Z,668,5.905287661935209e-06,monthly,2018-01-01,2026-04-30,all
Java,java tutorial,2023-06-01T00:00:00Z,581,5.6671177644612204e-06,monthly,2018-01-01,2026-04-30,all
Java,java tutorial,2023-07-01T00:00:00Z,547,5.4227394424184905e-06,monthly,2018-01-01,2026-04-30,all
Java,java tutorial,2023-08-01T00:00:00Z,625,6.221922503908252e-06,monthly,2018-01-01,2026-04-30,all
Java,java tutorial,2023-09-01T00:00:00Z,580,5.393060584680505e-06,monthly,2018-01-01,2026-04-30,all
Java,java tutorial,2023-10-01T00:00:00Z,615,5.155883656742839e-06,monthly,2018-01-01,2026-04-30,all
Java,java tutorial,2023-11-01T00:00:00Z,634,5.4022406250904885e-06,monthly,2018-01-01,2026-04-30,all
Java,java tutorial,2023-12-01T00:00:00Z,535,4.482000955082234e-06,monthly,2018-01-01,2026-04-30,all
Java,java tutorial,2024-01-01T00:00:00Z,594,4.9273497635659125e-06,monthly,2018-01-01,2026-04-30,all
Java,java tutorial,2024-02-01T00:00:00Z,549,4.889405996741995e-06,monthly,2018-01-01,2026-04-30,all
Java,java tutorial,2024-03-01T00:00:00Z,506,4.387623084144499e-06,monthly,2018-01-01,2026-04-30,all
Java,java tutorial,2024-04-01T00:00:00Z,470,4.332431022164599e-06,monthly,2018-01-01,2026-04-30,all
Java,java tutorial,2024-05-01T00:00:00Z,423,3.971433122897482e-06,monthly,2018-01-01,2026-04-30,all
Java,java tutorial,2024-06-01T00:00:00Z,375,4.015654481367423e-06,monthly,2018-01-01,2026-04-30,all
Java,java tutorial,2024-07-01T00:00:00Z,502,5.393547229244075e-06,monthly,2018-01-01,2026-04-30,all
Java,java tutorial,2024-08-01T00:00:00Z,517,5.529504108607278e-06,monthly,2018-01-01,2026-04-30,all
Java,java tutorial,2024-09-01T00:00:00Z,643,6.472724377815251e-06,monthly,2018-01-01,2026-04-30,all
Java,java tutorial,2024-10-01T00:00:00Z,541,4.8193477950634745e-06,monthly,2018-01-01,2026-04-30,all
Java,java tutorial,2024-11-01T00:00:00Z,564,4.851283326859028e-06,monthly,2018-01-01,2026-04-30,all
Java,java tutorial,2024-12-01T00:00:00Z,456,3.800511401564834e-06,monthly,2018-01-01,2026-04-30,all
Java,java tutorial,2025-01-01T00:00:00Z,480,4.044945019278224e-06,monthly,2018-01-01,2026-04-30,all
Java,java tutorial,2025-02-01T00:00:00Z,508,4.45220629586494e-06,monthly,2018-01-01,2026-04-30,all
Java,java tutorial,2025-03-01T00:00:00Z,423,3.5298141322979156e-06,monthly,2018-01-01,2026-04-30,all
Java,java tutorial,2025-04-01T00:00:00Z,348,3.0547373229989032e-06,monthly,2018-01-01,2026-04-30,all
Java,java tutorial,2025-05-01T00:00:00Z,349,3.2701919716863e-06,monthly,2018-01-01,2026-04-30,all
Java,java tutorial,2025-06-01T00:00:00Z,306,2.954640241638381e-06,monthly,2018-01-01,2026-04-30,all
Java,java tutorial,2025-07-01T00:00:00Z,356,3.3641289550244918e-06,monthly,2018-01-01,2026-04-30,all
Java,java tutorial,2025-08-01T00:00:00Z,286,2.7499092196795426e-06,monthly,2018-01-01,2026-04-30,all
Java,java tutorial,2025-09-01T00:00:00Z,325,2.970170052467511e-06,monthly,2018-01-01,2026-04-30,all
Java,java tutorial,2025-10-01T00:00:00Z,250,2.1207104656091463e-06,monthly,2018-01-01,2026-04-30,all
Java,java tutorial,2025-11-01T00:00:00Z,239,2.0640108961605112e-06,monthly,2018-01-01,2026-04-30,all
Java,java tutorial,2025-12-01T00:00:00Z,249,2.188001190972457e-06,monthly,2018-01-01,2026-04-30,all
Java,java tutorial,2026-01-01T00:00:00Z,235,2.268000104237671e-06,monthly,2018-01-01,2026-04-30,all
Java,java tutorial,2026-02-01T00:00:00Z,188,1.9945964404806227e-06,monthly,2018-01-01,2026-04-30,all
Java,java tutorial,2026-03-01T00:00:00Z,228,2.077875225220759e-06,monthly,2018-01-01,2026-04-30,all
Java,java tutorial,2026-04-01T00:00:00Z,225,1.9959159596020983e-06,monthly,2018-01-01,2026-04-30,all
JavaScript,javascript tutorial,2018-01-01T00:00:00Z,108,1.390387782347814e-06,monthly,2018-01-01,2026-04-30,all
JavaScript,javascript tutorial,2018-02-01T00:00:00Z,108,1.3933996433928803e-06,monthly,2018-01-01,2026-04-30,all
JavaScript,javascript tutorial,2018-03-01T00:00:00Z,104,1.2371281566055742e-06,monthly,2018-01-01,2026-04-30,all
JavaScript,javascript tutorial,2018-04-01T00:00:00Z,100,1.3196594939194839e-06,monthly,2018-01-01,2026-04-30,all
JavaScript,javascript tutorial,2018-05-01T00:00:00Z,155,2.062935156115793e-06,monthly,2018-01-01,2026-04-30,all
JavaScript,javascript tutorial,2018-06-01T00:00:00Z,89,1.2827201095375868e-06,monthly,2018-01-01,2026-04-30,all
JavaScript,javascript tutorial,2018-07-01T00:00:00Z,90,1.287451236572065e-06,monthly,2018-01-01,2026-04-30,all
JavaScript,javascript tutorial,2018-08-01T00:00:00Z,141,1.9973690544322264e-06,monthly,2018-01-01,2026-04-30,all
JavaScript,javascript tutorial,2018-09-01T00:00:00Z,155,1.9560751088026206e-06,monthly,2018-01-01,2026-04-30,all
JavaScript,javascript tutorial,2018-10-01T00:00:00Z,225,2.4416695279976925e-06,monthly,2018-01-01,2026-04-30,all
JavaScript,javascript tutorial,2018-11-01T00:00:00Z,195,2.294644557919955e-06,monthly,2018-01-01,2026-04-30,all
JavaScript,javascript tutorial,2018-12-01T00:00:00Z,295,3.4497194198424564e-06,monthly,2018-01-01,2026-04-30,all
JavaScript,javascript tutorial,2019-01-01T00:00:00Z,262,2.9756719260116524e-06,monthly,2018-01-01,2026-04-30,all
JavaScript,javascript tutorial,2019-02-01T00:00:00Z,112,1.3355366853806506e-06,monthly,2018-01-01,2026-04-30,all
JavaScript,javascript tutorial,2019-03-01T00:00:00Z,157,1.787967483883034e-06,monthly,2018-01-01,2026-04-30,all
JavaScript,javascript tutorial,2019-04-01T00:00:00Z,184,2.226244944397216e-06,monthly,2018-01-01,2026-04-30,all
JavaScript,javascript tutorial,2019-05-01T00:00:00Z,123,1.5556783703060043e-06,monthly,2018-01-01,2026-04-30,all
JavaScript,javascript tutorial,2019-06-01T00:00:00Z,131,1.8074664887886373e-06,monthly,2018-01-01,2026-04-30,all
JavaScript,javascript tutorial,2019-07-01T00:00:00Z,183,2.488947226644405e-06,monthly,2018-01-01,2026-04-30,all
JavaScript,javascript tutorial,2019-08-01T00:00:00Z,105,1.4442866606353899e-06,monthly,2018-01-01,2026-04-30,all
JavaScript,javascript tutorial,2019-09-01T00:00:00Z,134,1.7033371353924062e-06,monthly,2018-01-01,2026-04-30,all
JavaScript,javascript tutorial,2019-10-01T00:00:00Z,151,1.706767422134521e-06,monthly,2018-01-01,2026-04-30,all
JavaScript,javascript tutorial,2019-11-01T00:00:00Z,165,1.859266912961764e-06,monthly,2018-01-01,2026-04-30,all
JavaScript,javascript tutorial,2019-12-01T00:00:00Z,202,2.1777169316240325e-06,monthly,2018-01-01,2026-04-30,all
JavaScript,javascript tutorial,2020-01-01T00:00:00Z,135,1.388312169873307e-06,monthly,2018-01-01,2026-04-30,all
JavaScript,javascript tutorial,2020-02-01T00:00:00Z,151,1.6423505451171593e-06,monthly,2018-01-01,2026-04-30,all
JavaScript,javascript tutorial,2020-03-01T00:00:00Z,180,1.8317103471604047e-06,monthly,2018-01-01,2026-04-30,all
JavaScript,javascript tutorial,2020-04-01T00:00:00Z,149,1.2472882017639237e-06,monthly,2018-01-01,2026-04-30,all
JavaScript,javascript tutorial,2020-05-01T00:00:00Z,168,1.5664765210455037e-06,monthly,2018-01-01,2026-04-30,all
JavaScript,javascript tutorial,2020-06-01T00:00:00Z,109,1.2221845000271176e-06,monthly,2018-01-01,2026-04-30,all
JavaScript,javascript tutorial,2020-07-01T00:00:00Z,87,1.03298573407709e-06,monthly,2018-01-01,2026-04-30,all
JavaScript,javascript tutorial,2020-08-01T00:00:00Z,91,1.0850775973795838e-06,monthly,2018-01-01,2026-04-30,all
JavaScript,javascript tutorial,2020-09-01T00:00:00Z,104,1.0953594425676027e-06,monthly,2018-01-01,2026-04-30,all
JavaScript,javascript tutorial,2020-10-01T00:00:00Z,130,1.2082902695195824e-06,monthly,2018-01-01,2026-04-30,all
JavaScript,javascript tutorial,2020-11-01T00:00:00Z,121,1.055581564857525e-06,monthly,2018-01-01,2026-04-30,all
JavaScript,javascript tutorial,2020-12-01T00:00:00Z,81,7.32914473091991e-07,monthly,2018-01-01,2026-04-30,all
JavaScript,javascript tutorial,2021-01-01T00:00:00Z,106,1.0155244860688864e-06,monthly,2018-01-01,2026-04-30,all
JavaScript,javascript tutorial,2021-02-01T00:00:00Z,97,9.703608000378505e-07,monthly,2018-01-01,2026-04-30,all
JavaScript,javascript tutorial,2021-03-01T00:00:00Z,128,1.1757725168545445e-06,monthly,2018-01-01,2026-04-30,all
JavaScript,javascript tutorial,2021-04-01T00:00:00Z,106,9.833548526008965e-07,monthly,2018-01-01,2026-04-30,all
JavaScript,javascript tutorial,2021-05-01T00:00:00Z,106,1.0273867790501078e-06,monthly,2018-01-01,2026-04-30,all
JavaScript,javascript tutorial,2021-06-01T00:00:00Z,112,1.1289082906194611e-06,monthly,2018-01-01,2026-04-30,all
JavaScript,javascript tutorial,2021-07-01T00:00:00Z,301,3.1027471243607964e-06,monthly,2018-01-01,2026-04-30,all
JavaScript,javascript tutorial,2021-08-01T00:00:00Z,371,3.7005344458671164e-06,monthly,2018-01-01,2026-04-30,all
JavaScript,javascript tutorial,2021-09-01T00:00:00Z,206,1.9230377469275277e-06,monthly,2018-01-01,2026-04-30,all
JavaScript,javascript tutorial,2021-10-01T00:00:00Z,132,1.1606959988483307e-06,monthly,2018-01-01,2026-04-30,all
JavaScript,javascript tutorial,2021-11-01T00:00:00Z,180,1.5531904368695577e-06,monthly,2018-01-01,2026-04-30,all
JavaScript,javascript tutorial,2021-12-01T00:00:00Z,145,1.223690918060384e-06,monthly,2018-01-01,2026-04-30,all
JavaScript,javascript tutorial,2022-01-01T00:00:00Z,124,1.0401069241929627e-06,monthly,2018-01-01,2026-04-30,all
JavaScript,javascript tutorial,2022-02-01T00:00:00Z,134,1.1346265668698712e-06,monthly,2018-01-01,2026-04-30,all
JavaScript,javascript tutorial,2022-03-01T00:00:00Z,126,9.884311904812864e-07,monthly,2018-01-01,2026-04-30,all
JavaScript,javascript tutorial,2022-04-01T00:00:00Z,159,1.3302555340998743e-06,monthly,2018-01-01,2026-04-30,all
JavaScript,javascript tutorial,2022-05-01T00:00:00Z,128,1.0727917800063466e-06,monthly,2018-01-01,2026-04-30,all
JavaScript,javascript tutorial,2022-06-01T00:00:00Z,144,1.3435089085858938e-06,monthly,2018-01-01,2026-04-30,all
JavaScript,javascript tutorial,2022-07-01T00:00:00Z,105,1.0069440961230353e-06,monthly,2018-01-01,2026-04-30,all
JavaScript,javascript tutorial,2022-08-01T00:00:00Z,135,1.2529978848011838e-06,monthly,2018-01-01,2026-04-30,all
JavaScript,javascript tutorial,2022-09-01T00:00:00Z,123,1.0521358509821399e-06,monthly,2018-01-01,2026-04-30,all
JavaScript,javascript tutorial,2022-10-01T00:00:00Z,182,1.4715583733501148e-06,monthly,2018-01-01,2026-04-30,all
JavaScript,javascript tutorial,2022-11-01T00:00:00Z,134,1.0619604218276298e-06,monthly,2018-01-01,2026-04-30,all
JavaScript,javascript tutorial,2022-12-01T00:00:00Z,138,1.096979484961135e-06,monthly,2018-01-01,2026-04-30,all
JavaScript,javascript tutorial,2023-01-01T00:00:00Z,137,1.1114687223414279e-06,monthly,2018-01-01,2026-04-30,all
JavaScript,javascript tutorial,2023-02-01T00:00:00Z,149,1.3056741382585168e-06,monthly,2018-01-01,2026-04-30,all
JavaScript,javascript tutorial,2023-03-01T00:00:00Z,160,1.2862341555137026e-06,monthly,2018-01-01,2026-04-30,all
JavaScript,javascript tutorial,2023-04-01T00:00:00Z,153,1.3254301008874122e-06,monthly,2018-01-01,2026-04-30,all
JavaScript,javascript tutorial,2023-05-01T00:00:00Z,109,9.63587358010386e-07,monthly,2018-01-01,2026-04-30,all
JavaScript,javascript tutorial,2023-06-01T00:00:00Z,137,1.3363083196750211e-06,monthly,2018-01-01,2026-04-30,all
JavaScript,javascript tutorial,2023-07-01T00:00:00Z,124,1.2292864549541005e-06,monthly,2018-01-01,2026-04-30,all
JavaScript,javascript tutorial,2023-08-01T00:00:00Z,111,1.1050134366941054e-06,monthly,2018-01-01,2026-04-30,all
JavaScript,javascript tutorial,2023-09-01T00:00:00Z,106,9.856283137519542e-07,monthly,2018-01-01,2026-04-30,all
JavaScript,javascript tutorial,2023-10-01T00:00:00Z,142,1.1904641939146066e-06,monthly,2018-01-01,2026-04-30,all
JavaScript,javascript tutorial,2023-11-01T00:00:00Z,144,1.2270073344054107e-06,monthly,2018-01-01,2026-04-30,all
JavaScript,javascript tutorial,2023-12-01T00:00:00Z,95,7.958693284725461e-07,monthly,2018-01-01,2026-04-30,all
JavaScript,javascript tutorial,2024-01-01T00:00:00Z,93,7.714537508613298e-07,monthly,2018-01-01,2026-04-30,all
JavaScript,javascript tutorial,2024-02-01T00:00:00Z,147,1.309185212242392e-06,monthly,2018-01-01,2026-04-30,all
JavaScript,javascript tutorial,2024-03-01T00:00:00Z,120,1.0405430239077865e-06,monthly,2018-01-01,2026-04-30,all
JavaScript,javascript tutorial,2024-04-01T00:00:00Z,107,9.863194029183235e-07,monthly,2018-01-01,2026-04-30,all
JavaScript,javascript tutorial,2024-05-01T00:00:00Z,112,1.0515378481430686e-06,monthly,2018-01-01,2026-04-30,all
JavaScript,javascript tutorial,2024-06-01T00:00:00Z,109,1.1672169025841312e-06,monthly,2018-01-01,2026-04-30,all
JavaScript,javascript tutorial,2024-07-01T00:00:00Z,99,1.0636676806676565e-06,monthly,2018-01-01,2026-04-30,all
JavaScript,javascript tutorial,2024-08-01T00:00:00Z,96,1.0267551149444848e-06,monthly,2018-01-01,2026-04-30,all
JavaScript,javascript tutorial,2024-09-01T00:00:00Z,105,1.056976764651013e-06,monthly,2018-01-01,2026-04-30,all
JavaScript,javascript tutorial,2024-10-01T00:00:00Z,142,1.264967443436254e-06,monthly,2018-01-01,2026-04-30,all
JavaScript,javascript tutorial,2024-11-01T00:00:00Z,107,9.203675815140353e-07,monthly,2018-01-01,2026-04-30,all
JavaScript,javascript tutorial,2024-12-01T00:00:00Z,138,1.1501547662630417e-06,monthly,2018-01-01,2026-04-30,all
JavaScript,javascript tutorial,2025-01-01T00:00:00Z,130,1.0955059427211858e-06,monthly,2018-01-01,2026-04-30,all
JavaScript,javascript tutorial,2025-02-01T00:00:00Z,110,9.640604183959517e-07,monthly,2018-01-01,2026-04-30,all
JavaScript,javascript tutorial,2025-03-01T00:00:00Z,114,9.512974257256794e-07,monthly,2018-01-01,2026-04-30,all
JavaScript,javascript tutorial,2025-04-01T00:00:00Z,67,5.88124714485421e-07,monthly,2018-01-01,2026-04-30,all
JavaScript,javascript tutorial,2025-05-01T00:00:00Z,84,7.870949158213443e-07,monthly,2018-01-01,2026-04-30,all
JavaScript,javascript tutorial,2025-06-01T00:00:00Z,103,9.945357676103048e-07,monthly,2018-01-01,2026-04-30,all
JavaScript,javascript tutorial,2025-07-01T00:00:00Z,59,5.575382256922613e-07,monthly,2018-01-01,2026-04-30,all
JavaScript,javascript tutorial,2025-08-01T00:00:00Z,45,4.3267802407545254e-07,monthly,2018-01-01,2026-04-30,all
JavaScript,javascript tutorial,2025-09-01T00:00:00Z,54,4.935051779484479e-07,monthly,2018-01-01,2026-04-30,all
JavaScript,javascript tutorial,2025-10-01T00:00:00Z,55,4.665563024340122e-07,monthly,2018-01-01,2026-04-30,all
JavaScript,javascript tutorial,2025-11-01T00:00:00Z,52,4.490735004198602e-07,monthly,2018-01-01,2026-04-30,all
JavaScript,javascript tutorial,2025-12-01T00:00:00Z,53,4.657191290021695e-07,monthly,2018-01-01,2026-04-30,all
JavaScript,javascript tutorial,2026-01-01T00:00:00Z,34,3.281361852939609e-07,monthly,2018-01-01,2026-04-30,all
JavaScript,javascript tutorial,2026-02-01T00:00:00Z,56,5.941351099303983e-07,monthly,2018-01-01,2026-04-30,all
JavaScript,javascript tutorial,2026-03-01T00:00:00Z,63,5.741497332846834e-07,monthly,2018-01-01,2026-04-30,all
JavaScript,javascript tutorial,2026-04-01T00:00:00Z,37,3.2821729113456725e-07,monthly,2018-01-01,2026-04-30,all
Julia,julia tutorial,2018-01-01T00:00:00Z,0,0.0,monthly,2018-01-01,2026-04-30,all
Julia,julia tutorial,2018-02-01T00:00:00Z,11,1.4192033404927483e-07,monthly,2018-01-01,2026-04-30,all
Julia,julia tutorial,2018-03-01T00:00:00Z,5,5.9477315221421845e-08,monthly,2018-01-01,2026-04-30,all
Julia,julia tutorial,2018-04-01T00:00:00Z,0,0.0,monthly,2018-01-01,2026-04-30,all
Julia,julia tutorial,2018-05-01T00:00:00Z,0,0.0,monthly,2018-01-01,2026-04-30,all
Julia,julia tutorial,2018-06-01T00:00:00Z,0,0.0,monthly,2018-01-01,2026-04-30,all
Julia,julia tutorial,2018-07-01T00:00:00Z,0,0.0,monthly,2018-01-01,2026-04-30,all
Julia,julia tutorial,2018-08-01T00:00:00Z,0,0.0,monthly,2018-01-01,2026-04-30,all
Julia,julia tutorial,2018-09-01T00:00:00Z,0,0.0,monthly,2018-01-01,2026-04-30,all
Julia,julia tutorial,2018-10-01T00:00:00Z,0,0.0,monthly,2018-01-01,2026-04-30,all
Julia,julia tutorial,2018-11-01T00:00:00Z,0,0.0,monthly,2018-01-01,2026-04-30,all
Julia,julia tutorial,2018-12-01T00:00:00Z,0,0.0,monthly,2018-01-01,2026-04-30,all
Julia,julia tutorial,2019-01-01T00:00:00Z,0,0.0,monthly,2018-01-01,2026-04-30,all
Julia,julia tutorial,2019-02-01T00:00:00Z,20,2.3848869381797335e-07,monthly,2018-01-01,2026-04-30,all
Julia,julia tutorial,2019-03-01T00:00:00Z,16,1.8221324676514994e-07,monthly,2018-01-01,2026-04-30,all
Julia,julia tutorial,2019-04-01T00:00:00Z,8,9.679325845205288e-08,monthly,2018-01-01,2026-04-30,all
Julia,julia tutorial,2019-05-01T00:00:00Z,0,0.0,monthly,2018-01-01,2026-04-30,all
Julia,julia tutorial,2019-06-01T00:00:00Z,0,0.0,monthly,2018-01-01,2026-04-30,all
Julia,julia tutorial,2019-07-01T00:00:00Z,0,0.0,monthly,2018-01-01,2026-04-30,all
Julia,julia tutorial,2019-08-01T00:00:00Z,0,0.0,monthly,2018-01-01,2026-04-30,all
Julia,julia tutorial,2019-09-01T00:00:00Z,11,1.3982618275609305e-07,monthly,2018-01-01,2026-04-30,all
Julia,julia tutorial,2019-10-01T00:00:00Z,12,1.3563714612989572e-07,monthly,2018-01-01,2026-04-30,all
Julia,julia tutorial,2019-11-01T00:00:00Z,12,1.3521941185176466e-07,monthly,2018-01-01,2026-04-30,all
Julia,julia tutorial,2019-12-01T00:00:00Z,24,2.587386453414692e-07,monthly,2018-01-01,2026-04-30,all
Julia,julia tutorial,2020-01-01T00:00:00Z,24,2.468110524219212e-07,monthly,2018-01-01,2026-04-30,all
Julia,julia tutorial,2020-02-01T00:00:00Z,18,1.9577688617290643e-07,monthly,2018-01-01,2026-04-30,all
Julia,julia tutorial,2020-03-01T00:00:00Z,5,5.0880842976677904e-08,monthly,2018-01-01,2026-04-30,all
Julia,julia tutorial,2020-04-01T00:00:00Z,0,0.0,monthly,2018-01-01,2026-04-30,all
Julia,julia tutorial,2020-05-01T00:00:00Z,0,0.0,monthly,2018-01-01,2026-04-30,all
Julia,julia tutorial,2020-06-01T00:00:00Z,0,0.0,monthly,2018-01-01,2026-04-30,all
Julia,julia tutorial,2020-07-01T00:00:00Z,0,0.0,monthly,2018-01-01,2026-04-30,all
Julia,julia tutorial,2020-08-01T00:00:00Z,0,0.0,monthly,2018-01-01,2026-04-30,all
Julia,julia tutorial,2020-09-01T00:00:00Z,0,0.0,monthly,2018-01-01,2026-04-30,all
Julia,julia tutorial,2020-10-01T00:00:00Z,0,0.0,monthly,2018-01-01,2026-04-30,all
Julia,julia tutorial,2020-11-01T00:00:00Z,0,0.0,monthly,2018-01-01,2026-04-30,all
Julia,julia tutorial,2020-12-01T00:00:00Z,13,1.1762824876785041e-07,monthly,2018-01-01,2026-04-30,all
Julia,julia tutorial,2021-01-01T00:00:00Z,15,1.4370629519842733e-07,monthly,2018-01-01,2026-04-30,all
Julia,julia tutorial,2021-02-01T00:00:00Z,17,1.7006323299632433e-07,monthly,2018-01-01,2026-04-30,all
Julia,julia tutorial,2021-03-01T00:00:00Z,18,1.6534301018267031e-07,monthly,2018-01-01,2026-04-30,all
Julia,julia tutorial,2021-04-01T00:00:00Z,23,2.1336944914925112e-07,monthly,2018-01-01,2026-04-30,all
Julia,julia tutorial,2021-05-01T00:00:00Z,16,1.550772496679408e-07,monthly,2018-01-01,2026-04-30,all
Julia,julia tutorial,2021-06-01T00:00:00Z,9,9.071584478192099e-08,monthly,2018-01-01,2026-04-30,all
Julia,julia tutorial,2021-07-01T00:00:00Z,14,1.4431381973771147e-07,monthly,2018-01-01,2026-04-30,all
Julia,julia tutorial,2021-08-01T00:00:00Z,19,1.8951524116300592e-07,monthly,2018-01-01,2026-04-30,all
Julia,julia tutorial,2021-09-01T00:00:00Z,9,8.401621224440656e-08,monthly,2018-01-01,2026-04-30,all
Julia,julia tutorial,2021-10-01T00:00:00Z,19,1.670698786221082e-07,monthly,2018-01-01,2026-04-30,all
Julia,julia tutorial,2021-11-01T00:00:00Z,61,5.263589813835724e-07,monthly,2018-01-01,2026-04-30,all
Julia,julia tutorial,2021-12-01T00:00:00Z,15,1.2658871566141904e-07,monthly,2018-01-01,2026-04-30,all
Julia,julia tutorial,2022-01-01T00:00:00Z,13,1.0904346785893964e-07,monthly,2018-01-01,2026-04-30,all
Julia,julia tutorial,2022-02-01T00:00:00Z,0,0.0,monthly,2018-01-01,2026-04-30,all
Julia,julia tutorial,2022-03-01T00:00:00Z,0,0.0,monthly,2018-01-01,2026-04-30,all
Julia,julia tutorial,2022-04-01T00:00:00Z,0,0.0,monthly,2018-01-01,2026-04-30,all
Julia,julia tutorial,2022-05-01T00:00:00Z,0,0.0,monthly,2018-01-01,2026-04-30,all
Julia,julia tutorial,2022-06-01T00:00:00Z,14,1.3061892166807303e-07,monthly,2018-01-01,2026-04-30,all
Julia,julia tutorial,2022-07-01T00:00:00Z,6,5.753966263560202e-08,monthly,2018-01-01,2026-04-30,all
Julia,julia tutorial,2022-08-01T00:00:00Z,11,1.0209612394676312e-07,monthly,2018-01-01,2026-04-30,all
Julia,julia tutorial,2022-09-01T00:00:00Z,19,1.6252505015171266e-07,monthly,2018-01-01,2026-04-30,all
Julia,julia tutorial,2022-10-01T00:00:00Z,19,1.536242257892977e-07,monthly,2018-01-01,2026-04-30,all
Julia,julia tutorial,2022-11-01T00:00:00Z,15,1.1887616662249586e-07,monthly,2018-01-01,2026-04-30,all
Julia,julia tutorial,2022-12-01T00:00:00Z,13,1.0333864713401996e-07,monthly,2018-01-01,2026-04-30,all
Julia,julia tutorial,2023-01-01T00:00:00Z,20,1.6225820764108436e-07,monthly,2018-01-01,2026-04-30,all
Julia,julia tutorial,2023-02-01T00:00:00Z,5,4.381456839793681e-08,monthly,2018-01-01,2026-04-30,all
Julia,julia tutorial,2023-03-01T00:00:00Z,15,1.2058445207940962e-07,monthly,2018-01-01,2026-04-30,all
Julia,julia tutorial,2023-04-01T00:00:00Z,7,6.064059285105807e-08,monthly,2018-01-01,2026-04-30,all
Julia,julia tutorial,2023-05-01T00:00:00Z,21,1.8564527080934042e-07,monthly,2018-01-01,2026-04-30,all
Julia,julia tutorial,2023-06-01T00:00:00Z,0,0.0,monthly,2018-01-01,2026-04-30,all
Julia,julia tutorial,2023-07-01T00:00:00Z,0,0.0,monthly,2018-01-01,2026-04-30,all
Julia,julia tutorial,2023-08-01T00:00:00Z,0,0.0,monthly,2018-01-01,2026-04-30,all
Julia,julia tutorial,2023-09-01T00:00:00Z,29,2.6965302923402526e-07,monthly,2018-01-01,2026-04-30,all
Julia,julia tutorial,2023-10-01T00:00:00Z,10,8.383550661370469e-08,monthly,2018-01-01,2026-04-30,all
Julia,julia tutorial,2023-11-01T00:00:00Z,11,9.372972693374665e-08,monthly,2018-01-01,2026-04-30,all
Julia,julia tutorial,2023-12-01T00:00:00Z,9,7.539814690792543e-08,monthly,2018-01-01,2026-04-30,all
Julia,julia tutorial,2024-01-01T00:00:00Z,0,0.0,monthly,2018-01-01,2026-04-30,all
Julia,julia tutorial,2024-02-01T00:00:00Z,0,0.0,monthly,2018-01-01,2026-04-30,all
Julia,julia tutorial,2024-03-01T00:00:00Z,0,0.0,monthly,2018-01-01,2026-04-30,all
Julia,julia tutorial,2024-04-01T00:00:00Z,14,1.2905113683043486e-07,monthly,2018-01-01,2026-04-30,all
Julia,julia tutorial,2024-05-01T00:00:00Z,8,7.510984629593347e-08,monthly,2018-01-01,2026-04-30,all
Julia,julia tutorial,2024-06-01T00:00:00Z,7,7.495888365219192e-08,monthly,2018-01-01,2026-04-30,all
Julia,julia tutorial,2024-07-01T00:00:00Z,0,0.0,monthly,2018-01-01,2026-04-30,all
Julia,julia tutorial,2024-08-01T00:00:00Z,0,0.0,monthly,2018-01-01,2026-04-30,all
Julia,julia tutorial,2024-09-01T00:00:00Z,15,1.5099668066443042e-07,monthly,2018-01-01,2026-04-30,all
Julia,julia tutorial,2024-10-01T00:00:00Z,7,6.235755002854774e-08,monthly,2018-01-01,2026-04-30,all
Julia,julia tutorial,2024-11-01T00:00:00Z,0,0.0,monthly,2018-01-01,2026-04-30,all
Julia,julia tutorial,2024-12-01T00:00:00Z,0,0.0,monthly,2018-01-01,2026-04-30,all
Julia,julia tutorial,2025-01-01T00:00:00Z,17,1.4325846943277045e-07,monthly,2018-01-01,2026-04-30,all
Julia,julia tutorial,2025-02-01T00:00:00Z,20,1.752837124356276e-07,monthly,2018-01-01,2026-04-30,all
Julia,julia tutorial,2025-03-01T00:00:00Z,18,1.5020485669352834e-07,monthly,2018-01-01,2026-04-30,all
Julia,julia tutorial,2025-04-01T00:00:00Z,5,4.38899040660762e-08,monthly,2018-01-01,2026-04-30,all
Julia,julia tutorial,2025-05-01T00:00:00Z,0,0.0,monthly,2018-01-01,2026-04-30,all
Julia,julia tutorial,2025-06-01T00:00:00Z,13,1.255239318343103e-07,monthly,2018-01-01,2026-04-30,all
Julia,julia tutorial,2025-07-01T00:00:00Z,0,0.0,monthly,2018-01-01,2026-04-30,all
Julia,julia tutorial,2025-08-01T00:00:00Z,7,6.730547041173707e-08,monthly,2018-01-01,2026-04-30,all
Julia,julia tutorial,2025-09-01T00:00:00Z,0,0.0,monthly,2018-01-01,2026-04-30,all
Julia,julia tutorial,2025-10-01T00:00:00Z,0,0.0,monthly,2018-01-01,2026-04-30,all
Julia,julia tutorial,2025-11-01T00:00:00Z,13,1.1226837510496504e-07,monthly,2018-01-01,2026-04-30,all
Julia,julia tutorial,2025-12-01T00:00:00Z,7,6.151007364179598e-08,monthly,2018-01-01,2026-04-30,all
Julia,julia tutorial,2026-01-01T00:00:00Z,0,0.0,monthly,2018-01-01,2026-04-30,all
Julia,julia tutorial,2026-02-01T00:00:00Z,0,0.0,monthly,2018-01-01,2026-04-30,all
Julia,julia tutorial,2026-03-01T00:00:00Z,0,0.0,monthly,2018-01-01,2026-04-30,all
Julia,julia tutorial,2026-04-01T00:00:00Z,0,0.0,monthly,2018-01-01,2026-04-30,all
Kotlin,kotlin tutorial,2018-01-01T00:00:00Z,17,2.1885733611030406e-07,monthly,2018-01-01,2026-04-30,all
Kotlin,kotlin tutorial,2018-02-01T00:00:00Z,52,6.70896124596572e-07,monthly,2018-01-01,2026-04-30,all
Kotlin,kotlin tutorial,2018-03-01T00:00:00Z,14,1.6653648261998116e-07,monthly,2018-01-01,2026-04-30,all
Kotlin,kotlin tutorial,2018-04-01T00:00:00Z,26,3.4311146841906583e-07,monthly,2018-01-01,2026-04-30,all
Kotlin,kotlin tutorial,2018-05-01T00:00:00Z,24,3.19422217721155e-07,monthly,2018-01-01,2026-04-30,all
Kotlin,kotlin tutorial,2018-06-01T00:00:00Z,31,4.46790150513092e-07,monthly,2018-01-01,2026-04-30,all
Kotlin,kotlin tutorial,2018-07-01T00:00:00Z,37,5.292855083685156e-07,monthly,2018-01-01,2026-04-30,all
Kotlin,kotlin tutorial,2018-08-01T00:00:00Z,25,3.54143449367416e-07,monthly,2018-01-01,2026-04-30,all
Kotlin,kotlin tutorial,2018-09-01T00:00:00Z,41,5.174134158768222e-07,monthly,2018-01-01,2026-04-30,all
Kotlin,kotlin tutorial,2018-10-01T00:00:00Z,48,5.208894993061744e-07,monthly,2018-01-01,2026-04-30,all
Kotlin,kotlin tutorial,2018-11-01T00:00:00Z,99,1.1649733909439772e-06,monthly,2018-01-01,2026-04-30,all
Kotlin,kotlin tutorial,2018-12-01T00:00:00Z,68,7.951895611840239e-07,monthly,2018-01-01,2026-04-30,all
Kotlin,kotlin tutorial,2019-01-01T00:00:00Z,74,8.404569562017643e-07,monthly,2018-01-01,2026-04-30,all
Kotlin,kotlin tutorial,2019-02-01T00:00:00Z,56,6.677683426903253e-07,monthly,2018-01-01,2026-04-30,all
Kotlin,kotlin tutorial,2019-03-01T00:00:00Z,73,8.313479383659967e-07,monthly,2018-01-01,2026-04-30,all
Kotlin,kotlin tutorial,2019-04-01T00:00:00Z,65,7.864452249229296e-07,monthly,2018-01-01,2026-04-30,all
Kotlin,kotlin tutorial,2019-05-01T00:00:00Z,79,9.99175538651824e-07,monthly,2018-01-01,2026-04-30,all
Kotlin,kotlin tutorial,2019-06-01T00:00:00Z,63,8.692396091120927e-07,monthly,2018-01-01,2026-04-30,all
Kotlin,kotlin tutorial,2019-07-01T00:00:00Z,95,1.2920764291323415e-06,monthly,2018-01-01,2026-04-30,all
Kotlin,kotlin tutorial,2019-08-01T00:00:00Z,67,9.215924405959153e-07,monthly,2018-01-01,2026-04-30,all
Kotlin,kotlin tutorial,2019-09-01T00:00:00Z,118,1.4999535968380892e-06,monthly,2018-01-01,2026-04-30,all
Kotlin,kotlin tutorial,2019-10-01T00:00:00Z,124,1.4015838433422557e-06,monthly,2018-01-01,2026-04-30,all
Kotlin,kotlin tutorial,2019-11-01T00:00:00Z,70,7.88779902468627e-07,monthly,2018-01-01,2026-04-30,all
Kotlin,kotlin tutorial,2019-12-01T00:00:00Z,52,5.606003982398499e-07,monthly,2018-01-01,2026-04-30,all
Kotlin,kotlin tutorial,2020-01-01T00:00:00Z,93,9.56392828134945e-07,monthly,2018-01-01,2026-04-30,all
Kotlin,kotlin tutorial,2020-02-01T00:00:00Z,85,9.245019624831691e-07,monthly,2018-01-01,2026-04-30,all
Kotlin,kotlin tutorial,2020-03-01T00:00:00Z,89,9.056790049848668e-07,monthly,2018-01-01,2026-04-30,all
Kotlin,kotlin tutorial,2020-04-01T00:00:00Z,75,6.278296317603644e-07,monthly,2018-01-01,2026-04-30,all
Kotlin,kotlin tutorial,2020-05-01T00:00:00Z,98,9.137779706098771e-07,monthly,2018-01-01,2026-04-30,all
Kotlin,kotlin tutorial,2020-06-01T00:00:00Z,75,8.409526376333379e-07,monthly,2018-01-01,2026-04-30,all
Kotlin,kotlin tutorial,2020-07-01T00:00:00Z,51,6.055433613555354e-07,monthly,2018-01-01,2026-04-30,all
Kotlin,kotlin tutorial,2020-08-01T00:00:00Z,40,4.769571856613554e-07,monthly,2018-01-01,2026-04-30,all
Kotlin,kotlin tutorial,2020-09-01T00:00:00Z,85,8.952456982523675e-07,monthly,2018-01-01,2026-04-30,all
Kotlin,kotlin tutorial,2020-10-01T00:00:00Z,76,7.063850806422174e-07,monthly,2018-01-01,2026-04-30,all
Kotlin,kotlin tutorial,2020-11-01T00:00:00Z,100,8.723814585599381e-07,monthly,2018-01-01,2026-04-30,all
Kotlin,kotlin tutorial,2020-12-01T00:00:00Z,92,8.32446068203249e-07,monthly,2018-01-01,2026-04-30,all
Kotlin,kotlin tutorial,2021-01-01T00:00:00Z,73,6.993706366323463e-07,monthly,2018-01-01,2026-04-30,all
Kotlin,kotlin tutorial,2021-02-01T00:00:00Z,94,9.403496412737932e-07,monthly,2018-01-01,2026-04-30,all
Kotlin,kotlin tutorial,2021-03-01T00:00:00Z,102,9.369437243684652e-07,monthly,2018-01-01,2026-04-30,all
Kotlin,kotlin tutorial,2021-04-01T00:00:00Z,141,1.3080474926106264e-06,monthly,2018-01-01,2026-04-30,all
Kotlin,kotlin tutorial,2021-05-01T00:00:00Z,87,8.432325450694281e-07,monthly,2018-01-01,2026-04-30,all
Kotlin,kotlin tutorial,2021-06-01T00:00:00Z,75,7.559653731826748e-07,monthly,2018-01-01,2026-04-30,all
Kotlin,kotlin tutorial,2021-07-01T00:00:00Z,81,8.349585284824735e-07,monthly,2018-01-01,2026-04-30,all
Kotlin,kotlin tutorial,2021-08-01T00:00:00Z,109,1.087219015093034e-06,monthly,2018-01-01,2026-04-30,all
Kotlin,kotlin tutorial,2021-09-01T00:00:00Z,129,1.2042323755031605e-06,monthly,2018-01-01,2026-04-30,all
Kotlin,kotlin tutorial,2021-10-01T00:00:00Z,105,9.232809081748085e-07,monthly,2018-01-01,2026-04-30,all
Kotlin,kotlin tutorial,2021-11-01T00:00:00Z,121,1.0440891270067584e-06,monthly,2018-01-01,2026-04-30,all
Kotlin,kotlin tutorial,2021-12-01T00:00:00Z,168,1.4177936154078932e-06,monthly,2018-01-01,2026-04-30,all
Kotlin,kotlin tutorial,2022-01-01T00:00:00Z,120,1.0065550879286736e-06,monthly,2018-01-01,2026-04-30,all
Kotlin,kotlin tutorial,2022-02-01T00:00:00Z,122,1.0330182175979426e-06,monthly,2018-01-01,2026-04-30,all
Kotlin,kotlin tutorial,2022-03-01T00:00:00Z,108,8.472267346982455e-07,monthly,2018-01-01,2026-04-30,all
Kotlin,kotlin tutorial,2022-04-01T00:00:00Z,134,1.121095858926938e-06,monthly,2018-01-01,2026-04-30,all
Kotlin,kotlin tutorial,2022-05-01T00:00:00Z,161,1.3493709107892328e-06,monthly,2018-01-01,2026-04-30,all
Kotlin,kotlin tutorial,2022-06-01T00:00:00Z,140,1.3061892166807302e-06,monthly,2018-01-01,2026-04-30,all
Kotlin,kotlin tutorial,2022-07-01T00:00:00Z,96,9.206346021696323e-07,monthly,2018-01-01,2026-04-30,all
Kotlin,kotlin tutorial,2022-08-01T00:00:00Z,147,1.3643754745612891e-06,monthly,2018-01-01,2026-04-30,all
Kotlin,kotlin tutorial,2022-09-01T00:00:00Z,135,1.1547832510779584e-06,monthly,2018-01-01,2026-04-30,all
Kotlin,kotlin tutorial,2022-10-01T00:00:00Z,176,1.4230454599429681e-06,monthly,2018-01-01,2026-04-30,all
Kotlin,kotlin tutorial,2022-11-01T00:00:00Z,201,1.5929406327414444e-06,monthly,2018-01-01,2026-04-30,all
Kotlin,kotlin tutorial,2022-12-01T00:00:00Z,141,1.1208268650689858e-06,monthly,2018-01-01,2026-04-30,all
Kotlin,kotlin tutorial,2023-01-01T00:00:00Z,147,1.1925978261619702e-06,monthly,2018-01-01,2026-04-30,all
Kotlin,kotlin tutorial,2023-02-01T00:00:00Z,111,9.726834184341971e-07,monthly,2018-01-01,2026-04-30,all
Kotlin,kotlin tutorial,2023-03-01T00:00:00Z,203,1.6319095848080104e-06,monthly,2018-01-01,2026-04-30,all
Kotlin,kotlin tutorial,2023-04-01T00:00:00Z,99,8.576312417506785e-07,monthly,2018-01-01,2026-04-30,all
Kotlin,kotlin tutorial,2023-05-01T00:00:00Z,152,1.3437181506199878e-06,monthly,2018-01-01,2026-04-30,all
Kotlin,kotlin tutorial,2023-06-01T00:00:00Z,108,1.0534401352182649e-06,monthly,2018-01-01,2026-04-30,all
Kotlin,kotlin tutorial,2023-07-01T00:00:00Z,108,1.0706688478632487e-06,monthly,2018-01-01,2026-04-30,all
Kotlin,kotlin tutorial,2023-08-01T00:00:00Z,134,1.333980184837929e-06,monthly,2018-01-01,2026-04-30,all
Kotlin,kotlin tutorial,2023-09-01T00:00:00Z,126,1.1715959201202477e-06,monthly,2018-01-01,2026-04-30,all
Kotlin,kotlin tutorial,2023-10-01T00:00:00Z,151,1.2659161498669408e-06,monthly,2018-01-01,2026-04-30,all
Kotlin,kotlin tutorial,2023-11-01T00:00:00Z,201,1.7126977376075522e-06,monthly,2018-01-01,2026-04-30,all
Kotlin,kotlin tutorial,2023-12-01T00:00:00Z,168,1.4074320756146078e-06,monthly,2018-01-01,2026-04-30,all
Kotlin,kotlin tutorial,2024-01-01T00:00:00Z,146,1.211099436836066e-06,monthly,2018-01-01,2026-04-30,all
Kotlin,kotlin tutorial,2024-02-01T00:00:00Z,181,1.61198995521002e-06,monthly,2018-01-01,2026-04-30,all
Kotlin,kotlin tutorial,2024-03-01T00:00:00Z,141,1.2226380530916492e-06,monthly,2018-01-01,2026-04-30,all
Kotlin,kotlin tutorial,2024-04-01T00:00:00Z,134,1.235203738234162e-06,monthly,2018-01-01,2026-04-30,all
Kotlin,kotlin tutorial,2024-05-01T00:00:00Z,174,1.633639156936553e-06,monthly,2018-01-01,2026-04-30,all
Kotlin,kotlin tutorial,2024-06-01T00:00:00Z,87,9.316318396772423e-07,monthly,2018-01-01,2026-04-30,all
Kotlin,kotlin tutorial,2024-07-01T00:00:00Z,115,1.235573568452328e-06,monthly,2018-01-01,2026-04-30,all
Kotlin,kotlin tutorial,2024-08-01T00:00:00Z,99,1.0588412122865e-06,monthly,2018-01-01,2026-04-30,all
Kotlin,kotlin tutorial,2024-09-01T00:00:00Z,88,8.858471932313251e-07,monthly,2018-01-01,2026-04-30,all
Kotlin,kotlin tutorial,2024-10-01T00:00:00Z,110,9.799043575914644e-07,monthly,2018-01-01,2026-04-30,all
Kotlin,kotlin tutorial,2024-11-01T00:00:00Z,103,8.859613167845387e-07,monthly,2018-01-01,2026-04-30,all
Kotlin,kotlin tutorial,2024-12-01T00:00:00Z,112,9.334589407352223e-07,monthly,2018-01-01,2026-04-30,all
Kotlin,kotlin tutorial,2025-01-01T00:00:00Z,90,7.58427191114667e-07,monthly,2018-01-01,2026-04-30,all
Kotlin,kotlin tutorial,2025-02-01T00:00:00Z,64,5.609078797940083e-07,monthly,2018-01-01,2026-04-30,all
Kotlin,kotlin tutorial,2025-03-01T00:00:00Z,82,6.84266569381629e-07,monthly,2018-01-01,2026-04-30,all
Kotlin,kotlin tutorial,2025-04-01T00:00:00Z,76,6.671265418043582e-07,monthly,2018-01-01,2026-04-30,all
Kotlin,kotlin tutorial,2025-05-01T00:00:00Z,62,5.809510092967064e-07,monthly,2018-01-01,2026-04-30,all
Kotlin,kotlin tutorial,2025-06-01T00:00:00Z,91,8.786675228401722e-07,monthly,2018-01-01,2026-04-30,all
Kotlin,kotlin tutorial,2025-07-01T00:00:00Z,85,8.032330370142747e-07,monthly,2018-01-01,2026-04-30,all
Kotlin,kotlin tutorial,2025-08-01T00:00:00Z,72,6.922848385207241e-07,monthly,2018-01-01,2026-04-30,all
Kotlin,kotlin tutorial,2025-09-01T00:00:00Z,53,4.843661931716249e-07,monthly,2018-01-01,2026-04-30,all
Kotlin,kotlin tutorial,2025-10-01T00:00:00Z,84,7.125587164446732e-07,monthly,2018-01-01,2026-04-30,all
Kotlin,kotlin tutorial,2025-11-01T00:00:00Z,50,4.3180144271140405e-07,monthly,2018-01-01,2026-04-30,all
Kotlin,kotlin tutorial,2025-12-01T00:00:00Z,34,2.9876321483158044e-07,monthly,2018-01-01,2026-04-30,all
Kotlin,kotlin tutorial,2026-01-01T00:00:00Z,30,2.895319282005537e-07,monthly,2018-01-01,2026-04-30,all
Kotlin,kotlin tutorial,2026-02-01T00:00:00Z,43,4.5621088798227014e-07,monthly,2018-01-01,2026-04-30,all
Kotlin,kotlin tutorial,2026-03-01T00:00:00Z,68,6.197171724342614e-07,monthly,2018-01-01,2026-04-30,all
Kotlin,kotlin tutorial,2026-04-01T00:00:00Z,35,3.104758159381042e-07,monthly,2018-01-01,2026-04-30,all
Lua,lua tutorial,2018-01-01T00:00:00Z,24,3.0897506274395866e-07,monthly,2018-01-01,2026-04-30,all
Lua,lua tutorial,2018-02-01T00:00:00Z,13,1.67724031149143e-07,monthly,2018-01-01,2026-04-30,all
Lua,lua tutorial,2018-03-01T00:00:00Z,33,3.9255028046138415e-07,monthly,2018-01-01,2026-04-30,all
Lua,lua tutorial,2018-04-01T00:00:00Z,37,4.882740127502089e-07,monthly,2018-01-01,2026-04-30,all
Lua,lua tutorial,2018-05-01T00:00:00Z,33,4.392055493665882e-07,monthly,2018-01-01,2026-04-30,all
Lua,lua tutorial,2018-06-01T00:00:00Z,26,3.747272230109804e-07,monthly,2018-01-01,2026-04-30,all
Lua,lua tutorial,2018-07-01T00:00:00Z,37,5.292855083685156e-07,monthly,2018-01-01,2026-04-30,all
Lua,lua tutorial,2018-08-01T00:00:00Z,46,6.516239468360454e-07,monthly,2018-01-01,2026-04-30,all
Lua,lua tutorial,2018-09-01T00:00:00Z,36,4.543142188186732e-07,monthly,2018-01-01,2026-04-30,all
Lua,lua tutorial,2018-10-01T00:00:00Z,36,3.9066712447963086e-07,monthly,2018-01-01,2026-04-30,all
Lua,lua tutorial,2018-11-01T00:00:00Z,167,1.965157134218628e-06,monthly,2018-01-01,2026-04-30,all
Lua,lua tutorial,2018-12-01T00:00:00Z,168,1.9645859746899413e-06,monthly,2018-01-01,2026-04-30,all
Lua,lua tutorial,2019-01-01T00:00:00Z,151,1.7149864917090057e-06,monthly,2018-01-01,2026-04-30,all
Lua,lua tutorial,2019-02-01T00:00:00Z,46,5.485239957813387e-07,monthly,2018-01-01,2026-04-30,all
Lua,lua tutorial,2019-03-01T00:00:00Z,59,6.719113474464904e-07,monthly,2018-01-01,2026-04-30,all
Lua,lua tutorial,2019-04-01T00:00:00Z,134,1.6212870790718859e-06,monthly,2018-01-01,2026-04-30,all
Lua,lua tutorial,2019-05-01T00:00:00Z,52,6.576851646822132e-07,monthly,2018-01-01,2026-04-30,all
Lua,lua tutorial,2019-06-01T00:00:00Z,110,1.5177199524179397e-06,monthly,2018-01-01,2026-04-30,all
Lua,lua tutorial,2019-07-01T00:00:00Z,69,9.384555116855954e-07,monthly,2018-01-01,2026-04-30,all
Lua,lua tutorial,2019-08-01T00:00:00Z,91,1.2517151058840045e-06,monthly,2018-01-01,2026-04-30,all
Lua,lua tutorial,2019-09-01T00:00:00Z,74,9.406488658137169e-07,monthly,2018-01-01,2026-04-30,all
Lua,lua tutorial,2019-10-01T00:00:00Z,56,6.3297334860618e-07,monthly,2018-01-01,2026-04-30,all
Lua,lua tutorial,2019-11-01T00:00:00Z,107,1.2057064223449014e-06,monthly,2018-01-01,2026-04-30,all
Lua,lua tutorial,2019-12-01T00:00:00Z,46,4.959157369044826e-07,monthly,2018-01-01,2026-04-30,all
Lua,lua tutorial,2020-01-01T00:00:00Z,71,7.301493634148504e-07,monthly,2018-01-01,2026-04-30,all
Lua,lua tutorial,2020-02-01T00:00:00Z,76,8.26613519396716e-07,monthly,2018-01-01,2026-04-30,all
Lua,lua tutorial,2020-03-01T00:00:00Z,73,7.428603074594975e-07,monthly,2018-01-01,2026-04-30,all
Lua,lua tutorial,2020-04-01T00:00:00Z,54,4.5203733486746236e-07,monthly,2018-01-01,2026-04-30,all
Lua,lua tutorial,2020-05-01T00:00:00Z,46,4.289161902862688e-07,monthly,2018-01-01,2026-04-30,all
Lua,lua tutorial,2020-06-01T00:00:00Z,54,6.054858990960032e-07,monthly,2018-01-01,2026-04-30,all
Lua,lua tutorial,2020-07-01T00:00:00Z,36,4.2744237272155444e-07,monthly,2018-01-01,2026-04-30,all
Lua,lua tutorial,2020-08-01T00:00:00Z,48,5.723486227936266e-07,monthly,2018-01-01,2026-04-30,all
Lua,lua tutorial,2020-09-01T00:00:00Z,42,4.423566979599934e-07,monthly,2018-01-01,2026-04-30,all
Lua,lua tutorial,2020-10-01T00:00:00Z,43,3.996652429949388e-07,monthly,2018-01-01,2026-04-30,all
Lua,lua tutorial,2020-11-01T00:00:00Z,50,4.3619072927996905e-07,monthly,2018-01-01,2026-04-30,all
Lua,lua tutorial,2020-12-01T00:00:00Z,51,4.6146466824310544e-07,monthly,2018-01-01,2026-04-30,all
Lua,lua tutorial,2021-01-01T00:00:00Z,71,6.80209797272556e-07,monthly,2018-01-01,2026-04-30,all
Lua,lua tutorial,2021-02-01T00:00:00Z,39,3.9014506393274397e-07,monthly,2018-01-01,2026-04-30,all
Lua,lua tutorial,2021-03-01T00:00:00Z,66,6.062577040031245e-07,monthly,2018-01-01,2026-04-30,all
Lua,lua tutorial,2021-04-01T00:00:00Z,105,9.740779200291899e-07,monthly,2018-01-01,2026-04-30,all
Lua,lua tutorial,2021-05-01T00:00:00Z,52,5.040010614208077e-07,monthly,2018-01-01,2026-04-30,all
Lua,lua tutorial,2021-06-01T00:00:00Z,54,5.44295068691526e-07,monthly,2018-01-01,2026-04-30,all
Lua,lua tutorial,2021-07-01T00:00:00Z,29,2.9893576945668804e-07,monthly,2018-01-01,2026-04-30,all
Lua,lua tutorial,2021-08-01T00:00:00Z,73,7.281375055210228e-07,monthly,2018-01-01,2026-04-30,all
Lua,lua tutorial,2021-09-01T00:00:00Z,69,6.441242938737836e-07,monthly,2018-01-01,2026-04-30,all
Lua,lua tutorial,2021-10-01T00:00:00Z,56,4.924164843598979e-07,monthly,2018-01-01,2026-04-30,all
Lua,lua tutorial,2021-11-01T00:00:00Z,49,4.228129522589352e-07,monthly,2018-01-01,2026-04-30,all
Lua,lua tutorial,2021-12-01T00:00:00Z,89,7.510930462577529e-07,monthly,2018-01-01,2026-04-30,all
Lua,lua tutorial,2022-01-01T00:00:00Z,80,6.710367252857825e-07,monthly,2018-01-01,2026-04-30,all
Lua,lua tutorial,2022-02-01T00:00:00Z,56,4.7417229660233427e-07,monthly,2018-01-01,2026-04-30,all
Lua,lua tutorial,2022-03-01T00:00:00Z,63,4.942155952406432e-07,monthly,2018-01-01,2026-04-30,all
Lua,lua tutorial,2022-04-01T00:00:00Z,92,7.697076046364053e-07,monthly,2018-01-01,2026-04-30,all
Lua,lua tutorial,2022-05-01T00:00:00Z,75,6.285889335974687e-07,monthly,2018-01-01,2026-04-30,all
Lua,lua tutorial,2022-06-01T00:00:00Z,87,8.11703298937311e-07,monthly,2018-01-01,2026-04-30,all
Lua,lua tutorial,2022-07-01T00:00:00Z,105,1.0069440961230353e-06,monthly,2018-01-01,2026-04-30,all
Lua,lua tutorial,2022-08-01T00:00:00Z,79,7.332357992540261e-07,monthly,2018-01-01,2026-04-30,all
Lua,lua tutorial,2022-09-01T00:00:00Z,67,5.731146505349867e-07,monthly,2018-01-01,2026-04-30,all
Lua,lua tutorial,2022-10-01T00:00:00Z,86,6.953517588357685e-07,monthly,2018-01-01,2026-04-30,all
Lua,lua tutorial,2022-11-01T00:00:00Z,78,6.181560664369785e-07,monthly,2018-01-01,2026-04-30,all
Lua,lua tutorial,2022-12-01T00:00:00Z,86,6.836248964250552e-07,monthly,2018-01-01,2026-04-30,all
Lua,lua tutorial,2023-01-01T00:00:00Z,81,6.571457409463916e-07,monthly,2018-01-01,2026-04-30,all
Lua,lua tutorial,2023-02-01T00:00:00Z,80,7.010330943669889e-07,monthly,2018-01-01,2026-04-30,all
Lua,lua tutorial,2023-03-01T00:00:00Z,77,6.190001873409695e-07,monthly,2018-01-01,2026-04-30,all
Lua,lua tutorial,2023-04-01T00:00:00Z,84,7.276871142126968e-07,monthly,2018-01-01,2026-04-30,all
Lua,lua tutorial,2023-05-01T00:00:00Z,94,8.309835931465714e-07,monthly,2018-01-01,2026-04-30,all
Lua,lua tutorial,2023-06-01T00:00:00Z,73,7.120474988049383e-07,monthly,2018-01-01,2026-04-30,all
Lua,lua tutorial,2023-07-01T00:00:00Z,110,1.0904960487496051e-06,monthly,2018-01-01,2026-04-30,all
Lua,lua tutorial,2023-08-01T00:00:00Z,115,1.144833740719118e-06,monthly,2018-01-01,2026-04-30,all
Lua,lua tutorial,2023-09-01T00:00:00Z,75,6.973785238810998e-07,monthly,2018-01-01,2026-04-30,all
Lua,lua tutorial,2023-10-01T00:00:00Z,100,8.383550661370468e-07,monthly,2018-01-01,2026-04-30,all
Lua,lua tutorial,2023-11-01T00:00:00Z,77,6.561080885362265e-07,monthly,2018-01-01,2026-04-30,all
Lua,lua tutorial,2023-12-01T00:00:00Z,67,5.612973158701116e-07,monthly,2018-01-01,2026-04-30,all
Lua,lua tutorial,2024-01-01T00:00:00Z,70,5.806641135515385e-07,monthly,2018-01-01,2026-04-30,all
Lua,lua tutorial,2024-02-01T00:00:00Z,72,6.412335733432124e-07,monthly,2018-01-01,2026-04-30,all
Lua,lua tutorial,2024-03-01T00:00:00Z,99,8.584479947239237e-07,monthly,2018-01-01,2026-04-30,all
Lua,lua tutorial,2024-04-01T00:00:00Z,69,6.360377458071432e-07,monthly,2018-01-01,2026-04-30,all
Lua,lua tutorial,2024-05-01T00:00:00Z,135,1.2674786562438773e-06,monthly,2018-01-01,2026-04-30,all
Lua,lua tutorial,2024-06-01T00:00:00Z,103,1.1029664308822524e-06,monthly,2018-01-01,2026-04-30,all
Lua,lua tutorial,2024-07-01T00:00:00Z,84,9.025059108695266e-07,monthly,2018-01-01,2026-04-30,all
Lua,lua tutorial,2024-08-01T00:00:00Z,76,8.128477993310505e-07,monthly,2018-01-01,2026-04-30,all
Lua,lua tutorial,2024-09-01T00:00:00Z,70,7.046511764340086e-07,monthly,2018-01-01,2026-04-30,all
Lua,lua tutorial,2024-10-01T00:00:00Z,76,6.770248288813754e-07,monthly,2018-01-01,2026-04-30,all
Lua,lua tutorial,2024-11-01T00:00:00Z,82,7.053284269546813e-07,monthly,2018-01-01,2026-04-30,all
Lua,lua tutorial,2024-12-01T00:00:00Z,60,5.000672896795834e-07,monthly,2018-01-01,2026-04-30,all
Lua,lua tutorial,2025-01-01T00:00:00Z,82,6.910114407933634e-07,monthly,2018-01-01,2026-04-30,all
Lua,lua tutorial,2025-02-01T00:00:00Z,120,1.0517022746137654e-06,monthly,2018-01-01,2026-04-30,all
Lua,lua tutorial,2025-03-01T00:00:00Z,89,7.426795692068901e-07,monthly,2018-01-01,2026-04-30,all
Lua,lua tutorial,2025-04-01T00:00:00Z,104,9.12910004574385e-07,monthly,2018-01-01,2026-04-30,all
Lua,lua tutorial,2025-05-01T00:00:00Z,97,9.089072242222666e-07,monthly,2018-01-01,2026-04-30,all
Lua,lua tutorial,2025-06-01T00:00:00Z,78,7.531435910058619e-07,monthly,2018-01-01,2026-04-30,all
Lua,lua tutorial,2025-07-01T00:00:00Z,72,6.803856313532681e-07,monthly,2018-01-01,2026-04-30,all
Lua,lua tutorial,2025-08-01T00:00:00Z,62,5.961341665039568e-07,monthly,2018-01-01,2026-04-30,all
Lua,lua tutorial,2025-09-01T00:00:00Z,60,5.483390866093866e-07,monthly,2018-01-01,2026-04-30,all
Lua,lua tutorial,2025-10-01T00:00:00Z,57,4.835219861588854e-07,monthly,2018-01-01,2026-04-30,all
Lua,lua tutorial,2025-11-01T00:00:00Z,38,3.281690964606671e-07,monthly,2018-01-01,2026-04-30,all
Lua,lua tutorial,2025-12-01T00:00:00Z,38,3.3391182834117816e-07,monthly,2018-01-01,2026-04-30,all
Lua,lua tutorial,2026-01-01T00:00:00Z,65,6.273191777678664e-07,monthly,2018-01-01,2026-04-30,all
Lua,lua tutorial,2026-02-01T00:00:00Z,32,3.3950577710308474e-07,monthly,2018-01-01,2026-04-30,all
Lua,lua tutorial,2026-03-01T00:00:00Z,30,2.734046348974683e-07,monthly,2018-01-01,2026-04-30,all
Lua,lua tutorial,2026-04-01T00:00:00Z,29,2.572513903487149e-07,monthly,2018-01-01,2026-04-30,all
Matlab,matlab tutorial,2018-01-01T00:00:00Z,54,6.95193891173907e-07,monthly,2018-01-01,2026-04-30,all
Matlab,matlab tutorial,2018-02-01T00:00:00Z,21,2.7093881954861564e-07,monthly,2018-01-01,2026-04-30,all
Matlab,matlab tutorial,2018-03-01T00:00:00Z,20,2.3790926088568738e-07,monthly,2018-01-01,2026-04-30,all
Matlab,matlab tutorial,2018-04-01T00:00:00Z,61,8.049922912908851e-07,monthly,2018-01-01,2026-04-30,all
Matlab,matlab tutorial,2018-05-01T00:00:00Z,42,5.589888810120213e-07,monthly,2018-01-01,2026-04-30,all
Matlab,matlab tutorial,2018-06-01T00:00:00Z,8,1.1530068400337859e-07,monthly,2018-01-01,2026-04-30,all
Matlab,matlab tutorial,2018-07-01T00:00:00Z,22,3.1471030227317143e-07,monthly,2018-01-01,2026-04-30,all
Matlab,matlab tutorial,2018-08-01T00:00:00Z,33,4.674693531649891e-07,monthly,2018-01-01,2026-04-30,all
Matlab,matlab tutorial,2018-09-01T00:00:00Z,47,5.931324523466011e-07,monthly,2018-01-01,2026-04-30,all
Matlab,matlab tutorial,2018-10-01T00:00:00Z,62,6.728156032704753e-07,monthly,2018-01-01,2026-04-30,all
Matlab,matlab tutorial,2018-11-01T00:00:00Z,112,1.3179496948053074e-06,monthly,2018-01-01,2026-04-30,all
Matlab,matlab tutorial,2018-12-01T00:00:00Z,133,1.5552972299628702e-06,monthly,2018-01-01,2026-04-30,all
Matlab,matlab tutorial,2019-01-01T00:00:00Z,109,1.2379703814323284e-06,monthly,2018-01-01,2026-04-30,all
Matlab,matlab tutorial,2019-02-01T00:00:00Z,60,7.1546608145392e-07,monthly,2018-01-01,2026-04-30,all
Matlab,matlab tutorial,2019-03-01T00:00:00Z,148,1.6854725325776372e-06,monthly,2018-01-01,2026-04-30,all
Matlab,matlab tutorial,2019-04-01T00:00:00Z,88,1.0647258429725815e-06,monthly,2018-01-01,2026-04-30,all
Matlab,matlab tutorial,2019-05-01T00:00:00Z,56,7.082763311962295e-07,monthly,2018-01-01,2026-04-30,all
Matlab,matlab tutorial,2019-06-01T00:00:00Z,64,8.830370632249831e-07,monthly,2018-01-01,2026-04-30,all
Matlab,matlab tutorial,2019-07-01T00:00:00Z,38,5.168305716529366e-07,monthly,2018-01-01,2026-04-30,all
Matlab,matlab tutorial,2019-08-01T00:00:00Z,45,6.18979997415167e-07,monthly,2018-01-01,2026-04-30,all
Matlab,matlab tutorial,2019-09-01T00:00:00Z,93,1.1821668178469685e-06,monthly,2018-01-01,2026-04-30,all
Matlab,matlab tutorial,2019-10-01T00:00:00Z,92,1.039884786995867e-06,monthly,2018-01-01,2026-04-30,all
Matlab,matlab tutorial,2019-11-01T00:00:00Z,82,9.239993143203918e-07,monthly,2018-01-01,2026-04-30,all
Matlab,matlab tutorial,2019-12-01T00:00:00Z,37,3.9888874490143167e-07,monthly,2018-01-01,2026-04-30,all
Matlab,matlab tutorial,2020-01-01T00:00:00Z,57,5.861762495020629e-07,monthly,2018-01-01,2026-04-30,all
Matlab,matlab tutorial,2020-02-01T00:00:00Z,159,1.7293624945273399e-06,monthly,2018-01-01,2026-04-30,all
Matlab,matlab tutorial,2020-03-01T00:00:00Z,43,4.3757524959943e-07,monthly,2018-01-01,2026-04-30,all
Matlab,matlab tutorial,2020-04-01T00:00:00Z,243,2.0341680069035806e-06,monthly,2018-01-01,2026-04-30,all
Matlab,matlab tutorial,2020-05-01T00:00:00Z,37,3.449978052302597e-07,monthly,2018-01-01,2026-04-30,all
Matlab,matlab tutorial,2020-06-01T00:00:00Z,33,3.700191605586686e-07,monthly,2018-01-01,2026-04-30,all
Matlab,matlab tutorial,2020-07-01T00:00:00Z,18,2.1372118636077722e-07,monthly,2018-01-01,2026-04-30,all
Matlab,matlab tutorial,2020-08-01T00:00:00Z,19,2.2655466318914386e-07,monthly,2018-01-01,2026-04-30,all
Matlab,matlab tutorial,2020-09-01T00:00:00Z,38,4.002274886304702e-07,monthly,2018-01-01,2026-04-30,all
Matlab,matlab tutorial,2020-10-01T00:00:00Z,44,4.089597835297048e-07,monthly,2018-01-01,2026-04-30,all
Matlab,matlab tutorial,2020-11-01T00:00:00Z,33,2.878858813247796e-07,monthly,2018-01-01,2026-04-30,all
Matlab,matlab tutorial,2020-12-01T00:00:00Z,43,3.89078053616736e-07,monthly,2018-01-01,2026-04-30,all
Matlab,matlab tutorial,2021-01-01T00:00:00Z,24,2.2993007231748372e-07,monthly,2018-01-01,2026-04-30,all
Matlab,matlab tutorial,2021-02-01T00:00:00Z,59,5.902194556931255e-07,monthly,2018-01-01,2026-04-30,all
Matlab,matlab tutorial,2021-03-01T00:00:00Z,21,1.929001785464487e-07,monthly,2018-01-01,2026-04-30,all
Matlab,matlab tutorial,2021-04-01T00:00:00Z,48,4.4529276344191536e-07,monthly,2018-01-01,2026-04-30,all
Matlab,matlab tutorial,2021-05-01T00:00:00Z,42,4.0707778037834464e-07,monthly,2018-01-01,2026-04-30,all
Matlab,matlab tutorial,2021-06-01T00:00:00Z,29,2.9230661096396763e-07,monthly,2018-01-01,2026-04-30,all
Matlab,matlab tutorial,2021-07-01T00:00:00Z,23,2.370869895690974e-07,monthly,2018-01-01,2026-04-30,all
Matlab,matlab tutorial,2021-08-01T00:00:00Z,29,2.892601049330091e-07,monthly,2018-01-01,2026-04-30,all
Matlab,matlab tutorial,2021-09-01T00:00:00Z,160,1.493621551011672e-06,monthly,2018-01-01,2026-04-30,all
Matlab,matlab tutorial,2021-10-01T00:00:00Z,49,4.3086442381491064e-07,monthly,2018-01-01,2026-04-30,all
Matlab,matlab tutorial,2021-11-01T00:00:00Z,37,3.1926692313429796e-07,monthly,2018-01-01,2026-04-30,all
Matlab,matlab tutorial,2021-12-01T00:00:00Z,23,1.9410269734750918e-07,monthly,2018-01-01,2026-04-30,all
Matlab,matlab tutorial,2022-01-01T00:00:00Z,21,1.761471403875179e-07,monthly,2018-01-01,2026-04-30,all
Matlab,matlab tutorial,2022-02-01T00:00:00Z,39,3.3022713513376847e-07,monthly,2018-01-01,2026-04-30,all
Matlab,matlab tutorial,2022-03-01T00:00:00Z,39,3.05942987529922e-07,monthly,2018-01-01,2026-04-30,all
Matlab,matlab tutorial,2022-04-01T00:00:00Z,38,3.17922706262863e-07,monthly,2018-01-01,2026-04-30,all
Matlab,matlab tutorial,2022-05-01T00:00:00Z,46,3.855345459397808e-07,monthly,2018-01-01,2026-04-30,all
Matlab,matlab tutorial,2022-06-01T00:00:00Z,61,5.691253015537467e-07,monthly,2018-01-01,2026-04-30,all
Matlab,matlab tutorial,2022-07-01T00:00:00Z,48,4.6031730108481615e-07,monthly,2018-01-01,2026-04-30,all
Matlab,matlab tutorial,2022-08-01T00:00:00Z,23,2.1347371370686833e-07,monthly,2018-01-01,2026-04-30,all
Matlab,matlab tutorial,2022-09-01T00:00:00Z,43,3.6781985034334973e-07,monthly,2018-01-01,2026-04-30,all
Matlab,matlab tutorial,2022-10-01T00:00:00Z,81,6.549243309964797e-07,monthly,2018-01-01,2026-04-30,all
Matlab,matlab tutorial,2022-11-01T00:00:00Z,49,3.8832881096681977e-07,monthly,2018-01-01,2026-04-30,all
Matlab,matlab tutorial,2022-12-01T00:00:00Z,31,2.4642292778112455e-07,monthly,2018-01-01,2026-04-30,all
Matlab,matlab tutorial,2023-01-01T00:00:00Z,25,2.0282275955135547e-07,monthly,2018-01-01,2026-04-30,all
Matlab,matlab tutorial,2023-02-01T00:00:00Z,25,2.1907284198968407e-07,monthly,2018-01-01,2026-04-30,all
Matlab,matlab tutorial,2023-03-01T00:00:00Z,34,2.7332475804666184e-07,monthly,2018-01-01,2026-04-30,all
Matlab,matlab tutorial,2023-04-01T00:00:00Z,22,1.9058472038903966e-07,monthly,2018-01-01,2026-04-30,all
Matlab,matlab tutorial,2023-05-01T00:00:00Z,28,2.475270277457872e-07,monthly,2018-01-01,2026-04-30,all
Matlab,matlab tutorial,2023-06-01T00:00:00Z,77,7.510638001093185e-07,monthly,2018-01-01,2026-04-30,all
Matlab,matlab tutorial,2023-07-01T00:00:00Z,20,1.9827200886356456e-07,monthly,2018-01-01,2026-04-30,all
Matlab,matlab tutorial,2023-08-01T00:00:00Z,34,3.3847258421260886e-07,monthly,2018-01-01,2026-04-30,all
Matlab,matlab tutorial,2023-09-01T00:00:00Z,45,4.184271143286599e-07,monthly,2018-01-01,2026-04-30,all
Matlab,matlab tutorial,2023-10-01T00:00:00Z,46,3.8564333042304157e-07,monthly,2018-01-01,2026-04-30,all
Matlab,matlab tutorial,2023-11-01T00:00:00Z,36,3.067518336013527e-07,monthly,2018-01-01,2026-04-30,all
Matlab,matlab tutorial,2023-12-01T00:00:00Z,42,3.5185801890365195e-07,monthly,2018-01-01,2026-04-30,all
Matlab,matlab tutorial,2024-01-01T00:00:00Z,38,3.1521766164226376e-07,monthly,2018-01-01,2026-04-30,all
Matlab,matlab tutorial,2024-02-01T00:00:00Z,34,3.028047429676281e-07,monthly,2018-01-01,2026-04-30,all
Matlab,matlab tutorial,2024-03-01T00:00:00Z,41,3.5551886650182706e-07,monthly,2018-01-01,2026-04-30,all
Matlab,matlab tutorial,2024-04-01T00:00:00Z,31,2.8575608869596286e-07,monthly,2018-01-01,2026-04-30,all
Matlab,matlab tutorial,2024-05-01T00:00:00Z,19,1.78385884952842e-07,monthly,2018-01-01,2026-04-30,all
Matlab,matlab tutorial,2024-06-01T00:00:00Z,43,4.604617138634646e-07,monthly,2018-01-01,2026-04-30,all
Matlab,matlab tutorial,2024-07-01T00:00:00Z,18,1.9339412375775571e-07,monthly,2018-01-01,2026-04-30,all
Matlab,matlab tutorial,2024-08-01T00:00:00Z,23,2.459934129554495e-07,monthly,2018-01-01,2026-04-30,all
Matlab,matlab tutorial,2024-09-01T00:00:00Z,23,2.3152824368545997e-07,monthly,2018-01-01,2026-04-30,all
Matlab,matlab tutorial,2024-10-01T00:00:00Z,24,2.1379731438359223e-07,monthly,2018-01-01,2026-04-30,all
Matlab,matlab tutorial,2024-11-01T00:00:00Z,40,3.440626472949665e-07,monthly,2018-01-01,2026-04-30,all
Matlab,matlab tutorial,2024-12-01T00:00:00Z,33,2.750370093237709e-07,monthly,2018-01-01,2026-04-30,all
Matlab,matlab tutorial,2025-01-01T00:00:00Z,53,4.466293458786373e-07,monthly,2018-01-01,2026-04-30,all
Matlab,matlab tutorial,2025-02-01T00:00:00Z,29,2.5416138303166e-07,monthly,2018-01-01,2026-04-30,all
Matlab,matlab tutorial,2025-03-01T00:00:00Z,37,3.0875442764780823e-07,monthly,2018-01-01,2026-04-30,all
Matlab,matlab tutorial,2025-04-01T00:00:00Z,28,2.457834627700267e-07,monthly,2018-01-01,2026-04-30,all
Matlab,matlab tutorial,2025-05-01T00:00:00Z,27,2.5299479437114635e-07,monthly,2018-01-01,2026-04-30,all
Matlab,matlab tutorial,2025-06-01T00:00:00Z,25,2.413921766044429e-07,monthly,2018-01-01,2026-04-30,all
Matlab,matlab tutorial,2025-07-01T00:00:00Z,17,1.6064660740285496e-07,monthly,2018-01-01,2026-04-30,all
Matlab,matlab tutorial,2025-08-01T00:00:00Z,14,1.3461094082347414e-07,monthly,2018-01-01,2026-04-30,all
Matlab,matlab tutorial,2025-09-01T00:00:00Z,28,2.558915737510471e-07,monthly,2018-01-01,2026-04-30,all
Matlab,matlab tutorial,2025-10-01T00:00:00Z,20,1.6965683724873171e-07,monthly,2018-01-01,2026-04-30,all
Matlab,matlab tutorial,2025-11-01T00:00:00Z,64,5.527058466705971e-07,monthly,2018-01-01,2026-04-30,all
Matlab,matlab tutorial,2025-12-01T00:00:00Z,41,3.602732884733764e-07,monthly,2018-01-01,2026-04-30,all
Matlab,matlab tutorial,2026-01-01T00:00:00Z,0,0.0,monthly,2018-01-01,2026-04-30,all
Matlab,matlab tutorial,2026-02-01T00:00:00Z,0,0.0,monthly,2018-01-01,2026-04-30,all
Matlab,matlab tutorial,2026-03-01T00:00:00Z,0,0.0,monthly,2018-01-01,2026-04-30,all
Matlab,matlab tutorial,2026-04-01T00:00:00Z,0,0.0,monthly,2018-01-01,2026-04-30,all
Objective-C,objective-c tutorial,2018-01-01T00:00:00Z,0,0.0,monthly,2018-01-01,2026-04-30,all
Objective-C,objective-c tutorial,2018-02-01T00:00:00Z,0,0.0,monthly,2018-01-01,2026-04-30,all
Objective-C,objective-c tutorial,2018-03-01T00:00:00Z,0,0.0,monthly,2018-01-01,2026-04-30,all
Objective-C,objective-c tutorial,2018-04-01T00:00:00Z,0,0.0,monthly,2018-01-01,2026-04-30,all
Objective-C,objective-c tutorial,2018-05-01T00:00:00Z,0,0.0,monthly,2018-01-01,2026-04-30,all
Objective-C,objective-c tutorial,2018-06-01T00:00:00Z,0,0.0,monthly,2018-01-01,2026-04-30,all
Objective-C,objective-c tutorial,2018-07-01T00:00:00Z,0,0.0,monthly,2018-01-01,2026-04-30,all
Objective-C,objective-c tutorial,2018-08-01T00:00:00Z,0,0.0,monthly,2018-01-01,2026-04-30,all
Objective-C,objective-c tutorial,2018-09-01T00:00:00Z,0,0.0,monthly,2018-01-01,2026-04-30,all
Objective-C,objective-c tutorial,2018-10-01T00:00:00Z,34,3.689633953418736e-07,monthly,2018-01-01,2026-04-30,all
Objective-C,objective-c tutorial,2018-11-01T00:00:00Z,20,2.3534815978666207e-07,monthly,2018-01-01,2026-04-30,all
Objective-C,objective-c tutorial,2018-12-01T00:00:00Z,12,1.403275696207101e-07,monthly,2018-01-01,2026-04-30,all
Objective-C,objective-c tutorial,2019-01-01T00:00:00Z,27,3.0665321374929235e-07,monthly,2018-01-01,2026-04-30,all
Objective-C,objective-c tutorial,2019-02-01T00:00:00Z,15,1.7886652036348e-07,monthly,2018-01-01,2026-04-30,all
Objective-C,objective-c tutorial,2019-03-01T00:00:00Z,10,1.1388327922821873e-07,monthly,2018-01-01,2026-04-30,all
Objective-C,objective-c tutorial,2019-04-01T00:00:00Z,0,0.0,monthly,2018-01-01,2026-04-30,all
Objective-C,objective-c tutorial,2019-05-01T00:00:00Z,0,0.0,monthly,2018-01-01,2026-04-30,all
Objective-C,objective-c tutorial,2019-06-01T00:00:00Z,0,0.0,monthly,2018-01-01,2026-04-30,all
Objective-C,objective-c tutorial,2019-07-01T00:00:00Z,8,1.0880643613746034e-07,monthly,2018-01-01,2026-04-30,all
Objective-C,objective-c tutorial,2019-08-01T00:00:00Z,0,0.0,monthly,2018-01-01,2026-04-30,all
Objective-C,objective-c tutorial,2019-09-01T00:00:00Z,0,0.0,monthly,2018-01-01,2026-04-30,all
Objective-C,objective-c tutorial,2019-10-01T00:00:00Z,0,0.0,monthly,2018-01-01,2026-04-30,all
Objective-C,objective-c tutorial,2019-11-01T00:00:00Z,0,0.0,monthly,2018-01-01,2026-04-30,all
Objective-C,objective-c tutorial,2019-12-01T00:00:00Z,0,0.0,monthly,2018-01-01,2026-04-30,all
Objective-C,objective-c tutorial,2020-01-01T00:00:00Z,0,0.0,monthly,2018-01-01,2026-04-30,all
Objective-C,objective-c tutorial,2020-02-01T00:00:00Z,0,0.0,monthly,2018-01-01,2026-04-30,all
Objective-C,objective-c tutorial,2020-03-01T00:00:00Z,5,5.0880842976677904e-08,monthly,2018-01-01,2026-04-30,all
Objective-C,objective-c tutorial,2020-04-01T00:00:00Z,0,0.0,monthly,2018-01-01,2026-04-30,all
Objective-C,objective-c tutorial,2020-05-01T00:00:00Z,0,0.0,monthly,2018-01-01,2026-04-30,all
Objective-C,objective-c tutorial,2020-06-01T00:00:00Z,0,0.0,monthly,2018-01-01,2026-04-30,all
Objective-C,objective-c tutorial,2020-07-01T00:00:00Z,0,0.0,monthly,2018-01-01,2026-04-30,all
Objective-C,objective-c tutorial,2020-08-01T00:00:00Z,0,0.0,monthly,2018-01-01,2026-04-30,all
Objective-C,objective-c tutorial,2020-09-01T00:00:00Z,0,0.0,monthly,2018-01-01,2026-04-30,all
Objective-C,objective-c tutorial,2020-10-01T00:00:00Z,0,0.0,monthly,2018-01-01,2026-04-30,all
Objective-C,objective-c tutorial,2020-11-01T00:00:00Z,0,0.0,monthly,2018-01-01,2026-04-30,all
Objective-C,objective-c tutorial,2020-12-01T00:00:00Z,0,0.0,monthly,2018-01-01,2026-04-30,all
Objective-C,objective-c tutorial,2021-01-01T00:00:00Z,0,0.0,monthly,2018-01-01,2026-04-30,all
Objective-C,objective-c tutorial,2021-02-01T00:00:00Z,0,0.0,monthly,2018-01-01,2026-04-30,all
Objective-C,objective-c tutorial,2021-03-01T00:00:00Z,5,4.592861393963064e-08,monthly,2018-01-01,2026-04-30,all
Objective-C,objective-c tutorial,2021-04-01T00:00:00Z,0,0.0,monthly,2018-01-01,2026-04-30,all
Objective-C,objective-c tutorial,2021-05-01T00:00:00Z,12,1.1630793725095561e-07,monthly,2018-01-01,2026-04-30,all
Objective-C,objective-c tutorial,2021-06-01T00:00:00Z,0,0.0,monthly,2018-01-01,2026-04-30,all
Objective-C,objective-c tutorial,2021-07-01T00:00:00Z,0,0.0,monthly,2018-01-01,2026-04-30,all
Objective-C,objective-c tutorial,2021-08-01T00:00:00Z,0,0.0,monthly,2018-01-01,2026-04-30,all
Objective-C,objective-c tutorial,2021-09-01T00:00:00Z,0,0.0,monthly,2018-01-01,2026-04-30,all
Objective-C,objective-c tutorial,2021-10-01T00:00:00Z,0,0.0,monthly,2018-01-01,2026-04-30,all
Objective-C,objective-c tutorial,2021-11-01T00:00:00Z,0,0.0,monthly,2018-01-01,2026-04-30,all
Objective-C,objective-c tutorial,2021-12-01T00:00:00Z,0,0.0,monthly,2018-01-01,2026-04-30,all
Objective-C,objective-c tutorial,2022-01-01T00:00:00Z,0,0.0,monthly,2018-01-01,2026-04-30,all
Objective-C,objective-c tutorial,2022-02-01T00:00:00Z,0,0.0,monthly,2018-01-01,2026-04-30,all
Objective-C,objective-c tutorial,2022-03-01T00:00:00Z,9,7.060222789152046e-08,monthly,2018-01-01,2026-04-30,all
Objective-C,objective-c tutorial,2022-04-01T00:00:00Z,0,0.0,monthly,2018-01-01,2026-04-30,all
Objective-C,objective-c tutorial,2022-05-01T00:00:00Z,0,0.0,monthly,2018-01-01,2026-04-30,all
Objective-C,objective-c tutorial,2022-06-01T00:00:00Z,0,0.0,monthly,2018-01-01,2026-04-30,all
Objective-C,objective-c tutorial,2022-07-01T00:00:00Z,0,0.0,monthly,2018-01-01,2026-04-30,all
Objective-C,objective-c tutorial,2022-08-01T00:00:00Z,0,0.0,monthly,2018-01-01,2026-04-30,all
Objective-C,objective-c tutorial,2022-09-01T00:00:00Z,0,0.0,monthly,2018-01-01,2026-04-30,all
Objective-C,objective-c tutorial,2022-10-01T00:00:00Z,0,0.0,monthly,2018-01-01,2026-04-30,all
Objective-C,objective-c tutorial,2022-11-01T00:00:00Z,0,0.0,monthly,2018-01-01,2026-04-30,all
Objective-C,objective-c tutorial,2022-12-01T00:00:00Z,0,0.0,monthly,2018-01-01,2026-04-30,all
Objective-C,objective-c tutorial,2023-01-01T00:00:00Z,0,0.0,monthly,2018-01-01,2026-04-30,all
Objective-C,objective-c tutorial,2023-02-01T00:00:00Z,0,0.0,monthly,2018-01-01,2026-04-30,all
Objective-C,objective-c tutorial,2023-03-01T00:00:00Z,0,0.0,monthly,2018-01-01,2026-04-30,all
Objective-C,objective-c tutorial,2023-04-01T00:00:00Z,0,0.0,monthly,2018-01-01,2026-04-30,all
Objective-C,objective-c tutorial,2023-05-01T00:00:00Z,0,0.0,monthly,2018-01-01,2026-04-30,all
Objective-C,objective-c tutorial,2023-06-01T00:00:00Z,0,0.0,monthly,2018-01-01,2026-04-30,all
Objective-C,objective-c tutorial,2023-07-01T00:00:00Z,0,0.0,monthly,2018-01-01,2026-04-30,all
Objective-C,objective-c tutorial,2023-08-01T00:00:00Z,0,0.0,monthly,2018-01-01,2026-04-30,all
Objective-C,objective-c tutorial,2023-09-01T00:00:00Z,0,0.0,monthly,2018-01-01,2026-04-30,all
Objective-C,objective-c tutorial,2023-10-01T00:00:00Z,0,0.0,monthly,2018-01-01,2026-04-30,all
Objective-C,objective-c tutorial,2023-11-01T00:00:00Z,0,0.0,monthly,2018-01-01,2026-04-30,all
Objective-C,objective-c tutorial,2023-12-01T00:00:00Z,0,0.0,monthly,2018-01-01,2026-04-30,all
Objective-C,objective-c tutorial,2024-01-01T00:00:00Z,0,0.0,monthly,2018-01-01,2026-04-30,all
Objective-C,objective-c tutorial,2024-02-01T00:00:00Z,9,8.015419666790155e-08,monthly,2018-01-01,2026-04-30,all
Objective-C,objective-c tutorial,2024-03-01T00:00:00Z,0,0.0,monthly,2018-01-01,2026-04-30,all
Objective-C,objective-c tutorial,2024-04-01T00:00:00Z,0,0.0,monthly,2018-01-01,2026-04-30,all
Objective-C,objective-c tutorial,2024-05-01T00:00:00Z,0,0.0,monthly,2018-01-01,2026-04-30,all
Objective-C,objective-c tutorial,2024-06-01T00:00:00Z,0,0.0,monthly,2018-01-01,2026-04-30,all
Objective-C,objective-c tutorial,2024-07-01T00:00:00Z,0,0.0,monthly,2018-01-01,2026-04-30,all
Objective-C,objective-c tutorial,2024-08-01T00:00:00Z,0,0.0,monthly,2018-01-01,2026-04-30,all
Objective-C,objective-c tutorial,2024-09-01T00:00:00Z,0,0.0,monthly,2018-01-01,2026-04-30,all
Objective-C,objective-c tutorial,2024-10-01T00:00:00Z,0,0.0,monthly,2018-01-01,2026-04-30,all
Objective-C,objective-c tutorial,2024-11-01T00:00:00Z,0,0.0,monthly,2018-01-01,2026-04-30,all
Objective-C,objective-c tutorial,2024-12-01T00:00:00Z,0,0.0,monthly,2018-01-01,2026-04-30,all
Objective-C,objective-c tutorial,2025-01-01T00:00:00Z,0,0.0,monthly,2018-01-01,2026-04-30,all
Objective-C,objective-c tutorial,2025-02-01T00:00:00Z,0,0.0,monthly,2018-01-01,2026-04-30,all
Objective-C,objective-c tutorial,2025-03-01T00:00:00Z,0,0.0,monthly,2018-01-01,2026-04-30,all
Objective-C,objective-c tutorial,2025-04-01T00:00:00Z,0,0.0,monthly,2018-01-01,2026-04-30,all
Objective-C,objective-c tutorial,2025-05-01T00:00:00Z,0,0.0,monthly,2018-01-01,2026-04-30,all
Objective-C,objective-c tutorial,2025-06-01T00:00:00Z,0,0.0,monthly,2018-01-01,2026-04-30,all
Objective-C,objective-c tutorial,2025-07-01T00:00:00Z,0,0.0,monthly,2018-01-01,2026-04-30,all
Objective-C,objective-c tutorial,2025-08-01T00:00:00Z,0,0.0,monthly,2018-01-01,2026-04-30,all
Objective-C,objective-c tutorial,2025-09-01T00:00:00Z,0,0.0,monthly,2018-01-01,2026-04-30,all
Objective-C,objective-c tutorial,2025-10-01T00:00:00Z,0,0.0,monthly,2018-01-01,2026-04-30,all
Objective-C,objective-c tutorial,2025-11-01T00:00:00Z,0,0.0,monthly,2018-01-01,2026-04-30,all
Objective-C,objective-c tutorial,2025-12-01T00:00:00Z,0,0.0,monthly,2018-01-01,2026-04-30,all
Objective-C,objective-c tutorial,2026-01-01T00:00:00Z,0,0.0,monthly,2018-01-01,2026-04-30,all
Objective-C,objective-c tutorial,2026-02-01T00:00:00Z,0,0.0,monthly,2018-01-01,2026-04-30,all
Objective-C,objective-c tutorial,2026-03-01T00:00:00Z,0,0.0,monthly,2018-01-01,2026-04-30,all
Objective-C,objective-c tutorial,2026-04-01T00:00:00Z,0,0.0,monthly,2018-01-01,2026-04-30,all
Perl,perl tutorial,2018-01-01T00:00:00Z,6,7.724376568598966e-08,monthly,2018-01-01,2026-04-30,all
Perl,perl tutorial,2018-02-01T00:00:00Z,19,2.4513512244874744e-07,monthly,2018-01-01,2026-04-30,all
Perl,perl tutorial,2018-03-01T00:00:00Z,0,0.0,monthly,2018-01-01,2026-04-30,all
Perl,perl tutorial,2018-04-01T00:00:00Z,0,0.0,monthly,2018-01-01,2026-04-30,all
Perl,perl tutorial,2018-05-01T00:00:00Z,0,0.0,monthly,2018-01-01,2026-04-30,all
Perl,perl tutorial,2018-06-01T00:00:00Z,0,0.0,monthly,2018-01-01,2026-04-30,all
Perl,perl tutorial,2018-07-01T00:00:00Z,9,1.2874512365720649e-07,monthly,2018-01-01,2026-04-30,all
Perl,perl tutorial,2018-08-01T00:00:00Z,22,3.116462354433261e-07,monthly,2018-01-01,2026-04-30,all
Perl,perl tutorial,2018-09-01T00:00:00Z,13,1.6405791235118753e-07,monthly,2018-01-01,2026-04-30,all
Perl,perl tutorial,2018-10-01T00:00:00Z,11,1.1937051025766497e-07,monthly,2018-01-01,2026-04-30,all
Perl,perl tutorial,2018-11-01T00:00:00Z,32,3.7655705565865927e-07,monthly,2018-01-01,2026-04-30,all
Perl,perl tutorial,2018-12-01T00:00:00Z,17,1.9879739029600598e-07,monthly,2018-01-01,2026-04-30,all
Perl,perl tutorial,2019-01-01T00:00:00Z,32,3.6344084592508727e-07,monthly,2018-01-01,2026-04-30,all
Perl,perl tutorial,2019-02-01T00:00:00Z,13,1.5501765098168267e-07,monthly,2018-01-01,2026-04-30,all
Perl,perl tutorial,2019-03-01T00:00:00Z,23,2.619315422249031e-07,monthly,2018-01-01,2026-04-30,all
Perl,perl tutorial,2019-04-01T00:00:00Z,59,7.1385028108389e-07,monthly,2018-01-01,2026-04-30,all
Perl,perl tutorial,2019-05-01T00:00:00Z,0,0.0,monthly,2018-01-01,2026-04-30,all
Perl,perl tutorial,2019-06-01T00:00:00Z,0,0.0,monthly,2018-01-01,2026-04-30,all
Perl,perl tutorial,2019-07-01T00:00:00Z,0,0.0,monthly,2018-01-01,2026-04-30,all
Perl,perl tutorial,2019-08-01T00:00:00Z,0,0.0,monthly,2018-01-01,2026-04-30,all
Perl,perl tutorial,2019-09-01T00:00:00Z,6,7.626882695786894e-08,monthly,2018-01-01,2026-04-30,all
Perl,perl tutorial,2019-10-01T00:00:00Z,16,1.808495281731943e-07,monthly,2018-01-01,2026-04-30,all
Perl,perl tutorial,2019-11-01T00:00:00Z,8,9.01462745678431e-08,monthly,2018-01-01,2026-04-30,all
Perl,perl tutorial,2019-12-01T00:00:00Z,14,1.5093087644919038e-07,monthly,2018-01-01,2026-04-30,all
Perl,perl tutorial,2020-01-01T00:00:00Z,23,2.3652725857100785e-07,monthly,2018-01-01,2026-04-30,all
Perl,perl tutorial,2020-02-01T00:00:00Z,15,1.6314740514408868e-07,monthly,2018-01-01,2026-04-30,all
Perl,perl tutorial,2020-03-01T00:00:00Z,9,9.158551735802024e-08,monthly,2018-01-01,2026-04-30,all
Perl,perl tutorial,2020-04-01T00:00:00Z,30,2.5113185270414574e-07,monthly,2018-01-01,2026-04-30,all
Perl,perl tutorial,2020-05-01T00:00:00Z,0,0.0,monthly,2018-01-01,2026-04-30,all
Perl,perl tutorial,2020-06-01T00:00:00Z,0,0.0,monthly,2018-01-01,2026-04-30,all
Perl,perl tutorial,2020-07-01T00:00:00Z,0,0.0,monthly,2018-01-01,2026-04-30,all
Perl,perl tutorial,2020-08-01T00:00:00Z,0,0.0,monthly,2018-01-01,2026-04-30,all
Perl,perl tutorial,2020-09-01T00:00:00Z,0,0.0,monthly,2018-01-01,2026-04-30,all
Perl,perl tutorial,2020-10-01T00:00:00Z,13,1.2082902695195824e-07,monthly,2018-01-01,2026-04-30,all
Perl,perl tutorial,2020-11-01T00:00:00Z,16,1.3958103336959012e-07,monthly,2018-01-01,2026-04-30,all
Perl,perl tutorial,2020-12-01T00:00:00Z,15,1.3572490242444278e-07,monthly,2018-01-01,2026-04-30,all
Perl,perl tutorial,2021-01-01T00:00:00Z,8,7.664335743916124e-08,monthly,2018-01-01,2026-04-30,all
Perl,perl tutorial,2021-02-01T00:00:00Z,5,5.0018597940095385e-08,monthly,2018-01-01,2026-04-30,all
Perl,perl tutorial,2021-03-01T00:00:00Z,0,0.0,monthly,2018-01-01,2026-04-30,all
Perl,perl tutorial,2021-04-01T00:00:00Z,0,0.0,monthly,2018-01-01,2026-04-30,all
Perl,perl tutorial,2021-05-01T00:00:00Z,0,0.0,monthly,2018-01-01,2026-04-30,all
Perl,perl tutorial,2021-06-01T00:00:00Z,0,0.0,monthly,2018-01-01,2026-04-30,all
Perl,perl tutorial,2021-07-01T00:00:00Z,0,0.0,monthly,2018-01-01,2026-04-30,all
Perl,perl tutorial,2021-08-01T00:00:00Z,0,0.0,monthly,2018-01-01,2026-04-30,all
Perl,perl tutorial,2021-09-01T00:00:00Z,33,3.080594448961573e-07,monthly,2018-01-01,2026-04-30,all
Perl,perl tutorial,2021-10-01T00:00:00Z,23,2.022424846478152e-07,monthly,2018-01-01,2026-04-30,all
Perl,perl tutorial,2021-11-01T00:00:00Z,4,3.451534304154573e-08,monthly,2018-01-01,2026-04-30,all
Perl,perl tutorial,2021-12-01T00:00:00Z,12,1.0127097252913522e-07,monthly,2018-01-01,2026-04-30,all
Perl,perl tutorial,2022-01-01T00:00:00Z,7,5.871571346250596e-08,monthly,2018-01-01,2026-04-30,all
Perl,perl tutorial,2022-02-01T00:00:00Z,0,0.0,monthly,2018-01-01,2026-04-30,all
Perl,perl tutorial,2022-03-01T00:00:00Z,0,0.0,monthly,2018-01-01,2026-04-30,all
Perl,perl tutorial,2022-04-01T00:00:00Z,28,2.3425883619368856e-07,monthly,2018-01-01,2026-04-30,all
Perl,perl tutorial,2022-05-01T00:00:00Z,17,1.424801582820929e-07,monthly,2018-01-01,2026-04-30,all
Perl,perl tutorial,2022-06-01T00:00:00Z,9,8.396930678661836e-08,monthly,2018-01-01,2026-04-30,all
Perl,perl tutorial,2022-07-01T00:00:00Z,0,0.0,monthly,2018-01-01,2026-04-30,all
Perl,perl tutorial,2022-08-01T00:00:00Z,0,0.0,monthly,2018-01-01,2026-04-30,all
Perl,perl tutorial,2022-09-01T00:00:00Z,0,0.0,monthly,2018-01-01,2026-04-30,all
Perl,perl tutorial,2022-10-01T00:00:00Z,0,0.0,monthly,2018-01-01,2026-04-30,all
Perl,perl tutorial,2022-11-01T00:00:00Z,14,1.1095108884766281e-07,monthly,2018-01-01,2026-04-30,all
Perl,perl tutorial,2022-12-01T00:00:00Z,21,1.6693166075495534e-07,monthly,2018-01-01,2026-04-30,all
Perl,perl tutorial,2023-01-01T00:00:00Z,11,8.92420142025964e-08,monthly,2018-01-01,2026-04-30,all
Perl,perl tutorial,2023-02-01T00:00:00Z,12,1.0515496415504834e-07,monthly,2018-01-01,2026-04-30,all
Perl,perl tutorial,2023-03-01T00:00:00Z,29,2.3312994068685864e-07,monthly,2018-01-01,2026-04-30,all
Perl,perl tutorial,2023-04-01T00:00:00Z,7,6.064059285105807e-08,monthly,2018-01-01,2026-04-30,all
Perl,perl tutorial,2023-05-01T00:00:00Z,17,1.5028426684565653e-07,monthly,2018-01-01,2026-04-30,all
Perl,perl tutorial,2023-06-01T00:00:00Z,18,1.755733558697108e-07,monthly,2018-01-01,2026-04-30,all
Perl,perl tutorial,2023-07-01T00:00:00Z,9,8.922240398860406e-08,monthly,2018-01-01,2026-04-30,all
Perl,perl tutorial,2023-08-01T00:00:00Z,0,0.0,monthly,2018-01-01,2026-04-30,all
Perl,perl tutorial,2023-09-01T00:00:00Z,0,0.0,monthly,2018-01-01,2026-04-30,all
Perl,perl tutorial,2023-10-01T00:00:00Z,0,0.0,monthly,2018-01-01,2026-04-30,all
Perl,perl tutorial,2023-11-01T00:00:00Z,13,1.1077149546715514e-07,monthly,2018-01-01,2026-04-30,all
Perl,perl tutorial,2023-12-01T00:00:00Z,8,6.702057502926705e-08,monthly,2018-01-01,2026-04-30,all
Perl,perl tutorial,2024-01-01T00:00:00Z,8,6.636161297731868e-08,monthly,2018-01-01,2026-04-30,all
Perl,perl tutorial,2024-02-01T00:00:00Z,0,0.0,monthly,2018-01-01,2026-04-30,all
Perl,perl tutorial,2024-03-01T00:00:00Z,0,0.0,monthly,2018-01-01,2026-04-30,all
Perl,perl tutorial,2024-04-01T00:00:00Z,10,9.217938345031061e-08,monthly,2018-01-01,2026-04-30,all
Perl,perl tutorial,2024-05-01T00:00:00Z,0,0.0,monthly,2018-01-01,2026-04-30,all
Perl,perl tutorial,2024-06-01T00:00:00Z,0,0.0,monthly,2018-01-01,2026-04-30,all
Perl,perl tutorial,2024-07-01T00:00:00Z,0,0.0,monthly,2018-01-01,2026-04-30,all
Perl,perl tutorial,2024-08-01T00:00:00Z,0,0.0,monthly,2018-01-01,2026-04-30,all
Perl,perl tutorial,2024-09-01T00:00:00Z,12,1.2079734453154433e-07,monthly,2018-01-01,2026-04-30,all
Perl,perl tutorial,2024-10-01T00:00:00Z,0,0.0,monthly,2018-01-01,2026-04-30,all
Perl,perl tutorial,2024-11-01T00:00:00Z,0,0.0,monthly,2018-01-01,2026-04-30,all
Perl,perl tutorial,2024-12-01T00:00:00Z,0,0.0,monthly,2018-01-01,2026-04-30,all
Perl,perl tutorial,2025-01-01T00:00:00Z,0,0.0,monthly,2018-01-01,2026-04-30,all
Perl,perl tutorial,2025-02-01T00:00:00Z,0,0.0,monthly,2018-01-01,2026-04-30,all
Perl,perl tutorial,2025-03-01T00:00:00Z,0,0.0,monthly,2018-01-01,2026-04-30,all
Perl,perl tutorial,2025-04-01T00:00:00Z,0,0.0,monthly,2018-01-01,2026-04-30,all
Perl,perl tutorial,2025-05-01T00:00:00Z,0,0.0,monthly,2018-01-01,2026-04-30,all
Perl,perl tutorial,2025-06-01T00:00:00Z,0,0.0,monthly,2018-01-01,2026-04-30,all
Perl,perl tutorial,2025-07-01T00:00:00Z,0,0.0,monthly,2018-01-01,2026-04-30,all
Perl,perl tutorial,2025-08-01T00:00:00Z,0,0.0,monthly,2018-01-01,2026-04-30,all
Perl,perl tutorial,2025-09-01T00:00:00Z,0,0.0,monthly,2018-01-01,2026-04-30,all
Perl,perl tutorial,2025-10-01T00:00:00Z,0,0.0,monthly,2018-01-01,2026-04-30,all
Perl,perl tutorial,2025-11-01T00:00:00Z,0,0.0,monthly,2018-01-01,2026-04-30,all
Perl,perl tutorial,2025-12-01T00:00:00Z,0,0.0,monthly,2018-01-01,2026-04-30,all
Perl,perl tutorial,2026-01-01T00:00:00Z,0,0.0,monthly,2018-01-01,2026-04-30,all
Perl,perl tutorial,2026-02-01T00:00:00Z,0,0.0,monthly,2018-01-01,2026-04-30,all
Perl,perl tutorial,2026-03-01T00:00:00Z,0,0.0,monthly,2018-01-01,2026-04-30,all
Perl,perl tutorial,2026-04-01T00:00:00Z,0,0.0,monthly,2018-01-01,2026-04-30,all
PHP,php tutorial,2018-01-01T00:00:00Z,288,3.7077007529275035e-06,monthly,2018-01-01,2026-04-30,all
PHP,php tutorial,2018-02-01T00:00:00Z,359,4.631763629426334e-06,monthly,2018-01-01,2026-04-30,all
PHP,php tutorial,2018-03-01T00:00:00Z,844,1.0039770809376007e-05,monthly,2018-01-01,2026-04-30,all
PHP,php tutorial,2018-04-01T00:00:00Z,797,1.0517686166538286e-05,monthly,2018-01-01,2026-04-30,all
PHP,php tutorial,2018-05-01T00:00:00Z,368,4.897807338391043e-06,monthly,2018-01-01,2026-04-30,all
PHP,php tutorial,2018-06-01T00:00:00Z,335,4.8282161426414785e-06,monthly,2018-01-01,2026-04-30,all
PHP,php tutorial,2018-07-01T00:00:00Z,219,3.1327980089920245e-06,monthly,2018-01-01,2026-04-30,all
PHP,php tutorial,2018-08-01T00:00:00Z,238,3.3714456379778003e-06,monthly,2018-01-01,2026-04-30,all
PHP,php tutorial,2018-09-01T00:00:00Z,345,4.353844597012284e-06,monthly,2018-01-01,2026-04-30,all
PHP,php tutorial,2018-10-01T00:00:00Z,394,4.275634640138181e-06,monthly,2018-01-01,2026-04-30,all
PHP,php tutorial,2018-11-01T00:00:00Z,361,4.24803428414925e-06,monthly,2018-01-01,2026-04-30,all
PHP,php tutorial,2018-12-01T00:00:00Z,382,4.467094299592605e-06,monthly,2018-01-01,2026-04-30,all
PHP,php tutorial,2019-01-01T00:00:00Z,448,5.088171842951221e-06,monthly,2018-01-01,2026-04-30,all
PHP,php tutorial,2019-02-01T00:00:00Z,279,3.326917278760728e-06,monthly,2018-01-01,2026-04-30,all
PHP,php tutorial,2019-03-01T00:00:00Z,348,3.963138117142012e-06,monthly,2018-01-01,2026-04-30,all
PHP,php tutorial,2019-04-01T00:00:00Z,372,4.500886518020459e-06,monthly,2018-01-01,2026-04-30,all
PHP,php tutorial,2019-05-01T00:00:00Z,336,4.2496579871773775e-06,monthly,2018-01-01,2026-04-30,all
PHP,php tutorial,2019-06-01T00:00:00Z,748,1.0320495676441989e-05,monthly,2018-01-01,2026-04-30,all
PHP,php tutorial,2019-07-01T00:00:00Z,291,3.95783411450012e-06,monthly,2018-01-01,2026-04-30,all
PHP,php tutorial,2019-08-01T00:00:00Z,258,3.5488186518469574e-06,monthly,2018-01-01,2026-04-30,all
PHP,php tutorial,2019-09-01T00:00:00Z,336,4.271054309640661e-06,monthly,2018-01-01,2026-04-30,all
PHP,php tutorial,2019-10-01T00:00:00Z,312,3.5265657993772883e-06,monthly,2018-01-01,2026-04-30,all
PHP,php tutorial,2019-11-01T00:00:00Z,259,2.9184856391339203e-06,monthly,2018-01-01,2026-04-30,all
PHP,php tutorial,2019-12-01T00:00:00Z,316,3.406725496996011e-06,monthly,2018-01-01,2026-04-30,all
PHP,php tutorial,2020-01-01T00:00:00Z,234,2.406407761113732e-06,monthly,2018-01-01,2026-04-30,all
PHP,php tutorial,2020-02-01T00:00:00Z,436,4.742151242854844e-06,monthly,2018-01-01,2026-04-30,all
PHP,php tutorial,2020-03-01T00:00:00Z,283,2.8798557124799695e-06,monthly,2018-01-01,2026-04-30,all
PHP,php tutorial,2020-04-01T00:00:00Z,499,4.177159816645624e-06,monthly,2018-01-01,2026-04-30,all
PHP,php tutorial,2020-05-01T00:00:00Z,356,3.319438342215472e-06,monthly,2018-01-01,2026-04-30,all
PHP,php tutorial,2020-06-01T00:00:00Z,486,5.449373091864029e-06,monthly,2018-01-01,2026-04-30,all
PHP,php tutorial,2020-07-01T00:00:00Z,195,2.3153128522417535e-06,monthly,2018-01-01,2026-04-30,all
PHP,php tutorial,2020-08-01T00:00:00Z,165,1.9674483908530913e-06,monthly,2018-01-01,2026-04-30,all
PHP,php tutorial,2020-09-01T00:00:00Z,225,2.3697680247856788e-06,monthly,2018-01-01,2026-04-30,all
PHP,php tutorial,2020-10-01T00:00:00Z,446,4.145365078505645e-06,monthly,2018-01-01,2026-04-30,all
PHP,php tutorial,2020-11-01T00:00:00Z,419,3.6552783113661408e-06,monthly,2018-01-01,2026-04-30,all
PHP,php tutorial,2020-12-01T00:00:00Z,356,3.2212043508734422e-06,monthly,2018-01-01,2026-04-30,all
PHP,php tutorial,2021-01-01T00:00:00Z,331,3.171118914045296e-06,monthly,2018-01-01,2026-04-30,all
PHP,php tutorial,2021-02-01T00:00:00Z,353,3.5313130145707346e-06,monthly,2018-01-01,2026-04-30,all
PHP,php tutorial,2021-03-01T00:00:00Z,291,2.6730453312865033e-06,monthly,2018-01-01,2026-04-30,all
PHP,php tutorial,2021-04-01T00:00:00Z,293,2.718141243510025e-06,monthly,2018-01-01,2026-04-30,all
PHP,php tutorial,2021-05-01T00:00:00Z,260,2.5200053071040384e-06,monthly,2018-01-01,2026-04-30,all
PHP,php tutorial,2021-06-01T00:00:00Z,231,2.3283733494026386e-06,monthly,2018-01-01,2026-04-30,all
PHP,php tutorial,2021-07-01T00:00:00Z,174,1.7936146167401282e-06,monthly,2018-01-01,2026-04-30,all
PHP,php tutorial,2021-08-01T00:00:00Z,157,1.5659943611890492e-06,monthly,2018-01-01,2026-04-30,all
PHP,php tutorial,2021-09-01T00:00:00Z,466,4.350172767321495e-06,monthly,2018-01-01,2026-04-30,all
PHP,php tutorial,2021-10-01T00:00:00Z,314,2.7610495730179987e-06,monthly,2018-01-01,2026-04-30,all
PHP,php tutorial,2021-11-01T00:00:00Z,280,2.4160740129082012e-06,monthly,2018-01-01,2026-04-30,all
PHP,php tutorial,2021-12-01T00:00:00Z,371,3.1309609006924306e-06,monthly,2018-01-01,2026-04-30,all
PHP,php tutorial,2022-01-01T00:00:00Z,290,2.4325081291609614e-06,monthly,2018-01-01,2026-04-30,all
PHP,php tutorial,2022-02-01T00:00:00Z,257,2.1761121469071414e-06,monthly,2018-01-01,2026-04-30,all
PHP,php tutorial,2022-03-01T00:00:00Z,378,2.965293571443859e-06,monthly,2018-01-01,2026-04-30,all
PHP,php tutorial,2022-04-01T00:00:00Z,258,2.1585278477847016e-06,monthly,2018-01-01,2026-04-30,all
PHP,php tutorial,2022-05-01T00:00:00Z,303,2.5394992917337733e-06,monthly,2018-01-01,2026-04-30,all
PHP,php tutorial,2022-06-01T00:00:00Z,244,2.2765012062149868e-06,monthly,2018-01-01,2026-04-30,all
PHP,php tutorial,2022-07-01T00:00:00Z,169,1.6207004975694567e-06,monthly,2018-01-01,2026-04-30,all
PHP,php tutorial,2022-08-01T00:00:00Z,186,1.726352641281631e-06,monthly,2018-01-01,2026-04-30,all
PHP,php tutorial,2022-09-01T00:00:00Z,319,2.728710052547176e-06,monthly,2018-01-01,2026-04-30,all
PHP,php tutorial,2022-10-01T00:00:00Z,434,3.509100736450274e-06,monthly,2018-01-01,2026-04-30,all
PHP,php tutorial,2022-11-01T00:00:00Z,361,2.8609530767147334e-06,monthly,2018-01-01,2026-04-30,all
PHP,php tutorial,2022-12-01T00:00:00Z,367,2.9173294998604097e-06,monthly,2018-01-01,2026-04-30,all
PHP,php tutorial,2023-01-01T00:00:00Z,333,2.7015991572240545e-06,monthly,2018-01-01,2026-04-30,all
PHP,php tutorial,2023-02-01T00:00:00Z,390,3.417536335039071e-06,monthly,2018-01-01,2026-04-30,all
PHP,php tutorial,2023-03-01T00:00:00Z,390,3.1351957540646503e-06,monthly,2018-01-01,2026-04-30,all
PHP,php tutorial,2023-04-01T00:00:00Z,280,2.425623714042323e-06,monthly,2018-01-01,2026-04-30,all
PHP,php tutorial,2023-05-01T00:00:00Z,317,2.802359564121948e-06,monthly,2018-01-01,2026-04-30,all
PHP,php tutorial,2023-06-01T00:00:00Z,226,2.20442102369748e-06,monthly,2018-01-01,2026-04-30,all
PHP,php tutorial,2023-07-01T00:00:00Z,171,1.695225675783477e-06,monthly,2018-01-01,2026-04-30,all
PHP,php tutorial,2023-08-01T00:00:00Z,173,1.722228149081804e-06,monthly,2018-01-01,2026-04-30,all
PHP,php tutorial,2023-09-01T00:00:00Z,308,2.8639011380717165e-06,monthly,2018-01-01,2026-04-30,all
PHP,php tutorial,2023-10-01T00:00:00Z,343,2.875557876850071e-06,monthly,2018-01-01,2026-04-30,all
PHP,php tutorial,2023-11-01T00:00:00Z,374,3.1868107157473856e-06,monthly,2018-01-01,2026-04-30,all
PHP,php tutorial,2023-12-01T00:00:00Z,246,2.0608826821499618e-06,monthly,2018-01-01,2026-04-30,all
PHP,php tutorial,2024-01-01T00:00:00Z,235,1.949372381208736e-06,monthly,2018-01-01,2026-04-30,all
PHP,php tutorial,2024-02-01T00:00:00Z,331,2.9478932330083794e-06,monthly,2018-01-01,2026-04-30,all
PHP,php tutorial,2024-03-01T00:00:00Z,327,2.8354797401487182e-06,monthly,2018-01-01,2026-04-30,all
PHP,php tutorial,2024-04-01T00:00:00Z,269,2.4796254148133554e-06,monthly,2018-01-01,2026-04-30,all
PHP,php tutorial,2024-05-01T00:00:00Z,325,3.0513375057722974e-06,monthly,2018-01-01,2026-04-30,all
PHP,php tutorial,2024-06-01T00:00:00Z,192,2.056015094460121e-06,monthly,2018-01-01,2026-04-30,all
PHP,php tutorial,2024-07-01T00:00:00Z,150,1.6116176979812975e-06,monthly,2018-01-01,2026-04-30,all
PHP,php tutorial,2024-08-01T00:00:00Z,145,1.550828038197399e-06,monthly,2018-01-01,2026-04-30,all
PHP,php tutorial,2024-09-01T00:00:00Z,306,3.0803322855543806e-06,monthly,2018-01-01,2026-04-30,all
PHP,php tutorial,2024-10-01T00:00:00Z,358,3.1891432728885845e-06,monthly,2018-01-01,2026-04-30,all
PHP,php tutorial,2024-11-01T00:00:00Z,335,2.8815246710953442e-06,monthly,2018-01-01,2026-04-30,all
PHP,php tutorial,2024-12-01T00:00:00Z,429,3.5754811212090214e-06,monthly,2018-01-01,2026-04-30,all
PHP,php tutorial,2025-01-01T00:00:00Z,343,2.890450295025898e-06,monthly,2018-01-01,2026-04-30,all
PHP,php tutorial,2025-02-01T00:00:00Z,359,3.1463426382195147e-06,monthly,2018-01-01,2026-04-30,all
PHP,php tutorial,2025-03-01T00:00:00Z,285,2.3782435643141984e-06,monthly,2018-01-01,2026-04-30,all
PHP,php tutorial,2025-04-01T00:00:00Z,238,2.089159433545227e-06,monthly,2018-01-01,2026-04-30,all
PHP,php tutorial,2025-05-01T00:00:00Z,175,1.6397810746278006e-06,monthly,2018-01-01,2026-04-30,all
PHP,php tutorial,2025-06-01T00:00:00Z,150,1.4483530596266575e-06,monthly,2018-01-01,2026-04-30,all
PHP,php tutorial,2025-07-01T00:00:00Z,103,9.733294448525917e-07,monthly,2018-01-01,2026-04-30,all
PHP,php tutorial,2025-08-01T00:00:00Z,107,1.0288121905794095e-06,monthly,2018-01-01,2026-04-30,all
PHP,php tutorial,2025-09-01T00:00:00Z,193,1.7638240619268606e-06,monthly,2018-01-01,2026-04-30,all
PHP,php tutorial,2025-10-01T00:00:00Z,231,1.9595364702228514e-06,monthly,2018-01-01,2026-04-30,all
PHP,php tutorial,2025-11-01T00:00:00Z,230,1.9862866364724586e-06,monthly,2018-01-01,2026-04-30,all
PHP,php tutorial,2025-12-01T00:00:00Z,201,1.7662178288572842e-06,monthly,2018-01-01,2026-04-30,all
PHP,php tutorial,2026-01-01T00:00:00Z,122,1.1774298413489184e-06,monthly,2018-01-01,2026-04-30,all
PHP,php tutorial,2026-02-01T00:00:00Z,149,1.5808237746362384e-06,monthly,2018-01-01,2026-04-30,all
PHP,php tutorial,2026-03-01T00:00:00Z,118,1.0753915639300419e-06,monthly,2018-01-01,2026-04-30,all
PHP,php tutorial,2026-04-01T00:00:00Z,142,1.2596447389488796e-06,monthly,2018-01-01,2026-04-30,all
Powershell,powershell tutorial,2018-01-01T00:00:00Z,7,9.01177266336546e-08,monthly,2018-01-01,2026-04-30,all
Powershell,powershell tutorial,2018-02-01T00:00:00Z,0,0.0,monthly,2018-01-01,2026-04-30,all
Powershell,powershell tutorial,2018-03-01T00:00:00Z,13,1.5464101957569677e-07,monthly,2018-01-01,2026-04-30,all
Powershell,powershell tutorial,2018-04-01T00:00:00Z,12,1.5835913927033805e-07,monthly,2018-01-01,2026-04-30,all
Powershell,powershell tutorial,2018-05-01T00:00:00Z,17,2.2625740421915148e-07,monthly,2018-01-01,2026-04-30,all
Powershell,powershell tutorial,2018-06-01T00:00:00Z,19,2.738391245080242e-07,monthly,2018-01-01,2026-04-30,all
Powershell,powershell tutorial,2018-07-01T00:00:00Z,4,5.722005495875844e-08,monthly,2018-01-01,2026-04-30,all
Powershell,powershell tutorial,2018-08-01T00:00:00Z,13,1.8415459367105632e-07,monthly,2018-01-01,2026-04-30,all
Powershell,powershell tutorial,2018-09-01T00:00:00Z,0,0.0,monthly,2018-01-01,2026-04-30,all
Powershell,powershell tutorial,2018-10-01T00:00:00Z,17,1.844816976709368e-07,monthly,2018-01-01,2026-04-30,all
Powershell,powershell tutorial,2018-11-01T00:00:00Z,18,2.1181334380799584e-07,monthly,2018-01-01,2026-04-30,all
Powershell,powershell tutorial,2018-12-01T00:00:00Z,17,1.9879739029600598e-07,monthly,2018-01-01,2026-04-30,all
Powershell,powershell tutorial,2019-01-01T00:00:00Z,13,1.476478436570667e-07,monthly,2018-01-01,2026-04-30,all
Powershell,powershell tutorial,2019-02-01T00:00:00Z,8,9.539547752718933e-08,monthly,2018-01-01,2026-04-30,all
Powershell,powershell tutorial,2019-03-01T00:00:00Z,14,1.594365909195062e-07,monthly,2018-01-01,2026-04-30,all
Powershell,powershell tutorial,2019-04-01T00:00:00Z,8,9.679325845205288e-08,monthly,2018-01-01,2026-04-30,all
Powershell,powershell tutorial,2019-05-01T00:00:00Z,13,1.644212911705533e-07,monthly,2018-01-01,2026-04-30,all
Powershell,powershell tutorial,2019-06-01T00:00:00Z,16,2.2075926580624578e-07,monthly,2018-01-01,2026-04-30,all
Powershell,powershell tutorial,2019-07-01T00:00:00Z,14,1.904112632405556e-07,monthly,2018-01-01,2026-04-30,all
Powershell,powershell tutorial,2019-08-01T00:00:00Z,16,2.2008177685872608e-07,monthly,2018-01-01,2026-04-30,all
Powershell,powershell tutorial,2019-09-01T00:00:00Z,19,2.415179520332516e-07,monthly,2018-01-01,2026-04-30,all
Powershell,powershell tutorial,2019-10-01T00:00:00Z,18,2.0345571919484358e-07,monthly,2018-01-01,2026-04-30,all
Powershell,powershell tutorial,2019-11-01T00:00:00Z,12,1.3521941185176466e-07,monthly,2018-01-01,2026-04-30,all
Powershell,powershell tutorial,2019-12-01T00:00:00Z,18,1.940539840061019e-07,monthly,2018-01-01,2026-04-30,all
Powershell,powershell tutorial,2020-01-01T00:00:00Z,19,1.9539208316735432e-07,monthly,2018-01-01,2026-04-30,all
Powershell,powershell tutorial,2020-02-01T00:00:00Z,25,2.7191234190681444e-07,monthly,2018-01-01,2026-04-30,all
Powershell,powershell tutorial,2020-03-01T00:00:00Z,22,2.238757090973828e-07,monthly,2018-01-01,2026-04-30,all
Powershell,powershell tutorial,2020-04-01T00:00:00Z,14,1.1719486459526802e-07,monthly,2018-01-01,2026-04-30,all
Powershell,powershell tutorial,2020-05-01T00:00:00Z,23,2.144580951431344e-07,monthly,2018-01-01,2026-04-30,all
Powershell,powershell tutorial,2020-06-01T00:00:00Z,21,2.3546673853733457e-07,monthly,2018-01-01,2026-04-30,all
Powershell,powershell tutorial,2020-07-01T00:00:00Z,10,1.1873399242265402e-07,monthly,2018-01-01,2026-04-30,all
Powershell,powershell tutorial,2020-08-01T00:00:00Z,5,5.961964820766943e-08,monthly,2018-01-01,2026-04-30,all
Powershell,powershell tutorial,2020-09-01T00:00:00Z,11,1.1585532565618874e-07,monthly,2018-01-01,2026-04-30,all
Powershell,powershell tutorial,2020-10-01T00:00:00Z,9,8.365086481289417e-08,monthly,2018-01-01,2026-04-30,all
Powershell,powershell tutorial,2020-11-01T00:00:00Z,0,0.0,monthly,2018-01-01,2026-04-30,all
Powershell,powershell tutorial,2020-12-01T00:00:00Z,0,0.0,monthly,2018-01-01,2026-04-30,all
Powershell,powershell tutorial,2021-01-01T00:00:00Z,0,0.0,monthly,2018-01-01,2026-04-30,all
Powershell,powershell tutorial,2021-02-01T00:00:00Z,9,9.00334762921717e-08,monthly,2018-01-01,2026-04-30,all
Powershell,powershell tutorial,2021-03-01T00:00:00Z,9,8.267150509133516e-08,monthly,2018-01-01,2026-04-30,all
Powershell,powershell tutorial,2021-04-01T00:00:00Z,13,1.206001234321854e-07,monthly,2018-01-01,2026-04-30,all
Powershell,powershell tutorial,2021-05-01T00:00:00Z,10,9.692328104246302e-08,monthly,2018-01-01,2026-04-30,all
Powershell,powershell tutorial,2021-06-01T00:00:00Z,6,6.047722985461399e-08,monthly,2018-01-01,2026-04-30,all
Powershell,powershell tutorial,2021-07-01T00:00:00Z,16,1.6493007970024166e-07,monthly,2018-01-01,2026-04-30,all
Powershell,powershell tutorial,2021-08-01T00:00:00Z,6,5.984691826200188e-08,monthly,2018-01-01,2026-04-30,all
Powershell,powershell tutorial,2021-09-01T00:00:00Z,14,1.3069188571352128e-07,monthly,2018-01-01,2026-04-30,all
Powershell,powershell tutorial,2021-10-01T00:00:00Z,9,7.913836355784073e-08,monthly,2018-01-01,2026-04-30,all
Powershell,powershell tutorial,2021-11-01T00:00:00Z,16,1.3806137216618292e-07,monthly,2018-01-01,2026-04-30,all
Powershell,powershell tutorial,2021-12-01T00:00:00Z,7,5.907473397532888e-08,monthly,2018-01-01,2026-04-30,all
Powershell,powershell tutorial,2022-01-01T00:00:00Z,8,6.710367252857824e-08,monthly,2018-01-01,2026-04-30,all
Powershell,powershell tutorial,2022-02-01T00:00:00Z,20,1.6934724878654793e-07,monthly,2018-01-01,2026-04-30,all
Powershell,powershell tutorial,2022-03-01T00:00:00Z,12,9.413630385536061e-08,monthly,2018-01-01,2026-04-30,all
Powershell,powershell tutorial,2022-04-01T00:00:00Z,7,5.856470904842214e-08,monthly,2018-01-01,2026-04-30,all
Powershell,powershell tutorial,2022-05-01T00:00:00Z,7,5.866830046909707e-08,monthly,2018-01-01,2026-04-30,all
Powershell,powershell tutorial,2022-06-01T00:00:00Z,20,1.8659845952581858e-07,monthly,2018-01-01,2026-04-30,all
Powershell,powershell tutorial,2022-07-01T00:00:00Z,11,1.054893814986037e-07,monthly,2018-01-01,2026-04-30,all
Powershell,powershell tutorial,2022-08-01T00:00:00Z,10,9.281465813342102e-08,monthly,2018-01-01,2026-04-30,all
Powershell,powershell tutorial,2022-09-01T00:00:00Z,18,1.539711001437278e-07,monthly,2018-01-01,2026-04-30,all
Powershell,powershell tutorial,2022-10-01T00:00:00Z,15,1.212822835178666e-07,monthly,2018-01-01,2026-04-30,all
Powershell,powershell tutorial,2022-11-01T00:00:00Z,9,7.132569997349753e-08,monthly,2018-01-01,2026-04-30,all
Powershell,powershell tutorial,2022-12-01T00:00:00Z,9,7.154214032355228e-08,monthly,2018-01-01,2026-04-30,all
Powershell,powershell tutorial,2023-01-01T00:00:00Z,10,8.112910382054218e-08,monthly,2018-01-01,2026-04-30,all
Powershell,powershell tutorial,2023-02-01T00:00:00Z,8,7.01033094366989e-08,monthly,2018-01-01,2026-04-30,all
Powershell,powershell tutorial,2023-03-01T00:00:00Z,18,1.4470134249529155e-07,monthly,2018-01-01,2026-04-30,all
Powershell,powershell tutorial,2023-04-01T00:00:00Z,23,1.9924766222490512e-07,monthly,2018-01-01,2026-04-30,all
Powershell,powershell tutorial,2023-05-01T00:00:00Z,23,2.0332577279118237e-07,monthly,2018-01-01,2026-04-30,all
Powershell,powershell tutorial,2023-06-01T00:00:00Z,17,1.6581928054361576e-07,monthly,2018-01-01,2026-04-30,all
Powershell,powershell tutorial,2023-07-01T00:00:00Z,7,6.93952031022476e-08,monthly,2018-01-01,2026-04-30,all
Powershell,powershell tutorial,2023-08-01T00:00:00Z,0,0.0,monthly,2018-01-01,2026-04-30,all
Powershell,powershell tutorial,2023-09-01T00:00:00Z,15,1.3947570477621994e-07,monthly,2018-01-01,2026-04-30,all
Powershell,powershell tutorial,2023-10-01T00:00:00Z,16,1.341368105819275e-07,monthly,2018-01-01,2026-04-30,all
Powershell,powershell tutorial,2023-11-01T00:00:00Z,30,2.556265280011272e-07,monthly,2018-01-01,2026-04-30,all
Powershell,powershell tutorial,2023-12-01T00:00:00Z,14,1.1728600630121733e-07,monthly,2018-01-01,2026-04-30,all
Powershell,powershell tutorial,2024-01-01T00:00:00Z,10,8.295201622164836e-08,monthly,2018-01-01,2026-04-30,all
Powershell,powershell tutorial,2024-02-01T00:00:00Z,12,1.0687226222386873e-07,monthly,2018-01-01,2026-04-30,all
Powershell,powershell tutorial,2024-03-01T00:00:00Z,24,2.081086047815573e-07,monthly,2018-01-01,2026-04-30,all
Powershell,powershell tutorial,2024-04-01T00:00:00Z,24,2.2123052028074545e-07,monthly,2018-01-01,2026-04-30,all
Powershell,powershell tutorial,2024-05-01T00:00:00Z,13,1.220535002308919e-07,monthly,2018-01-01,2026-04-30,all
Powershell,powershell tutorial,2024-06-01T00:00:00Z,8,8.566729560250504e-08,monthly,2018-01-01,2026-04-30,all
Powershell,powershell tutorial,2024-07-01T00:00:00Z,17,1.8265000577121373e-07,monthly,2018-01-01,2026-04-30,all
Powershell,powershell tutorial,2024-08-01T00:00:00Z,14,1.4973512092940404e-07,monthly,2018-01-01,2026-04-30,all
Powershell,powershell tutorial,2024-09-01T00:00:00Z,12,1.2079734453154433e-07,monthly,2018-01-01,2026-04-30,all
Powershell,powershell tutorial,2024-10-01T00:00:00Z,7,6.235755002854774e-08,monthly,2018-01-01,2026-04-30,all
Powershell,powershell tutorial,2024-11-01T00:00:00Z,15,1.2902349273561245e-07,monthly,2018-01-01,2026-04-30,all
Powershell,powershell tutorial,2024-12-01T00:00:00Z,11,9.167900310792363e-08,monthly,2018-01-01,2026-04-30,all
Powershell,powershell tutorial,2025-01-01T00:00:00Z,14,1.1797756306228155e-07,monthly,2018-01-01,2026-04-30,all
Powershell,powershell tutorial,2025-02-01T00:00:00Z,14,1.226985987049393e-07,monthly,2018-01-01,2026-04-30,all
Powershell,powershell tutorial,2025-03-01T00:00:00Z,17,1.4186014243277675e-07,monthly,2018-01-01,2026-04-30,all
Powershell,powershell tutorial,2025-04-01T00:00:00Z,14,1.2289173138501334e-07,monthly,2018-01-01,2026-04-30,all
Powershell,powershell tutorial,2025-05-01T00:00:00Z,14,1.3118248597022404e-07,monthly,2018-01-01,2026-04-30,all
Powershell,powershell tutorial,2025-06-01T00:00:00Z,0,0.0,monthly,2018-01-01,2026-04-30,all
Powershell,powershell tutorial,2025-07-01T00:00:00Z,0,0.0,monthly,2018-01-01,2026-04-30,all
Powershell,powershell tutorial,2025-08-01T00:00:00Z,8,7.692053761341379e-08,monthly,2018-01-01,2026-04-30,all
Powershell,powershell tutorial,2025-09-01T00:00:00Z,0,0.0,monthly,2018-01-01,2026-04-30,all
Powershell,powershell tutorial,2025-10-01T00:00:00Z,0,0.0,monthly,2018-01-01,2026-04-30,all
Powershell,powershell tutorial,2025-11-01T00:00:00Z,0,0.0,monthly,2018-01-01,2026-04-30,all
Powershell,powershell tutorial,2025-12-01T00:00:00Z,7,6.151007364179598e-08,monthly,2018-01-01,2026-04-30,all
Powershell,powershell tutorial,2026-01-01T00:00:00Z,0,0.0,monthly,2018-01-01,2026-04-30,all
Powershell,powershell tutorial,2026-02-01T00:00:00Z,0,0.0,monthly,2018-01-01,2026-04-30,all
Powershell,powershell tutorial,2026-03-01T00:00:00Z,0,0.0,monthly,2018-01-01,2026-04-30,all
Powershell,powershell tutorial,2026-04-01T00:00:00Z,10,8.870737598231548e-08,monthly,2018-01-01,2026-04-30,all
Python,python tutorial,2018-01-01T00:00:00Z,299,3.849314323351819e-06,monthly,2018-01-01,2026-04-30,all
Python,python tutorial,2018-02-01T00:00:00Z,435,5.612304119221323e-06,monthly,2018-01-01,2026-04-30,all
Python,python tutorial,2018-03-01T00:00:00Z,435,5.1745264242637e-06,monthly,2018-01-01,2026-04-30,all
Python,python tutorial,2018-04-01T00:00:00Z,465,6.1364166467256e-06,monthly,2018-01-01,2026-04-30,all
Python,python tutorial,2018-05-01T00:00:00Z,393,5.230538815183914e-06,monthly,2018-01-01,2026-04-30,all
Python,python tutorial,2018-06-01T00:00:00Z,376,5.419132148158794e-06,monthly,2018-01-01,2026-04-30,all
Python,python tutorial,2018-07-01T00:00:00Z,359,5.13549993254857e-06,monthly,2018-01-01,2026-04-30,all
Python,python tutorial,2018-08-01T00:00:00Z,563,7.975310479754208e-06,monthly,2018-01-01,2026-04-30,all
Python,python tutorial,2018-09-01T00:00:00Z,1061,1.3389649615739229e-05,monthly,2018-01-01,2026-04-30,all
Python,python tutorial,2018-10-01T00:00:00Z,816,8.855121488204966e-06,monthly,2018-01-01,2026-04-30,all
Python,python tutorial,2018-11-01T00:00:00Z,976,1.1484990197589109e-05,monthly,2018-01-01,2026-04-30,all
Python,python tutorial,2018-12-01T00:00:00Z,1308,1.52957050886574e-05,monthly,2018-01-01,2026-04-30,all
Python,python tutorial,2019-01-01T00:00:00Z,1399,1.588917948278741e-05,monthly,2018-01-01,2026-04-30,all
Python,python tutorial,2019-02-01T00:00:00Z,881,1.0505426962681726e-05,monthly,2018-01-01,2026-04-30,all
Python,python tutorial,2019-03-01T00:00:00Z,978,1.113778470851979e-05,monthly,2018-01-01,2026-04-30,all
Python,python tutorial,2019-04-01T00:00:00Z,868,1.0502068542047736e-05,monthly,2018-01-01,2026-04-30,all
Python,python tutorial,2019-05-01T00:00:00Z,658,8.322246891555698e-06,monthly,2018-01-01,2026-04-30,all
Python,python tutorial,2019-06-01T00:00:00Z,930,1.2831632324988036e-05,monthly,2018-01-01,2026-04-30,all
Python,python tutorial,2019-07-01T00:00:00Z,835,1.1356671771847423e-05,monthly,2018-01-01,2026-04-30,all
Python,python tutorial,2019-08-01T00:00:00Z,775,1.0660211066594544e-05,monthly,2018-01-01,2026-04-30,all
Python,python tutorial,2019-09-01T00:00:00Z,1052,1.3372467659946353e-05,monthly,2018-01-01,2026-04-30,all
Python,python tutorial,2019-10-01T00:00:00Z,980,1.1077033600608148e-05,monthly,2018-01-01,2026-04-30,all
Python,python tutorial,2019-11-01T00:00:00Z,1050,1.1831698537029407e-05,monthly,2018-01-01,2026-04-30,all
Python,python tutorial,2019-12-01T00:00:00Z,815,8.786333164720725e-06,monthly,2018-01-01,2026-04-30,all
Python,python tutorial,2020-01-01T00:00:00Z,1251,1.2865026107492644e-05,monthly,2018-01-01,2026-04-30,all
Python,python tutorial,2020-02-01T00:00:00Z,1185,1.2888645006383005e-05,monthly,2018-01-01,2026-04-30,all
Python,python tutorial,2020-03-01T00:00:00Z,1239,1.2608272889620787e-05,monthly,2018-01-01,2026-04-30,all
Python,python tutorial,2020-04-01T00:00:00Z,899,7.525584519367567e-06,monthly,2018-01-01,2026-04-30,all
Python,python tutorial,2020-05-01T00:00:00Z,860,8.018867905351984e-06,monthly,2018-01-01,2026-04-30,all
Python,python tutorial,2020-06-01T00:00:00Z,637,7.142491068965816e-06,monthly,2018-01-01,2026-04-30,all
Python,python tutorial,2020-07-01T00:00:00Z,587,6.9696853552097904e-06,monthly,2018-01-01,2026-04-30,all
Python,python tutorial,2020-08-01T00:00:00Z,546,6.510465584277503e-06,monthly,2018-01-01,2026-04-30,all
Python,python tutorial,2020-09-01T00:00:00Z,722,7.6043222839789344e-06,monthly,2018-01-01,2026-04-30,all
Python,python tutorial,2020-10-01T00:00:00Z,842,7.826003130272987e-06,monthly,2018-01-01,2026-04-30,all
Python,python tutorial,2020-11-01T00:00:00Z,882,7.694404464498655e-06,monthly,2018-01-01,2026-04-30,all
Python,python tutorial,2020-12-01T00:00:00Z,831,7.5191595943141295e-06,monthly,2018-01-01,2026-04-30,all
Python,python tutorial,2021-01-01T00:00:00Z,784,7.511049029037802e-06,monthly,2018-01-01,2026-04-30,all
Python,python tutorial,2021-02-01T00:00:00Z,866,8.66322116322452e-06,monthly,2018-01-01,2026-04-30,all
Python,python tutorial,2021-03-01T00:00:00Z,849,7.798678646949283e-06,monthly,2018-01-01,2026-04-30,all
Python,python tutorial,2021-04-01T00:00:00Z,765,7.096853417355526e-06,monthly,2018-01-01,2026-04-30,all
Python,python tutorial,2021-05-01T00:00:00Z,705,6.8330913134936415e-06,monthly,2018-01-01,2026-04-30,all
Python,python tutorial,2021-06-01T00:00:00Z,647,6.5214612859892085e-06,monthly,2018-01-01,2026-04-30,all
Python,python tutorial,2021-07-01T00:00:00Z,660,6.803365787634969e-06,monthly,2018-01-01,2026-04-30,all
Python,python tutorial,2021-08-01T00:00:00Z,634,6.323824363018198e-06,monthly,2018-01-01,2026-04-30,all
Python,python tutorial,2021-09-01T00:00:00Z,957,8.933723901988564e-06,monthly,2018-01-01,2026-04-30,all
Python,python tutorial,2021-10-01T00:00:00Z,982,8.634874779311067e-06,monthly,2018-01-01,2026-04-30,all
Python,python tutorial,2021-11-01T00:00:00Z,1067,9.206967756332322e-06,monthly,2018-01-01,2026-04-30,all
Python,python tutorial,2021-12-01T00:00:00Z,954,8.051042316066251e-06,monthly,2018-01-01,2026-04-30,all
Python,python tutorial,2022-01-01T00:00:00Z,994,8.337631311675847e-06,monthly,2018-01-01,2026-04-30,all
Python,python tutorial,2022-02-01T00:00:00Z,1105,9.356435495456774e-06,monthly,2018-01-01,2026-04-30,all
Python,python tutorial,2022-03-01T00:00:00Z,1262,9.900001288788758e-06,monthly,2018-01-01,2026-04-30,all
Python,python tutorial,2022-04-01T00:00:00Z,1224,1.0240457696466956e-05,monthly,2018-01-01,2026-04-30,all
Python,python tutorial,2022-05-01T00:00:00Z,1227,1.0283714953654586e-05,monthly,2018-01-01,2026-04-30,all
Python,python tutorial,2022-06-01T00:00:00Z,8960,8.359610986756674e-05,monthly,2018-01-01,2026-04-30,all
Python,python tutorial,2022-07-01T00:00:00Z,4584,4.396030225359994e-05,monthly,2018-01-01,2026-04-30,all
Python,python tutorial,2022-08-01T00:00:00Z,1076,9.986857215156103e-06,monthly,2018-01-01,2026-04-30,all
Python,python tutorial,2022-09-01T00:00:00Z,29320,0.00025080181423411664,monthly,2018-01-01,2026-04-30,all
Python,python tutorial,2022-10-01T00:00:00Z,16775,0.00013563402040081416,monthly,2018-01-01,2026-04-30,all
Python,python tutorial,2022-11-01T00:00:00Z,3792,3.005189492216695e-05,monthly,2018-01-01,2026-04-30,all
Python,python tutorial,2022-12-01T00:00:00Z,2820,2.2416537301379716e-05,monthly,2018-01-01,2026-04-30,all
Python,python tutorial,2023-01-01T00:00:00Z,3213,2.6066781057540206e-05,monthly,2018-01-01,2026-04-30,all
Python,python tutorial,2023-02-01T00:00:00Z,1645,1.4414993002921211e-05,monthly,2018-01-01,2026-04-30,all
Python,python tutorial,2023-03-01T00:00:00Z,2551,2.0507395816971598e-05,monthly,2018-01-01,2026-04-30,all
Python,python tutorial,2023-04-01T00:00:00Z,12983,0.000112470973855041,monthly,2018-01-01,2026-04-30,all
Python,python tutorial,2023-05-01T00:00:00Z,4033,3.565273224638428e-05,monthly,2018-01-01,2026-04-30,all
Python,python tutorial,2023-06-01T00:00:00Z,1907,1.860102164686325e-05,monthly,2018-01-01,2026-04-30,all
Python,python tutorial,2023-07-01T00:00:00Z,1452,1.4394547843494787e-05,monthly,2018-01-01,2026-04-30,all
Python,python tutorial,2023-08-01T00:00:00Z,1206,1.2005821663541362e-05,monthly,2018-01-01,2026-04-30,all
Python,python tutorial,2023-09-01T00:00:00Z,1409,1.310141786864626e-05,monthly,2018-01-01,2026-04-30,all
Python,python tutorial,2023-10-01T00:00:00Z,1515,1.2701079251976261e-05,monthly,2018-01-01,2026-04-30,all
Python,python tutorial,2023-11-01T00:00:00Z,1506,1.2832451705656586e-05,monthly,2018-01-01,2026-04-30,all
Python,python tutorial,2023-12-01T00:00:00Z,1374,1.1510783761276615e-05,monthly,2018-01-01,2026-04-30,all
Python,python tutorial,2024-01-01T00:00:00Z,1114,9.240854607091626e-06,monthly,2018-01-01,2026-04-30,all
Python,python tutorial,2024-02-01T00:00:00Z,1320,1.1755948844625561e-05,monthly,2018-01-01,2026-04-30,all
Python,python tutorial,2024-03-01T00:00:00Z,1229,1.0656894803188912e-05,monthly,2018-01-01,2026-04-30,all
Python,python tutorial,2024-04-01T00:00:00Z,1081,9.964591350978576e-06,monthly,2018-01-01,2026-04-30,all
Python,python tutorial,2024-05-01T00:00:00Z,975,9.154012517316892e-06,monthly,2018-01-01,2026-04-30,all
Python,python tutorial,2024-06-01T00:00:00Z,823,8.813023035107706e-06,monthly,2018-01-01,2026-04-30,all
Python,python tutorial,2024-07-01T00:00:00Z,885,9.508544418089655e-06,monthly,2018-01-01,2026-04-30,all
Python,python tutorial,2024-08-01T00:00:00Z,774,8.27821311423991e-06,monthly,2018-01-01,2026-04-30,all
Python,python tutorial,2024-09-01T00:00:00Z,1416,1.4254086654722232e-05,monthly,2018-01-01,2026-04-30,all
Python,python tutorial,2024-10-01T00:00:00Z,1302,1.1598504305309878e-05,monthly,2018-01-01,2026-04-30,all
Python,python tutorial,2024-11-01T00:00:00Z,1318,1.1336864228369147e-05,monthly,2018-01-01,2026-04-30,all
Python,python tutorial,2024-12-01T00:00:00Z,1252,1.0434737444647308e-05,monthly,2018-01-01,2026-04-30,all
Python,python tutorial,2025-01-01T00:00:00Z,1162,9.792137734169368e-06,monthly,2018-01-01,2026-04-30,all
Python,python tutorial,2025-02-01T00:00:00Z,1083,9.491613028389234e-06,monthly,2018-01-01,2026-04-30,all
Python,python tutorial,2025-03-01T00:00:00Z,1116,9.312701114998755e-06,monthly,2018-01-01,2026-04-30,all
Python,python tutorial,2025-04-01T00:00:00Z,2368,2.0786258565693684e-05,monthly,2018-01-01,2026-04-30,all
Python,python tutorial,2025-05-01T00:00:00Z,832,7.79598773765903e-06,monthly,2018-01-01,2026-04-30,all
Python,python tutorial,2025-06-01T00:00:00Z,622,6.00583735391854e-06,monthly,2018-01-01,2026-04-30,all
Python,python tutorial,2025-07-01T00:00:00Z,695,6.56761130264613e-06,monthly,2018-01-01,2026-04-30,all
Python,python tutorial,2025-08-01T00:00:00Z,563,5.413282834543996e-06,monthly,2018-01-01,2026-04-30,all
Python,python tutorial,2025-09-01T00:00:00Z,790,7.219797973690258e-06,monthly,2018-01-01,2026-04-30,all
Python,python tutorial,2025-10-01T00:00:00Z,878,7.447935155219322e-06,monthly,2018-01-01,2026-04-30,all
Python,python tutorial,2025-11-01T00:00:00Z,725,6.261120919315359e-06,monthly,2018-01-01,2026-04-30,all
Python,python tutorial,2025-12-01T00:00:00Z,598,5.254717719684856e-06,monthly,2018-01-01,2026-04-30,all
Python,python tutorial,2026-01-01T00:00:00Z,553,5.3370385431635405e-06,monthly,2018-01-01,2026-04-30,all
Python,python tutorial,2026-02-01T00:00:00Z,547,5.803426877355855e-06,monthly,2018-01-01,2026-04-30,all
Python,python tutorial,2026-03-01T00:00:00Z,515,4.693446232406538e-06,monthly,2018-01-01,2026-04-30,all
Python,python tutorial,2026-04-01T00:00:00Z,510,4.524076175098089e-06,monthly,2018-01-01,2026-04-30,all
R,r language tutorial,2018-01-01T00:00:00Z,15,1.9310941421497416e-07,monthly,2018-01-01,2026-04-30,all
R,r language tutorial,2018-02-01T00:00:00Z,5,6.450924274967038e-08,monthly,2018-01-01,2026-04-30,all
R,r language tutorial,2018-03-01T00:00:00Z,11,1.3085009348712804e-07,monthly,2018-01-01,2026-04-30,all
R,r language tutorial,2018-04-01T00:00:00Z,0,0.0,monthly,2018-01-01,2026-04-30,all
R,r language tutorial,2018-05-01T00:00:00Z,0,0.0,monthly,2018-01-01,2026-04-30,all
R,r language tutorial,2018-06-01T00:00:00Z,0,0.0,monthly,2018-01-01,2026-04-30,all
R,r language tutorial,2018-07-01T00:00:00Z,5,7.152506869844805e-08,monthly,2018-01-01,2026-04-30,all
R,r language tutorial,2018-08-01T00:00:00Z,0,0.0,monthly,2018-01-01,2026-04-30,all
R,r language tutorial,2018-09-01T00:00:00Z,8,1.0095871529303848e-07,monthly,2018-01-01,2026-04-30,all
R,r language tutorial,2018-10-01T00:00:00Z,0,0.0,monthly,2018-01-01,2026-04-30,all
R,r language tutorial,2018-11-01T00:00:00Z,8,9.413926391466482e-08,monthly,2018-01-01,2026-04-30,all
R,r language tutorial,2018-12-01T00:00:00Z,8,9.355171308047339e-08,monthly,2018-01-01,2026-04-30,all
R,r language tutorial,2019-01-01T00:00:00Z,0,0.0,monthly,2018-01-01,2026-04-30,all
R,r language tutorial,2019-02-01T00:00:00Z,0,0.0,monthly,2018-01-01,2026-04-30,all
R,r language tutorial,2019-03-01T00:00:00Z,0,0.0,monthly,2018-01-01,2026-04-30,all
R,r language tutorial,2019-04-01T00:00:00Z,0,0.0,monthly,2018-01-01,2026-04-30,all
R,r language tutorial,2019-05-01T00:00:00Z,0,0.0,monthly,2018-01-01,2026-04-30,all
R,r language tutorial,2019-06-01T00:00:00Z,0,0.0,monthly,2018-01-01,2026-04-30,all
R,r language tutorial,2019-07-01T00:00:00Z,0,0.0,monthly,2018-01-01,2026-04-30,all
R,r language tutorial,2019-08-01T00:00:00Z,0,0.0,monthly,2018-01-01,2026-04-30,all
R,r language tutorial,2019-09-01T00:00:00Z,0,0.0,monthly,2018-01-01,2026-04-30,all
R,r language tutorial,2019-10-01T00:00:00Z,0,0.0,monthly,2018-01-01,2026-04-30,all
R,r language tutorial,2019-11-01T00:00:00Z,0,0.0,monthly,2018-01-01,2026-04-30,all
R,r language tutorial,2019-12-01T00:00:00Z,0,0.0,monthly,2018-01-01,2026-04-30,all
R,r language tutorial,2020-01-01T00:00:00Z,0,0.0,monthly,2018-01-01,2026-04-30,all
R,r language tutorial,2020-02-01T00:00:00Z,0,0.0,monthly,2018-01-01,2026-04-30,all
R,r language tutorial,2020-03-01T00:00:00Z,0,0.0,monthly,2018-01-01,2026-04-30,all
R,r language tutorial,2020-04-01T00:00:00Z,0,0.0,monthly,2018-01-01,2026-04-30,all
R,r language tutorial,2020-05-01T00:00:00Z,0,0.0,monthly,2018-01-01,2026-04-30,all
R,r language tutorial,2020-06-01T00:00:00Z,0,0.0,monthly,2018-01-01,2026-04-30,all
R,r language tutorial,2020-07-01T00:00:00Z,0,0.0,monthly,2018-01-01,2026-04-30,all
R,r language tutorial,2020-08-01T00:00:00Z,0,0.0,monthly,2018-01-01,2026-04-30,all
R,r language tutorial,2020-09-01T00:00:00Z,0,0.0,monthly,2018-01-01,2026-04-30,all
R,r language tutorial,2020-10-01T00:00:00Z,0,0.0,monthly,2018-01-01,2026-04-30,all
R,r language tutorial,2020-11-01T00:00:00Z,0,0.0,monthly,2018-01-01,2026-04-30,all
R,r language tutorial,2020-12-01T00:00:00Z,0,0.0,monthly,2018-01-01,2026-04-30,all
R,r language tutorial,2021-01-01T00:00:00Z,0,0.0,monthly,2018-01-01,2026-04-30,all
R,r language tutorial,2021-02-01T00:00:00Z,0,0.0,monthly,2018-01-01,2026-04-30,all
R,r language tutorial,2021-03-01T00:00:00Z,0,0.0,monthly,2018-01-01,2026-04-30,all
R,r language tutorial,2021-04-01T00:00:00Z,0,0.0,monthly,2018-01-01,2026-04-30,all
R,r language tutorial,2021-05-01T00:00:00Z,0,0.0,monthly,2018-01-01,2026-04-30,all
R,r language tutorial,2021-06-01T00:00:00Z,0,0.0,monthly,2018-01-01,2026-04-30,all
R,r language tutorial,2021-07-01T00:00:00Z,0,0.0,monthly,2018-01-01,2026-04-30,all
R,r language tutorial,2021-08-01T00:00:00Z,0,0.0,monthly,2018-01-01,2026-04-30,all
R,r language tutorial,2021-09-01T00:00:00Z,0,0.0,monthly,2018-01-01,2026-04-30,all
R,r language tutorial,2021-10-01T00:00:00Z,0,0.0,monthly,2018-01-01,2026-04-30,all
R,r language tutorial,2021-11-01T00:00:00Z,0,0.0,monthly,2018-01-01,2026-04-30,all
R,r language tutorial,2021-12-01T00:00:00Z,0,0.0,monthly,2018-01-01,2026-04-30,all
R,r language tutorial,2022-01-01T00:00:00Z,0,0.0,monthly,2018-01-01,2026-04-30,all
R,r language tutorial,2022-02-01T00:00:00Z,0,0.0,monthly,2018-01-01,2026-04-30,all
R,r language tutorial,2022-03-01T00:00:00Z,0,0.0,monthly,2018-01-01,2026-04-30,all
R,r language tutorial,2022-04-01T00:00:00Z,0,0.0,monthly,2018-01-01,2026-04-30,all
R,r language tutorial,2022-05-01T00:00:00Z,0,0.0,monthly,2018-01-01,2026-04-30,all
R,r language tutorial,2022-06-01T00:00:00Z,0,0.0,monthly,2018-01-01,2026-04-30,all
R,r language tutorial,2022-07-01T00:00:00Z,0,0.0,monthly,2018-01-01,2026-04-30,all
R,r language tutorial,2022-08-01T00:00:00Z,0,0.0,monthly,2018-01-01,2026-04-30,all
R,r language tutorial,2022-09-01T00:00:00Z,0,0.0,monthly,2018-01-01,2026-04-30,all
R,r language tutorial,2022-10-01T00:00:00Z,0,0.0,monthly,2018-01-01,2026-04-30,all
R,r language tutorial,2022-11-01T00:00:00Z,0,0.0,monthly,2018-01-01,2026-04-30,all
R,r language tutorial,2022-12-01T00:00:00Z,0,0.0,monthly,2018-01-01,2026-04-30,all
R,r language tutorial,2023-01-01T00:00:00Z,0,0.0,monthly,2018-01-01,2026-04-30,all
R,r language tutorial,2023-02-01T00:00:00Z,0,0.0,monthly,2018-01-01,2026-04-30,all
R,r language tutorial,2023-03-01T00:00:00Z,5,4.0194817359803206e-08,monthly,2018-01-01,2026-04-30,all
R,r language tutorial,2023-04-01T00:00:00Z,0,0.0,monthly,2018-01-01,2026-04-30,all
R,r language tutorial,2023-05-01T00:00:00Z,0,0.0,monthly,2018-01-01,2026-04-30,all
R,r language tutorial,2023-06-01T00:00:00Z,0,0.0,monthly,2018-01-01,2026-04-30,all
R,r language tutorial,2023-07-01T00:00:00Z,0,0.0,monthly,2018-01-01,2026-04-30,all
R,r language tutorial,2023-08-01T00:00:00Z,0,0.0,monthly,2018-01-01,2026-04-30,all
R,r language tutorial,2023-09-01T00:00:00Z,6,5.579028191048798e-08,monthly,2018-01-01,2026-04-30,all
R,r language tutorial,2023-10-01T00:00:00Z,0,0.0,monthly,2018-01-01,2026-04-30,all
R,r language tutorial,2023-11-01T00:00:00Z,0,0.0,monthly,2018-01-01,2026-04-30,all
R,r language tutorial,2023-12-01T00:00:00Z,0,0.0,monthly,2018-01-01,2026-04-30,all
R,r language tutorial,2024-01-01T00:00:00Z,0,0.0,monthly,2018-01-01,2026-04-30,all
R,r language tutorial,2024-02-01T00:00:00Z,0,0.0,monthly,2018-01-01,2026-04-30,all
R,r language tutorial,2024-03-01T00:00:00Z,0,0.0,monthly,2018-01-01,2026-04-30,all
R,r language tutorial,2024-04-01T00:00:00Z,0,0.0,monthly,2018-01-01,2026-04-30,all
R,r language tutorial,2024-05-01T00:00:00Z,0,0.0,monthly,2018-01-01,2026-04-30,all
R,r language tutorial,2024-06-01T00:00:00Z,0,0.0,monthly,2018-01-01,2026-04-30,all
R,r language tutorial,2024-07-01T00:00:00Z,0,0.0,monthly,2018-01-01,2026-04-30,all
R,r language tutorial,2024-08-01T00:00:00Z,0,0.0,monthly,2018-01-01,2026-04-30,all
R,r language tutorial,2024-09-01T00:00:00Z,0,0.0,monthly,2018-01-01,2026-04-30,all
R,r language tutorial,2024-10-01T00:00:00Z,0,0.0,monthly,2018-01-01,2026-04-30,all
R,r language tutorial,2024-11-01T00:00:00Z,0,0.0,monthly,2018-01-01,2026-04-30,all
R,r language tutorial,2024-12-01T00:00:00Z,0,0.0,monthly,2018-01-01,2026-04-30,all
R,r language tutorial,2025-01-01T00:00:00Z,0,0.0,monthly,2018-01-01,2026-04-30,all
R,r language tutorial,2025-02-01T00:00:00Z,0,0.0,monthly,2018-01-01,2026-04-30,all
R,r language tutorial,2025-03-01T00:00:00Z,0,0.0,monthly,2018-01-01,2026-04-30,all
R,r language tutorial,2025-04-01T00:00:00Z,0,0.0,monthly,2018-01-01,2026-04-30,all
R,r language tutorial,2025-05-01T00:00:00Z,0,0.0,monthly,2018-01-01,2026-04-30,all
R,r language tutorial,2025-06-01T00:00:00Z,0,0.0,monthly,2018-01-01,2026-04-30,all
R,r language tutorial,2025-07-01T00:00:00Z,0,0.0,monthly,2018-01-01,2026-04-30,all
R,r language tutorial,2025-08-01T00:00:00Z,0,0.0,monthly,2018-01-01,2026-04-30,all
R,r language tutorial,2025-09-01T00:00:00Z,0,0.0,monthly,2018-01-01,2026-04-30,all
R,r language tutorial,2025-10-01T00:00:00Z,0,0.0,monthly,2018-01-01,2026-04-30,all
R,r language tutorial,2025-11-01T00:00:00Z,0,0.0,monthly,2018-01-01,2026-04-30,all
R,r language tutorial,2025-12-01T00:00:00Z,0,0.0,monthly,2018-01-01,2026-04-30,all
R,r language tutorial,2026-01-01T00:00:00Z,0,0.0,monthly,2018-01-01,2026-04-30,all
R,r language tutorial,2026-02-01T00:00:00Z,0,0.0,monthly,2018-01-01,2026-04-30,all
R,r language tutorial,2026-03-01T00:00:00Z,0,0.0,monthly,2018-01-01,2026-04-30,all
R,r language tutorial,2026-04-01T00:00:00Z,0,0.0,monthly,2018-01-01,2026-04-30,all
Ruby,ruby tutorial,2018-01-01T00:00:00Z,120,1.5448753137197933e-06,monthly,2018-01-01,2026-04-30,all
Ruby,ruby tutorial,2018-02-01T00:00:00Z,64,8.257183071957809e-07,monthly,2018-01-01,2026-04-30,all
Ruby,ruby tutorial,2018-03-01T00:00:00Z,99,1.1776508413841526e-06,monthly,2018-01-01,2026-04-30,all
Ruby,ruby tutorial,2018-04-01T00:00:00Z,87,1.148103759709951e-06,monthly,2018-01-01,2026-04-30,all
Ruby,ruby tutorial,2018-05-01T00:00:00Z,87,1.157905539239187e-06,monthly,2018-01-01,2026-04-30,all
Ruby,ruby tutorial,2018-06-01T00:00:00Z,62,8.93580301026184e-07,monthly,2018-01-01,2026-04-30,all
Ruby,ruby tutorial,2018-07-01T00:00:00Z,82,1.173011126654548e-06,monthly,2018-01-01,2026-04-30,all
Ruby,ruby tutorial,2018-08-01T00:00:00Z,90,1.2749164177226976e-06,monthly,2018-01-01,2026-04-30,all
Ruby,ruby tutorial,2018-09-01T00:00:00Z,95,1.198884744104832e-06,monthly,2018-01-01,2026-04-30,all
Ruby,ruby tutorial,2018-10-01T00:00:00Z,73,7.921861135281402e-07,monthly,2018-01-01,2026-04-30,all
Ruby,ruby tutorial,2018-11-01T00:00:00Z,80,9.413926391466483e-07,monthly,2018-01-01,2026-04-30,all
Ruby,ruby tutorial,2018-12-01T00:00:00Z,89,1.0407628080202666e-06,monthly,2018-01-01,2026-04-30,all
Ruby,ruby tutorial,2019-01-01T00:00:00Z,83,9.426746941181951e-07,monthly,2018-01-01,2026-04-30,all
Ruby,ruby tutorial,2019-02-01T00:00:00Z,68,8.108615589811094e-07,monthly,2018-01-01,2026-04-30,all
Ruby,ruby tutorial,2019-03-01T00:00:00Z,77,8.769012500572842e-07,monthly,2018-01-01,2026-04-30,all
Ruby,ruby tutorial,2019-04-01T00:00:00Z,88,1.0647258429725815e-06,monthly,2018-01-01,2026-04-30,all
Ruby,ruby tutorial,2019-05-01T00:00:00Z,57,7.209241228247337e-07,monthly,2018-01-01,2026-04-30,all
Ruby,ruby tutorial,2019-06-01T00:00:00Z,62,8.554421549992024e-07,monthly,2018-01-01,2026-04-30,all
Ruby,ruby tutorial,2019-07-01T00:00:00Z,65,8.840522936168653e-07,monthly,2018-01-01,2026-04-30,all
Ruby,ruby tutorial,2019-08-01T00:00:00Z,66,9.078373295422451e-07,monthly,2018-01-01,2026-04-30,all
Ruby,ruby tutorial,2019-09-01T00:00:00Z,63,8.008226830576238e-07,monthly,2018-01-01,2026-04-30,all
Ruby,ruby tutorial,2019-10-01T00:00:00Z,121,1.3676745568097816e-06,monthly,2018-01-01,2026-04-30,all
Ruby,ruby tutorial,2019-11-01T00:00:00Z,78,8.789261770364702e-07,monthly,2018-01-01,2026-04-30,all
Ruby,ruby tutorial,2019-12-01T00:00:00Z,86,9.27146812473598e-07,monthly,2018-01-01,2026-04-30,all
Ruby,ruby tutorial,2020-01-01T00:00:00Z,86,8.84406271178551e-07,monthly,2018-01-01,2026-04-30,all
Ruby,ruby tutorial,2020-02-01T00:00:00Z,101,1.0985258613035305e-06,monthly,2018-01-01,2026-04-30,all
Ruby,ruby tutorial,2020-03-01T00:00:00Z,111,1.1295547140822497e-06,monthly,2018-01-01,2026-04-30,all
Ruby,ruby tutorial,2020-04-01T00:00:00Z,91,7.617666198692421e-07,monthly,2018-01-01,2026-04-30,all
Ruby,ruby tutorial,2020-05-01T00:00:00Z,91,8.485081155663145e-07,monthly,2018-01-01,2026-04-30,all
Ruby,ruby tutorial,2020-06-01T00:00:00Z,70,7.84889128457782e-07,monthly,2018-01-01,2026-04-30,all
Ruby,ruby tutorial,2020-07-01T00:00:00Z,58,6.886571560513933e-07,monthly,2018-01-01,2026-04-30,all
Ruby,ruby tutorial,2020-08-01T00:00:00Z,105,1.2520126123610582e-06,monthly,2018-01-01,2026-04-30,all
Ruby,ruby tutorial,2020-09-01T00:00:00Z,55,5.792766282809437e-07,monthly,2018-01-01,2026-04-30,all
Ruby,ruby tutorial,2020-10-01T00:00:00Z,105,9.75926756150432e-07,monthly,2018-01-01,2026-04-30,all
Ruby,ruby tutorial,2020-11-01T00:00:00Z,98,8.549338293887393e-07,monthly,2018-01-01,2026-04-30,all
Ruby,ruby tutorial,2020-12-01T00:00:00Z,57,5.157546292128825e-07,monthly,2018-01-01,2026-04-30,all
Ruby,ruby tutorial,2021-01-01T00:00:00Z,74,7.089510563122415e-07,monthly,2018-01-01,2026-04-30,all
Ruby,ruby tutorial,2021-02-01T00:00:00Z,46,4.601711010488775e-07,monthly,2018-01-01,2026-04-30,all
Ruby,ruby tutorial,2021-03-01T00:00:00Z,53,4.868433077600848e-07,monthly,2018-01-01,2026-04-30,all
Ruby,ruby tutorial,2021-04-01T00:00:00Z,49,4.545696960136219e-07,monthly,2018-01-01,2026-04-30,all
Ruby,ruby tutorial,2021-05-01T00:00:00Z,44,4.264624365868372e-07,monthly,2018-01-01,2026-04-30,all
Ruby,ruby tutorial,2021-06-01T00:00:00Z,45,4.535792239096049e-07,monthly,2018-01-01,2026-04-30,all
Ruby,ruby tutorial,2021-07-01T00:00:00Z,52,5.360227590257854e-07,monthly,2018-01-01,2026-04-30,all
Ruby,ruby tutorial,2021-08-01T00:00:00Z,60,5.984691826200188e-07,monthly,2018-01-01,2026-04-30,all
Ruby,ruby tutorial,2021-09-01T00:00:00Z,95,8.868377959131802e-07,monthly,2018-01-01,2026-04-30,all
Ruby,ruby tutorial,2021-10-01T00:00:00Z,67,5.891411509305921e-07,monthly,2018-01-01,2026-04-30,all
Ruby,ruby tutorial,2021-11-01T00:00:00Z,82,7.075645323516875e-07,monthly,2018-01-01,2026-04-30,all
Ruby,ruby tutorial,2021-12-01T00:00:00Z,88,7.426537985469917e-07,monthly,2018-01-01,2026-04-30,all
Ruby,ruby tutorial,2022-01-01T00:00:00Z,51,4.2778591236968625e-07,monthly,2018-01-01,2026-04-30,all
Ruby,ruby tutorial,2022-02-01T00:00:00Z,62,5.249764712382987e-07,monthly,2018-01-01,2026-04-30,all
Ruby,ruby tutorial,2022-03-01T00:00:00Z,92,7.21711662891098e-07,monthly,2018-01-01,2026-04-30,all
Ruby,ruby tutorial,2022-04-01T00:00:00Z,61,5.103496074219644e-07,monthly,2018-01-01,2026-04-30,all
Ruby,ruby tutorial,2022-05-01T00:00:00Z,47,3.939157317210803e-07,monthly,2018-01-01,2026-04-30,all
Ruby,ruby tutorial,2022-06-01T00:00:00Z,68,6.344347623877832e-07,monthly,2018-01-01,2026-04-30,all
Ruby,ruby tutorial,2022-07-01T00:00:00Z,64,6.137564014464215e-07,monthly,2018-01-01,2026-04-30,all
Ruby,ruby tutorial,2022-08-01T00:00:00Z,66,6.125767436805788e-07,monthly,2018-01-01,2026-04-30,all
Ruby,ruby tutorial,2022-09-01T00:00:00Z,46,3.934817003673043e-07,monthly,2018-01-01,2026-04-30,all
Ruby,ruby tutorial,2022-10-01T00:00:00Z,61,4.932146196393242e-07,monthly,2018-01-01,2026-04-30,all
Ruby,ruby tutorial,2022-11-01T00:00:00Z,45,3.5662849986748757e-07,monthly,2018-01-01,2026-04-30,all
Ruby,ruby tutorial,2022-12-01T00:00:00Z,56,4.4515109534654753e-07,monthly,2018-01-01,2026-04-30,all
Ruby,ruby tutorial,2023-01-01T00:00:00Z,56,4.5432298139503623e-07,monthly,2018-01-01,2026-04-30,all
Ruby,ruby tutorial,2023-02-01T00:00:00Z,30,2.628874103876209e-07,monthly,2018-01-01,2026-04-30,all
Ruby,ruby tutorial,2023-03-01T00:00:00Z,53,4.2606506401391404e-07,monthly,2018-01-01,2026-04-30,all
Ruby,ruby tutorial,2023-04-01T00:00:00Z,39,3.378547315987521e-07,monthly,2018-01-01,2026-04-30,all
Ruby,ruby tutorial,2023-05-01T00:00:00Z,50,4.420125495460486e-07,monthly,2018-01-01,2026-04-30,all
Ruby,ruby tutorial,2023-06-01T00:00:00Z,35,3.4139263641332656e-07,monthly,2018-01-01,2026-04-30,all
Ruby,ruby tutorial,2023-07-01T00:00:00Z,61,6.04729627033872e-07,monthly,2018-01-01,2026-04-30,all
Ruby,ruby tutorial,2023-08-01T00:00:00Z,47,4.6788857229390047e-07,monthly,2018-01-01,2026-04-30,all
Ruby,ruby tutorial,2023-09-01T00:00:00Z,48,4.4632225528390386e-07,monthly,2018-01-01,2026-04-30,all
Ruby,ruby tutorial,2023-10-01T00:00:00Z,34,2.8504072248659596e-07,monthly,2018-01-01,2026-04-30,all
Ruby,ruby tutorial,2023-11-01T00:00:00Z,55,4.686486346687332e-07,monthly,2018-01-01,2026-04-30,all
Ruby,ruby tutorial,2023-12-01T00:00:00Z,48,4.021234501756023e-07,monthly,2018-01-01,2026-04-30,all
Ruby,ruby tutorial,2024-01-01T00:00:00Z,41,3.4010326650875824e-07,monthly,2018-01-01,2026-04-30,all
Ruby,ruby tutorial,2024-02-01T00:00:00Z,45,4.0077098333950777e-07,monthly,2018-01-01,2026-04-30,all
Ruby,ruby tutorial,2024-03-01T00:00:00Z,55,4.769155526244021e-07,monthly,2018-01-01,2026-04-30,all
Ruby,ruby tutorial,2024-04-01T00:00:00Z,26,2.3966639697080757e-07,monthly,2018-01-01,2026-04-30,all
Ruby,ruby tutorial,2024-05-01T00:00:00Z,55,5.163801932845426e-07,monthly,2018-01-01,2026-04-30,all
Ruby,ruby tutorial,2024-06-01T00:00:00Z,23,2.46293474857202e-07,monthly,2018-01-01,2026-04-30,all
Ruby,ruby tutorial,2024-07-01T00:00:00Z,44,4.7274119140784733e-07,monthly,2018-01-01,2026-04-30,all
Ruby,ruby tutorial,2024-08-01T00:00:00Z,18,1.9251658405209091e-07,monthly,2018-01-01,2026-04-30,all
Ruby,ruby tutorial,2024-09-01T00:00:00Z,12,1.2079734453154433e-07,monthly,2018-01-01,2026-04-30,all
Ruby,ruby tutorial,2024-10-01T00:00:00Z,40,3.5632885730598705e-07,monthly,2018-01-01,2026-04-30,all
Ruby,ruby tutorial,2024-11-01T00:00:00Z,40,3.440626472949665e-07,monthly,2018-01-01,2026-04-30,all
Ruby,ruby tutorial,2024-12-01T00:00:00Z,20,1.666890965598611e-07,monthly,2018-01-01,2026-04-30,all
Ruby,ruby tutorial,2025-01-01T00:00:00Z,31,2.61236032495052e-07,monthly,2018-01-01,2026-04-30,all
Ruby,ruby tutorial,2025-02-01T00:00:00Z,31,2.7168975427522274e-07,monthly,2018-01-01,2026-04-30,all
Ruby,ruby tutorial,2025-03-01T00:00:00Z,33,2.753755706048019e-07,monthly,2018-01-01,2026-04-30,all
Ruby,ruby tutorial,2025-04-01T00:00:00Z,25,2.1944952033038097e-07,monthly,2018-01-01,2026-04-30,all
Ruby,ruby tutorial,2025-05-01T00:00:00Z,67,6.278018971432151e-07,monthly,2018-01-01,2026-04-30,all
Ruby,ruby tutorial,2025-06-01T00:00:00Z,35,3.379490472462201e-07,monthly,2018-01-01,2026-04-30,all
Ruby,ruby tutorial,2025-07-01T00:00:00Z,7,6.614860304823439e-08,monthly,2018-01-01,2026-04-30,all
Ruby,ruby tutorial,2025-08-01T00:00:00Z,0,0.0,monthly,2018-01-01,2026-04-30,all
Ruby,ruby tutorial,2025-09-01T00:00:00Z,0,0.0,monthly,2018-01-01,2026-04-30,all
Ruby,ruby tutorial,2025-10-01T00:00:00Z,0,0.0,monthly,2018-01-01,2026-04-30,all
Ruby,ruby tutorial,2025-11-01T00:00:00Z,0,0.0,monthly,2018-01-01,2026-04-30,all
Ruby,ruby tutorial,2025-12-01T00:00:00Z,0,0.0,monthly,2018-01-01,2026-04-30,all
Ruby,ruby tutorial,2026-01-01T00:00:00Z,52,5.018553422142931e-07,monthly,2018-01-01,2026-04-30,all
Ruby,ruby tutorial,2026-02-01T00:00:00Z,26,2.7584844389625635e-07,monthly,2018-01-01,2026-04-30,all
Ruby,ruby tutorial,2026-03-01T00:00:00Z,75,6.835115872436707e-07,monthly,2018-01-01,2026-04-30,all
Ruby,ruby tutorial,2026-04-01T00:00:00Z,61,5.411149934921244e-07,monthly,2018-01-01,2026-04-30,all
Rust,rust tutorial,2018-01-01T00:00:00Z,22,2.832271408486288e-07,monthly,2018-01-01,2026-04-30,all
Rust,rust tutorial,2018-02-01T00:00:00Z,41,5.289757905472971e-07,monthly,2018-01-01,2026-04-30,all
Rust,rust tutorial,2018-03-01T00:00:00Z,36,4.2823666959423725e-07,monthly,2018-01-01,2026-04-30,all
Rust,rust tutorial,2018-04-01T00:00:00Z,9,1.1876935445275356e-07,monthly,2018-01-01,2026-04-30,all
Rust,rust tutorial,2018-05-01T00:00:00Z,19,2.528759223625811e-07,monthly,2018-01-01,2026-04-30,all
Rust,rust tutorial,2018-06-01T00:00:00Z,18,2.5942653900760184e-07,monthly,2018-01-01,2026-04-30,all
Rust,rust tutorial,2018-07-01T00:00:00Z,30,4.291504121906883e-07,monthly,2018-01-01,2026-04-30,all
Rust,rust tutorial,2018-08-01T00:00:00Z,24,3.399777113927194e-07,monthly,2018-01-01,2026-04-30,all
Rust,rust tutorial,2018-09-01T00:00:00Z,41,5.174134158768222e-07,monthly,2018-01-01,2026-04-30,all
Rust,rust tutorial,2018-10-01T00:00:00Z,23,2.4959288508420856e-07,monthly,2018-01-01,2026-04-30,all
Rust,rust tutorial,2018-11-01T00:00:00Z,43,5.059985435413234e-07,monthly,2018-01-01,2026-04-30,all
Rust,rust tutorial,2018-12-01T00:00:00Z,32,3.7420685232189357e-07,monthly,2018-01-01,2026-04-30,all
Rust,rust tutorial,2019-01-01T00:00:00Z,73,8.290994297666053e-07,monthly,2018-01-01,2026-04-30,all
Rust,rust tutorial,2019-02-01T00:00:00Z,25,2.9811086727246666e-07,monthly,2018-01-01,2026-04-30,all
Rust,rust tutorial,2019-03-01T00:00:00Z,29,3.3026150976183426e-07,monthly,2018-01-01,2026-04-30,all
Rust,rust tutorial,2019-04-01T00:00:00Z,18,2.1778483151711894e-07,monthly,2018-01-01,2026-04-30,all
Rust,rust tutorial,2019-05-01T00:00:00Z,11,1.3912570791354512e-07,monthly,2018-01-01,2026-04-30,all
Rust,rust tutorial,2019-06-01T00:00:00Z,25,3.4493635282225905e-07,monthly,2018-01-01,2026-04-30,all
Rust,rust tutorial,2019-07-01T00:00:00Z,18,2.4481448130928575e-07,monthly,2018-01-01,2026-04-30,all
Rust,rust tutorial,2019-08-01T00:00:00Z,15,2.0632666580505566e-07,monthly,2018-01-01,2026-04-30,all
Rust,rust tutorial,2019-09-01T00:00:00Z,27,3.432097213104102e-07,monthly,2018-01-01,2026-04-30,all
Rust,rust tutorial,2019-10-01T00:00:00Z,29,3.2778976981391466e-07,monthly,2018-01-01,2026-04-30,all
Rust,rust tutorial,2019-11-01T00:00:00Z,36,4.0565823555529394e-07,monthly,2018-01-01,2026-04-30,all
Rust,rust tutorial,2019-12-01T00:00:00Z,28,3.0186175289838075e-07,monthly,2018-01-01,2026-04-30,all
Rust,rust tutorial,2020-01-01T00:00:00Z,39,4.0106796018562207e-07,monthly,2018-01-01,2026-04-30,all
Rust,rust tutorial,2020-02-01T00:00:00Z,35,3.8067727866954023e-07,monthly,2018-01-01,2026-04-30,all
Rust,rust tutorial,2020-03-01T00:00:00Z,35,3.5616590083674536e-07,monthly,2018-01-01,2026-04-30,all
Rust,rust tutorial,2020-04-01T00:00:00Z,52,4.352952113538526e-07,monthly,2018-01-01,2026-04-30,all
Rust,rust tutorial,2020-05-01T00:00:00Z,38,3.5432207023648297e-07,monthly,2018-01-01,2026-04-30,all
Rust,rust tutorial,2020-06-01T00:00:00Z,61,6.839748119417813e-07,monthly,2018-01-01,2026-04-30,all
Rust,rust tutorial,2020-07-01T00:00:00Z,29,3.4432857802569664e-07,monthly,2018-01-01,2026-04-30,all
Rust,rust tutorial,2020-08-01T00:00:00Z,29,3.457939596044827e-07,monthly,2018-01-01,2026-04-30,all
Rust,rust tutorial,2020-09-01T00:00:00Z,27,2.8437216297428144e-07,monthly,2018-01-01,2026-04-30,all
Rust,rust tutorial,2020-10-01T00:00:00Z,23,2.1377443229961842e-07,monthly,2018-01-01,2026-04-30,all
Rust,rust tutorial,2020-11-01T00:00:00Z,27,2.355429938111833e-07,monthly,2018-01-01,2026-04-30,all
Rust,rust tutorial,2020-12-01T00:00:00Z,28,2.533531511922932e-07,monthly,2018-01-01,2026-04-30,all
Rust,rust tutorial,2021-01-01T00:00:00Z,62,5.939860201534996e-07,monthly,2018-01-01,2026-04-30,all
Rust,rust tutorial,2021-02-01T00:00:00Z,60,6.002231752811446e-07,monthly,2018-01-01,2026-04-30,all
Rust,rust tutorial,2021-03-01T00:00:00Z,41,3.7661463430497126e-07,monthly,2018-01-01,2026-04-30,all
Rust,rust tutorial,2021-04-01T00:00:00Z,38,3.5252343772484967e-07,monthly,2018-01-01,2026-04-30,all
Rust,rust tutorial,2021-05-01T00:00:00Z,55,5.330780457335465e-07,monthly,2018-01-01,2026-04-30,all
Rust,rust tutorial,2021-06-01T00:00:00Z,48,4.838178388369119e-07,monthly,2018-01-01,2026-04-30,all
Rust,rust tutorial,2021-07-01T00:00:00Z,58,5.978715389133761e-07,monthly,2018-01-01,2026-04-30,all
Rust,rust tutorial,2021-08-01T00:00:00Z,85,8.478313420450266e-07,monthly,2018-01-01,2026-04-30,all
Rust,rust tutorial,2021-09-01T00:00:00Z,58,5.414378122417311e-07,monthly,2018-01-01,2026-04-30,all
Rust,rust tutorial,2021-10-01T00:00:00Z,54,4.7483018134704437e-07,monthly,2018-01-01,2026-04-30,all
Rust,rust tutorial,2021-11-01T00:00:00Z,74,6.385338462685959e-07,monthly,2018-01-01,2026-04-30,all
Rust,rust tutorial,2021-12-01T00:00:00Z,74,6.245043305963339e-07,monthly,2018-01-01,2026-04-30,all
Rust,rust tutorial,2022-01-01T00:00:00Z,85,7.129765206161438e-07,monthly,2018-01-01,2026-04-30,all
Rust,rust tutorial,2022-02-01T00:00:00Z,65,5.503785585562808e-07,monthly,2018-01-01,2026-04-30,all
Rust,rust tutorial,2022-03-01T00:00:00Z,97,7.609351228308316e-07,monthly,2018-01-01,2026-04-30,all
Rust,rust tutorial,2022-04-01T00:00:00Z,80,6.693109605533959e-07,monthly,2018-01-01,2026-04-30,all
Rust,rust tutorial,2022-05-01T00:00:00Z,97,8.129750207860594e-07,monthly,2018-01-01,2026-04-30,all
Rust,rust tutorial,2022-06-01T00:00:00Z,81,7.557237610795652e-07,monthly,2018-01-01,2026-04-30,all
Rust,rust tutorial,2022-07-01T00:00:00Z,98,9.39814489714833e-07,monthly,2018-01-01,2026-04-30,all
Rust,rust tutorial,2022-08-01T00:00:00Z,116,1.076650034347684e-06,monthly,2018-01-01,2026-04-30,all
Rust,rust tutorial,2022-09-01T00:00:00Z,101,8.639489508064726e-07,monthly,2018-01-01,2026-04-30,all
Rust,rust tutorial,2022-10-01T00:00:00Z,96,7.762066145143463e-07,monthly,2018-01-01,2026-04-30,all
Rust,rust tutorial,2022-11-01T00:00:00Z,118,9.351591774303008e-07,monthly,2018-01-01,2026-04-30,all
Rust,rust tutorial,2022-12-01T00:00:00Z,96,7.631161634512244e-07,monthly,2018-01-01,2026-04-30,all
Rust,rust tutorial,2023-01-01T00:00:00Z,139,1.1276945431055363e-06,monthly,2018-01-01,2026-04-30,all
Rust,rust tutorial,2023-02-01T00:00:00Z,88,7.711364038036879e-07,monthly,2018-01-01,2026-04-30,all
Rust,rust tutorial,2023-03-01T00:00:00Z,121,9.727145801072377e-07,monthly,2018-01-01,2026-04-30,all
Rust,rust tutorial,2023-04-01T00:00:00Z,91,7.883277070637549e-07,monthly,2018-01-01,2026-04-30,all
Rust,rust tutorial,2023-05-01T00:00:00Z,114,1.0077886129649909e-06,monthly,2018-01-01,2026-04-30,all
Rust,rust tutorial,2023-06-01T00:00:00Z,170,1.6581928054361575e-06,monthly,2018-01-01,2026-04-30,all
Rust,rust tutorial,2023-07-01T00:00:00Z,138,1.3680768611585956e-06,monthly,2018-01-01,2026-04-30,all
Rust,rust tutorial,2023-08-01T00:00:00Z,145,1.4434860209067142e-06,monthly,2018-01-01,2026-04-30,all
Rust,rust tutorial,2023-09-01T00:00:00Z,183,1.7016035982698836e-06,monthly,2018-01-01,2026-04-30,all
Rust,rust tutorial,2023-10-01T00:00:00Z,154,1.2910668018510523e-06,monthly,2018-01-01,2026-04-30,all
Rust,rust tutorial,2023-11-01T00:00:00Z,133,1.133277607471664e-06,monthly,2018-01-01,2026-04-30,all
Rust,rust tutorial,2023-12-01T00:00:00Z,158,1.3236563568280243e-06,monthly,2018-01-01,2026-04-30,all
Rust,rust tutorial,2024-01-01T00:00:00Z,183,1.518021896856165e-06,monthly,2018-01-01,2026-04-30,all
Rust,rust tutorial,2024-02-01T00:00:00Z,141,1.2557490811304576e-06,monthly,2018-01-01,2026-04-30,all
Rust,rust tutorial,2024-03-01T00:00:00Z,364,3.1563138391869525e-06,monthly,2018-01-01,2026-04-30,all
Rust,rust tutorial,2024-04-01T00:00:00Z,236,2.1754334494273303e-06,monthly,2018-01-01,2026-04-30,all
Rust,rust tutorial,2024-05-01T00:00:00Z,163,1.5303631182796444e-06,monthly,2018-01-01,2026-04-30,all
Rust,rust tutorial,2024-06-01T00:00:00Z,210,2.2487665095657574e-06,monthly,2018-01-01,2026-04-30,all
Rust,rust tutorial,2024-07-01T00:00:00Z,168,1.8050118217390533e-06,monthly,2018-01-01,2026-04-30,all
Rust,rust tutorial,2024-08-01T00:00:00Z,298,3.1872190026401717e-06,monthly,2018-01-01,2026-04-30,all
Rust,rust tutorial,2024-09-01T00:00:00Z,264,2.6575415796939755e-06,monthly,2018-01-01,2026-04-30,all
Rust,rust tutorial,2024-10-01T00:00:00Z,243,2.1646978081338713e-06,monthly,2018-01-01,2026-04-30,all
Rust,rust tutorial,2024-11-01T00:00:00Z,192,1.651500707015839e-06,monthly,2018-01-01,2026-04-30,all
Rust,rust tutorial,2024-12-01T00:00:00Z,283,2.358650716322035e-06,monthly,2018-01-01,2026-04-30,all
Rust,rust tutorial,2025-01-01T00:00:00Z,274,2.308989448504653e-06,monthly,2018-01-01,2026-04-30,all
Rust,rust tutorial,2025-02-01T00:00:00Z,282,2.4715003453423485e-06,monthly,2018-01-01,2026-04-30,all
Rust,rust tutorial,2025-03-01T00:00:00Z,257,2.1445915650131544e-06,monthly,2018-01-01,2026-04-30,all
Rust,rust tutorial,2025-04-01T00:00:00Z,212,1.8609319324016309e-06,monthly,2018-01-01,2026-04-30,all
Rust,rust tutorial,2025-05-01T00:00:00Z,189,1.7709635605980246e-06,monthly,2018-01-01,2026-04-30,all
Rust,rust tutorial,2025-06-01T00:00:00Z,221,2.1339068411832756e-06,monthly,2018-01-01,2026-04-30,all
Rust,rust tutorial,2025-07-01T00:00:00Z,179,1.691514277947708e-06,monthly,2018-01-01,2026-04-30,all
Rust,rust tutorial,2025-08-01T00:00:00Z,189,1.8172477011169006e-06,monthly,2018-01-01,2026-04-30,all
Rust,rust tutorial,2025-09-01T00:00:00Z,151,1.3799867013002898e-06,monthly,2018-01-01,2026-04-30,all
Rust,rust tutorial,2025-10-01T00:00:00Z,171,1.4505659584766563e-06,monthly,2018-01-01,2026-04-30,all
Rust,rust tutorial,2025-11-01T00:00:00Z,200,1.7272057708456162e-06,monthly,2018-01-01,2026-04-30,all
Rust,rust tutorial,2025-12-01T00:00:00Z,150,1.3180730066099137e-06,monthly,2018-01-01,2026-04-30,all
Rust,rust tutorial,2026-01-01T00:00:00Z,200,1.9302128546703584e-06,monthly,2018-01-01,2026-04-30,all
Rust,rust tutorial,2026-02-01T00:00:00Z,108,1.1458319977229109e-06,monthly,2018-01-01,2026-04-30,all
Rust,rust tutorial,2026-03-01T00:00:00Z,131,1.1938669057189449e-06,monthly,2018-01-01,2026-04-30,all
Rust,rust tutorial,2026-04-01T00:00:00Z,78,6.919175326620607e-07,monthly,2018-01-01,2026-04-30,all
Scala,scala tutorial,2018-01-01T00:00:00Z,27,3.475969455869535e-07,monthly,2018-01-01,2026-04-30,all
Scala,scala tutorial,2018-02-01T00:00:00Z,23,2.967425166484838e-07,monthly,2018-01-01,2026-04-30,all
Scala,scala tutorial,2018-03-01T00:00:00Z,23,2.735956500185405e-07,monthly,2018-01-01,2026-04-30,all
Scala,scala tutorial,2018-04-01T00:00:00Z,24,3.167182785406761e-07,monthly,2018-01-01,2026-04-30,all
Scala,scala tutorial,2018-05-01T00:00:00Z,23,3.061129586494402e-07,monthly,2018-01-01,2026-04-30,all
Scala,scala tutorial,2018-06-01T00:00:00Z,24,3.459020520101358e-07,monthly,2018-01-01,2026-04-30,all
Scala,scala tutorial,2018-07-01T00:00:00Z,43,6.151155908066533e-07,monthly,2018-01-01,2026-04-30,all
Scala,scala tutorial,2018-08-01T00:00:00Z,12,1.699888556963597e-07,monthly,2018-01-01,2026-04-30,all
Scala,scala tutorial,2018-09-01T00:00:00Z,10,1.261983941162981e-07,monthly,2018-01-01,2026-04-30,all
Scala,scala tutorial,2018-10-01T00:00:00Z,25,2.7129661422196583e-07,monthly,2018-01-01,2026-04-30,all
Scala,scala tutorial,2018-11-01T00:00:00Z,35,4.118592796266586e-07,monthly,2018-01-01,2026-04-30,all
Scala,scala tutorial,2018-12-01T00:00:00Z,25,2.923491033764794e-07,monthly,2018-01-01,2026-04-30,all
Scala,scala tutorial,2019-01-01T00:00:00Z,42,4.77016110276677e-07,monthly,2018-01-01,2026-04-30,all
Scala,scala tutorial,2019-02-01T00:00:00Z,25,2.9811086727246666e-07,monthly,2018-01-01,2026-04-30,all
Scala,scala tutorial,2019-03-01T00:00:00Z,61,6.946880032921341e-07,monthly,2018-01-01,2026-04-30,all
Scala,scala tutorial,2019-04-01T00:00:00Z,41,4.96065449566771e-07,monthly,2018-01-01,2026-04-30,all
Scala,scala tutorial,2019-05-01T00:00:00Z,19,2.403080409415779e-07,monthly,2018-01-01,2026-04-30,all
Scala,scala tutorial,2019-06-01T00:00:00Z,23,3.173414445964783e-07,monthly,2018-01-01,2026-04-30,all
Scala,scala tutorial,2019-07-01T00:00:00Z,17,2.3121367679210322e-07,monthly,2018-01-01,2026-04-30,all
Scala,scala tutorial,2019-08-01T00:00:00Z,30,4.126533316101113e-07,monthly,2018-01-01,2026-04-30,all
Scala,scala tutorial,2019-09-01T00:00:00Z,37,4.7032443290685844e-07,monthly,2018-01-01,2026-04-30,all
Scala,scala tutorial,2019-10-01T00:00:00Z,29,3.2778976981391466e-07,monthly,2018-01-01,2026-04-30,all
Scala,scala tutorial,2019-11-01T00:00:00Z,24,2.704388237035293e-07,monthly,2018-01-01,2026-04-30,all
Scala,scala tutorial,2019-12-01T00:00:00Z,26,2.8030019911992496e-07,monthly,2018-01-01,2026-04-30,all
Scala,scala tutorial,2020-01-01T00:00:00Z,53,5.450410740984093e-07,monthly,2018-01-01,2026-04-30,all
Scala,scala tutorial,2020-02-01T00:00:00Z,17,1.8490039249663383e-07,monthly,2018-01-01,2026-04-30,all
Scala,scala tutorial,2020-03-01T00:00:00Z,20,2.0352337190671162e-07,monthly,2018-01-01,2026-04-30,all
Scala,scala tutorial,2020-04-01T00:00:00Z,30,2.5113185270414574e-07,monthly,2018-01-01,2026-04-30,all
Scala,scala tutorial,2020-05-01T00:00:00Z,33,3.0770074520536683e-07,monthly,2018-01-01,2026-04-30,all
Scala,scala tutorial,2020-06-01T00:00:00Z,18,2.0182863303200106e-07,monthly,2018-01-01,2026-04-30,all
Scala,scala tutorial,2020-07-01T00:00:00Z,22,2.6121478332983885e-07,monthly,2018-01-01,2026-04-30,all
Scala,scala tutorial,2020-08-01T00:00:00Z,20,2.384785928306777e-07,monthly,2018-01-01,2026-04-30,all
Scala,scala tutorial,2020-09-01T00:00:00Z,16,1.6851683731809273e-07,monthly,2018-01-01,2026-04-30,all
Scala,scala tutorial,2020-10-01T00:00:00Z,27,2.509525944386825e-07,monthly,2018-01-01,2026-04-30,all
Scala,scala tutorial,2020-11-01T00:00:00Z,19,1.6575247712638825e-07,monthly,2018-01-01,2026-04-30,all
Scala,scala tutorial,2020-12-01T00:00:00Z,20,1.809665365659237e-07,monthly,2018-01-01,2026-04-30,all
Scala,scala tutorial,2021-01-01T00:00:00Z,23,2.2034965263758859e-07,monthly,2018-01-01,2026-04-30,all
Scala,scala tutorial,2021-02-01T00:00:00Z,30,3.001115876405723e-07,monthly,2018-01-01,2026-04-30,all
Scala,scala tutorial,2021-03-01T00:00:00Z,18,1.6534301018267031e-07,monthly,2018-01-01,2026-04-30,all
Scala,scala tutorial,2021-04-01T00:00:00Z,18,1.6698478629071825e-07,monthly,2018-01-01,2026-04-30,all
Scala,scala tutorial,2021-05-01T00:00:00Z,36,3.489238117528668e-07,monthly,2018-01-01,2026-04-30,all
Scala,scala tutorial,2021-06-01T00:00:00Z,20,2.0159076618204664e-07,monthly,2018-01-01,2026-04-30,all
Scala,scala tutorial,2021-07-01T00:00:00Z,15,1.5462194971897657e-07,monthly,2018-01-01,2026-04-30,all
Scala,scala tutorial,2021-08-01T00:00:00Z,11,1.0971935014700345e-07,monthly,2018-01-01,2026-04-30,all
Scala,scala tutorial,2021-09-01T00:00:00Z,24,2.240432326517508e-07,monthly,2018-01-01,2026-04-30,all
Scala,scala tutorial,2021-10-01T00:00:00Z,32,2.8138084820565595e-07,monthly,2018-01-01,2026-04-30,all
Scala,scala tutorial,2021-11-01T00:00:00Z,21,1.8120555096811506e-07,monthly,2018-01-01,2026-04-30,all
Scala,scala tutorial,2021-12-01T00:00:00Z,20,1.6878495421522539e-07,monthly,2018-01-01,2026-04-30,all
Scala,scala tutorial,2022-01-01T00:00:00Z,21,1.761471403875179e-07,monthly,2018-01-01,2026-04-30,all
Scala,scala tutorial,2022-02-01T00:00:00Z,25,2.1168406098318493e-07,monthly,2018-01-01,2026-04-30,all
Scala,scala tutorial,2022-03-01T00:00:00Z,14,1.0982568783125404e-07,monthly,2018-01-01,2026-04-30,all
Scala,scala tutorial,2022-04-01T00:00:00Z,16,1.3386219211067917e-07,monthly,2018-01-01,2026-04-30,all
Scala,scala tutorial,2022-05-01T00:00:00Z,11,9.21930435942954e-08,monthly,2018-01-01,2026-04-30,all
Scala,scala tutorial,2022-06-01T00:00:00Z,20,1.8659845952581858e-07,monthly,2018-01-01,2026-04-30,all
Scala,scala tutorial,2022-07-01T00:00:00Z,7,6.712960640820236e-08,monthly,2018-01-01,2026-04-30,all
Scala,scala tutorial,2022-08-01T00:00:00Z,0,0.0,monthly,2018-01-01,2026-04-30,all
Scala,scala tutorial,2022-09-01T00:00:00Z,0,0.0,monthly,2018-01-01,2026-04-30,all
Scala,scala tutorial,2022-10-01T00:00:00Z,24,1.9405165362858657e-07,monthly,2018-01-01,2026-04-30,all
Scala,scala tutorial,2022-11-01T00:00:00Z,34,2.6945264434432395e-07,monthly,2018-01-01,2026-04-30,all
Scala,scala tutorial,2022-12-01T00:00:00Z,22,1.7488078745757226e-07,monthly,2018-01-01,2026-04-30,all
Scala,scala tutorial,2023-01-01T00:00:00Z,18,1.4603238687697592e-07,monthly,2018-01-01,2026-04-30,all
Scala,scala tutorial,2023-02-01T00:00:00Z,18,1.577324462325725e-07,monthly,2018-01-01,2026-04-30,all
Scala,scala tutorial,2023-03-01T00:00:00Z,19,1.527403059672522e-07,monthly,2018-01-01,2026-04-30,all
Scala,scala tutorial,2023-04-01T00:00:00Z,14,1.2128118570211614e-07,monthly,2018-01-01,2026-04-30,all
Scala,scala tutorial,2023-05-01T00:00:00Z,9,7.956225891828875e-08,monthly,2018-01-01,2026-04-30,all
Scala,scala tutorial,2023-06-01T00:00:00Z,7,6.827852728266531e-08,monthly,2018-01-01,2026-04-30,all
Scala,scala tutorial,2023-07-01T00:00:00Z,10,9.913600443178228e-08,monthly,2018-01-01,2026-04-30,all
Scala,scala tutorial,2023-08-01T00:00:00Z,11,1.0950583606878523e-07,monthly,2018-01-01,2026-04-30,all
Scala,scala tutorial,2023-09-01T00:00:00Z,15,1.3947570477621994e-07,monthly,2018-01-01,2026-04-30,all
Scala,scala tutorial,2023-10-01T00:00:00Z,23,1.9282166521152078e-07,monthly,2018-01-01,2026-04-30,all
Scala,scala tutorial,2023-11-01T00:00:00Z,6,5.1125305600225444e-08,monthly,2018-01-01,2026-04-30,all
Scala,scala tutorial,2023-12-01T00:00:00Z,11,9.215329066524218e-08,monthly,2018-01-01,2026-04-30,all
Scala,scala tutorial,2024-01-01T00:00:00Z,18,1.4931362919896705e-07,monthly,2018-01-01,2026-04-30,all
Scala,scala tutorial,2024-02-01T00:00:00Z,12,1.0687226222386873e-07,monthly,2018-01-01,2026-04-30,all
Scala,scala tutorial,2024-03-01T00:00:00Z,0,0.0,monthly,2018-01-01,2026-04-30,all
Scala,scala tutorial,2024-04-01T00:00:00Z,17,1.5670495186552805e-07,monthly,2018-01-01,2026-04-30,all
Scala,scala tutorial,2024-05-01T00:00:00Z,20,1.877746157398337e-07,monthly,2018-01-01,2026-04-30,all
Scala,scala tutorial,2024-06-01T00:00:00Z,21,2.2487665095657573e-07,monthly,2018-01-01,2026-04-30,all
Scala,scala tutorial,2024-07-01T00:00:00Z,5,5.372058993270992e-08,monthly,2018-01-01,2026-04-30,all
Scala,scala tutorial,2024-08-01T00:00:00Z,0,0.0,monthly,2018-01-01,2026-04-30,all
Scala,scala tutorial,2024-09-01T00:00:00Z,15,1.5099668066443042e-07,monthly,2018-01-01,2026-04-30,all
Scala,scala tutorial,2024-10-01T00:00:00Z,16,1.4253154292239485e-07,monthly,2018-01-01,2026-04-30,all
Scala,scala tutorial,2024-11-01T00:00:00Z,19,1.634297574651091e-07,monthly,2018-01-01,2026-04-30,all
Scala,scala tutorial,2024-12-01T00:00:00Z,9,7.501009345193751e-08,monthly,2018-01-01,2026-04-30,all
Scala,scala tutorial,2025-01-01T00:00:00Z,0,0.0,monthly,2018-01-01,2026-04-30,all
Scala,scala tutorial,2025-02-01T00:00:00Z,9,7.887767059603241e-08,monthly,2018-01-01,2026-04-30,all
Scala,scala tutorial,2025-03-01T00:00:00Z,11,9.179185686826731e-08,monthly,2018-01-01,2026-04-30,all
Scala,scala tutorial,2025-04-01T00:00:00Z,7,6.144586569250667e-08,monthly,2018-01-01,2026-04-30,all
Scala,scala tutorial,2025-05-01T00:00:00Z,9,8.433159812371546e-08,monthly,2018-01-01,2026-04-30,all
Scala,scala tutorial,2025-06-01T00:00:00Z,0,0.0,monthly,2018-01-01,2026-04-30,all
Scala,scala tutorial,2025-07-01T00:00:00Z,0,0.0,monthly,2018-01-01,2026-04-30,all
Scala,scala tutorial,2025-08-01T00:00:00Z,0,0.0,monthly,2018-01-01,2026-04-30,all
Scala,scala tutorial,2025-09-01T00:00:00Z,0,0.0,monthly,2018-01-01,2026-04-30,all
Scala,scala tutorial,2025-10-01T00:00:00Z,0,0.0,monthly,2018-01-01,2026-04-30,all
Scala,scala tutorial,2025-11-01T00:00:00Z,0,0.0,monthly,2018-01-01,2026-04-30,all
Scala,scala tutorial,2025-12-01T00:00:00Z,0,0.0,monthly,2018-01-01,2026-04-30,all
Scala,scala tutorial,2026-01-01T00:00:00Z,0,0.0,monthly,2018-01-01,2026-04-30,all
Scala,scala tutorial,2026-02-01T00:00:00Z,0,0.0,monthly,2018-01-01,2026-04-30,all
Scala,scala tutorial,2026-03-01T00:00:00Z,0,0.0,monthly,2018-01-01,2026-04-30,all
Scala,scala tutorial,2026-04-01T00:00:00Z,0,0.0,monthly,2018-01-01,2026-04-30,all
Swift,swift tutorial,2018-01-01T00:00:00Z,94,1.2101523290805046e-06,monthly,2018-01-01,2026-04-30,all
Swift,swift tutorial,2018-02-01T00:00:00Z,151,1.9481791310400456e-06,monthly,2018-01-01,2026-04-30,all
Swift,swift tutorial,2018-03-01T00:00:00Z,172,2.0460196436169112e-06,monthly,2018-01-01,2026-04-30,all
Swift,swift tutorial,2018-04-01T00:00:00Z,104,1.3724458736762633e-06,monthly,2018-01-01,2026-04-30,all
Swift,swift tutorial,2018-05-01T00:00:00Z,114,1.5172555341754865e-06,monthly,2018-01-01,2026-04-30,all
Swift,swift tutorial,2018-06-01T00:00:00Z,143,2.0609997265603922e-06,monthly,2018-01-01,2026-04-30,all
Swift,swift tutorial,2018-07-01T00:00:00Z,108,1.5449414838864778e-06,monthly,2018-01-01,2026-04-30,all
Swift,swift tutorial,2018-08-01T00:00:00Z,133,1.8840431506346531e-06,monthly,2018-01-01,2026-04-30,all
Swift,swift tutorial,2018-09-01T00:00:00Z,183,2.3094306123282557e-06,monthly,2018-01-01,2026-04-30,all
Swift,swift tutorial,2018-10-01T00:00:00Z,234,2.5393363091176002e-06,monthly,2018-01-01,2026-04-30,all
Swift,swift tutorial,2018-11-01T00:00:00Z,139,1.6356697105173011e-06,monthly,2018-01-01,2026-04-30,all
Swift,swift tutorial,2018-12-01T00:00:00Z,181,2.1166075084457108e-06,monthly,2018-01-01,2026-04-30,all
Swift,swift tutorial,2019-01-01T00:00:00Z,160,1.8172042296254366e-06,monthly,2018-01-01,2026-04-30,all
Swift,swift tutorial,2019-02-01T00:00:00Z,161,1.9198339852346855e-06,monthly,2018-01-01,2026-04-30,all
Swift,swift tutorial,2019-03-01T00:00:00Z,139,1.5829775812722404e-06,monthly,2018-01-01,2026-04-30,all
Swift,swift tutorial,2019-04-01T00:00:00Z,137,1.6575845509914056e-06,monthly,2018-01-01,2026-04-30,all
Swift,swift tutorial,2019-05-01T00:00:00Z,152,1.9224643275326233e-06,monthly,2018-01-01,2026-04-30,all
Swift,swift tutorial,2019-06-01T00:00:00Z,156,2.1524028416108962e-06,monthly,2018-01-01,2026-04-30,all
Swift,swift tutorial,2019-07-01T00:00:00Z,134,1.8225078053024608e-06,monthly,2018-01-01,2026-04-30,all
Swift,swift tutorial,2019-08-01T00:00:00Z,116,1.5955928822257637e-06,monthly,2018-01-01,2026-04-30,all
Swift,swift tutorial,2019-09-01T00:00:00Z,152,1.9321436162660127e-06,monthly,2018-01-01,2026-04-30,all
Swift,swift tutorial,2019-10-01T00:00:00Z,118,1.3337652702773078e-06,monthly,2018-01-01,2026-04-30,all
Swift,swift tutorial,2019-11-01T00:00:00Z,120,1.3521941185176464e-06,monthly,2018-01-01,2026-04-30,all
Swift,swift tutorial,2019-12-01T00:00:00Z,134,1.4446241031565363e-06,monthly,2018-01-01,2026-04-30,all
Swift,swift tutorial,2020-01-01T00:00:00Z,180,1.8510828931644091e-06,monthly,2018-01-01,2026-04-30,all
Swift,swift tutorial,2020-02-01T00:00:00Z,144,1.5662150893832514e-06,monthly,2018-01-01,2026-04-30,all
Swift,swift tutorial,2020-03-01T00:00:00Z,144,1.4653682777283238e-06,monthly,2018-01-01,2026-04-30,all
Swift,swift tutorial,2020-04-01T00:00:00Z,145,1.2138039547367044e-06,monthly,2018-01-01,2026-04-30,all
Swift,swift tutorial,2020-05-01T00:00:00Z,150,1.3986397509334856e-06,monthly,2018-01-01,2026-04-30,all
Swift,swift tutorial,2020-06-01T00:00:00Z,100,1.121270183511117e-06,monthly,2018-01-01,2026-04-30,all
Swift,swift tutorial,2020-07-01T00:00:00Z,162,1.923490677246995e-06,monthly,2018-01-01,2026-04-30,all
Swift,swift tutorial,2020-08-01T00:00:00Z,90,1.0731536677380498e-06,monthly,2018-01-01,2026-04-30,all
Swift,swift tutorial,2020-09-01T00:00:00Z,145,1.5271838381952155e-06,monthly,2018-01-01,2026-04-30,all
Swift,swift tutorial,2020-10-01T00:00:00Z,149,1.3848865396801368e-06,monthly,2018-01-01,2026-04-30,all
Swift,swift tutorial,2020-11-01T00:00:00Z,112,9.770672335871308e-07,monthly,2018-01-01,2026-04-30,all
Swift,swift tutorial,2020-12-01T00:00:00Z,129,1.167234160850208e-06,monthly,2018-01-01,2026-04-30,all
Swift,swift tutorial,2021-01-01T00:00:00Z,120,1.1496503615874186e-06,monthly,2018-01-01,2026-04-30,all
Swift,swift tutorial,2021-02-01T00:00:00Z,105,1.0503905567420032e-06,monthly,2018-01-01,2026-04-30,all
Swift,swift tutorial,2021-03-01T00:00:00Z,125,1.148215348490766e-06,monthly,2018-01-01,2026-04-30,all
Swift,swift tutorial,2021-04-01T00:00:00Z,148,1.3729860206125725e-06,monthly,2018-01-01,2026-04-30,all
Swift,swift tutorial,2021-05-01T00:00:00Z,111,1.0758484195713395e-06,monthly,2018-01-01,2026-04-30,all
Swift,swift tutorial,2021-06-01T00:00:00Z,85,8.567607562736982e-07,monthly,2018-01-01,2026-04-30,all
Swift,swift tutorial,2021-07-01T00:00:00Z,112,1.1545105579016918e-06,monthly,2018-01-01,2026-04-30,all
Swift,swift tutorial,2021-08-01T00:00:00Z,133,1.3266066881410416e-06,monthly,2018-01-01,2026-04-30,all
Swift,swift tutorial,2021-09-01T00:00:00Z,181,1.689659379581954e-06,monthly,2018-01-01,2026-04-30,all
Swift,swift tutorial,2021-10-01T00:00:00Z,163,1.43328369554756e-06,monthly,2018-01-01,2026-04-30,all
Swift,swift tutorial,2021-11-01T00:00:00Z,151,1.3029541998183512e-06,monthly,2018-01-01,2026-04-30,all
Swift,swift tutorial,2021-12-01T00:00:00Z,134,1.1308591932420102e-06,monthly,2018-01-01,2026-04-30,all
Swift,swift tutorial,2022-01-01T00:00:00Z,129,1.0820467195233242e-06,monthly,2018-01-01,2026-04-30,all
Swift,swift tutorial,2022-02-01T00:00:00Z,120,1.0160834927192878e-06,monthly,2018-01-01,2026-04-30,all
Swift,swift tutorial,2022-03-01T00:00:00Z,174,1.3649764059027289e-06,monthly,2018-01-01,2026-04-30,all
Swift,swift tutorial,2022-04-01T00:00:00Z,142,1.1880269549822777e-06,monthly,2018-01-01,2026-04-30,all
Swift,swift tutorial,2022-05-01T00:00:00Z,134,1.123078894694144e-06,monthly,2018-01-01,2026-04-30,all
Swift,swift tutorial,2022-06-01T00:00:00Z,119,1.1102608341786206e-06,monthly,2018-01-01,2026-04-30,all
Swift,swift tutorial,2022-07-01T00:00:00Z,116,1.112433477621639e-06,monthly,2018-01-01,2026-04-30,all
Swift,swift tutorial,2022-08-01T00:00:00Z,160,1.4850345301347363e-06,monthly,2018-01-01,2026-04-30,all
Swift,swift tutorial,2022-09-01T00:00:00Z,140,1.197553001117883e-06,monthly,2018-01-01,2026-04-30,all
Swift,swift tutorial,2022-10-01T00:00:00Z,109,8.813179268964974e-07,monthly,2018-01-01,2026-04-30,all
Swift,swift tutorial,2022-11-01T00:00:00Z,147,1.1649864329004595e-06,monthly,2018-01-01,2026-04-30,all
Swift,swift tutorial,2022-12-01T00:00:00Z,105,8.346583037747767e-07,monthly,2018-01-01,2026-04-30,all
Swift,swift tutorial,2023-01-01T00:00:00Z,117,9.492105147003435e-07,monthly,2018-01-01,2026-04-30,all
Swift,swift tutorial,2023-02-01T00:00:00Z,103,9.025801089974983e-07,monthly,2018-01-01,2026-04-30,all
Swift,swift tutorial,2023-03-01T00:00:00Z,131,1.053104214826844e-06,monthly,2018-01-01,2026-04-30,all
Swift,swift tutorial,2023-04-01T00:00:00Z,104,9.009459509300057e-07,monthly,2018-01-01,2026-04-30,all
Swift,swift tutorial,2023-05-01T00:00:00Z,97,8.575043461193343e-07,monthly,2018-01-01,2026-04-30,all
Swift,swift tutorial,2023-06-01T00:00:00Z,105,1.0241779092399798e-06,monthly,2018-01-01,2026-04-30,all
Swift,swift tutorial,2023-07-01T00:00:00Z,167,1.6555712740107642e-06,monthly,2018-01-01,2026-04-30,all
Swift,swift tutorial,2023-08-01T00:00:00Z,99,9.85552524619067e-07,monthly,2018-01-01,2026-04-30,all
Swift,swift tutorial,2023-09-01T00:00:00Z,93,8.647493696125636e-07,monthly,2018-01-01,2026-04-30,all
Swift,swift tutorial,2023-10-01T00:00:00Z,101,8.467386167984175e-07,monthly,2018-01-01,2026-04-30,all
Swift,swift tutorial,2023-11-01T00:00:00Z,81,6.901916256030435e-07,monthly,2018-01-01,2026-04-30,all
Swift,swift tutorial,2023-12-01T00:00:00Z,76,6.36695462778037e-07,monthly,2018-01-01,2026-04-30,all
Swift,swift tutorial,2024-01-01T00:00:00Z,79,6.553209281510221e-07,monthly,2018-01-01,2026-04-30,all
Swift,swift tutorial,2024-02-01T00:00:00Z,68,6.056094859352562e-07,monthly,2018-01-01,2026-04-30,all
Swift,swift tutorial,2024-03-01T00:00:00Z,155,1.3440347392142243e-06,monthly,2018-01-01,2026-04-30,all
Swift,swift tutorial,2024-04-01T00:00:00Z,88,8.111785743627333e-07,monthly,2018-01-01,2026-04-30,all
Swift,swift tutorial,2024-05-01T00:00:00Z,66,6.196562319414512e-07,monthly,2018-01-01,2026-04-30,all
Swift,swift tutorial,2024-06-01T00:00:00Z,74,7.924224843231715e-07,monthly,2018-01-01,2026-04-30,all
Swift,swift tutorial,2024-07-01T00:00:00Z,60,6.44647079192519e-07,monthly,2018-01-01,2026-04-30,all
Swift,swift tutorial,2024-08-01T00:00:00Z,68,7.272848730856767e-07,monthly,2018-01-01,2026-04-30,all
Swift,swift tutorial,2024-09-01T00:00:00Z,80,8.053156302102956e-07,monthly,2018-01-01,2026-04-30,all
Swift,swift tutorial,2024-10-01T00:00:00Z,77,6.859330503140251e-07,monthly,2018-01-01,2026-04-30,all
Swift,swift tutorial,2024-11-01T00:00:00Z,69,5.935080665838172e-07,monthly,2018-01-01,2026-04-30,all
Swift,swift tutorial,2024-12-01T00:00:00Z,89,7.417664796913821e-07,monthly,2018-01-01,2026-04-30,all
Swift,swift tutorial,2025-01-01T00:00:00Z,77,6.488765968425485e-07,monthly,2018-01-01,2026-04-30,all
Swift,swift tutorial,2025-02-01T00:00:00Z,58,5.0832276606332e-07,monthly,2018-01-01,2026-04-30,all
Swift,swift tutorial,2025-03-01T00:00:00Z,41,3.421332846908145e-07,monthly,2018-01-01,2026-04-30,all
Swift,swift tutorial,2025-04-01T00:00:00Z,73,6.407925993647125e-07,monthly,2018-01-01,2026-04-30,all
Swift,swift tutorial,2025-05-01T00:00:00Z,45,4.216579906185773e-07,monthly,2018-01-01,2026-04-30,all
Swift,swift tutorial,2025-06-01T00:00:00Z,42,4.0553885669546413e-07,monthly,2018-01-01,2026-04-30,all
Swift,swift tutorial,2025-07-01T00:00:00Z,82,7.748836357078886e-07,monthly,2018-01-01,2026-04-30,all
Swift,swift tutorial,2025-08-01T00:00:00Z,33,3.1729721765533185e-07,monthly,2018-01-01,2026-04-30,all
Swift,swift tutorial,2025-09-01T00:00:00Z,25,2.2847461942057778e-07,monthly,2018-01-01,2026-04-30,all
Swift,swift tutorial,2025-10-01T00:00:00Z,33,2.799337814604073e-07,monthly,2018-01-01,2026-04-30,all
Swift,swift tutorial,2025-11-01T00:00:00Z,41,3.540771830233513e-07,monthly,2018-01-01,2026-04-30,all
Swift,swift tutorial,2025-12-01T00:00:00Z,28,2.460402945671839e-07,monthly,2018-01-01,2026-04-30,all
Swift,swift tutorial,2026-01-01T00:00:00Z,26,2.5092767110714655e-07,monthly,2018-01-01,2026-04-30,all
Swift,swift tutorial,2026-02-01T00:00:00Z,31,3.288962215686133e-07,monthly,2018-01-01,2026-04-30,all
Swift,swift tutorial,2026-03-01T00:00:00Z,17,1.5492929310856535e-07,monthly,2018-01-01,2026-04-30,all
Swift,swift tutorial,2026-04-01T00:00:00Z,18,1.5967327676816785e-07,monthly,2018-01-01,2026-04-30,all
TypeScript,typescript tutorial,2018-01-01T00:00:00Z,0,0.0,monthly,2018-01-01,2026-04-30,all
TypeScript,typescript tutorial,2018-02-01T00:00:00Z,12,1.5482218259920893e-07,monthly,2018-01-01,2026-04-30,all
TypeScript,typescript tutorial,2018-03-01T00:00:00Z,21,2.498047239299717e-07,monthly,2018-01-01,2026-04-30,all
TypeScript,typescript tutorial,2018-04-01T00:00:00Z,6,7.917956963516903e-08,monthly,2018-01-01,2026-04-30,all
TypeScript,typescript tutorial,2018-05-01T00:00:00Z,0,0.0,monthly,2018-01-01,2026-04-30,all
TypeScript,typescript tutorial,2018-06-01T00:00:00Z,30,4.323775650126698e-07,monthly,2018-01-01,2026-04-30,all
TypeScript,typescript tutorial,2018-07-01T00:00:00Z,21,3.004052885334818e-07,monthly,2018-01-01,2026-04-30,all
TypeScript,typescript tutorial,2018-08-01T00:00:00Z,56,7.932813265830119e-07,monthly,2018-01-01,2026-04-30,all
TypeScript,typescript tutorial,2018-09-01T00:00:00Z,35,4.4169437940704336e-07,monthly,2018-01-01,2026-04-30,all
TypeScript,typescript tutorial,2018-10-01T00:00:00Z,30,3.25555937066359e-07,monthly,2018-01-01,2026-04-30,all
TypeScript,typescript tutorial,2018-11-01T00:00:00Z,58,6.8250966338132e-07,monthly,2018-01-01,2026-04-30,all
TypeScript,typescript tutorial,2018-12-01T00:00:00Z,41,4.794525295374262e-07,monthly,2018-01-01,2026-04-30,all
TypeScript,typescript tutorial,2019-01-01T00:00:00Z,40,4.5430105740635914e-07,monthly,2018-01-01,2026-04-30,all
TypeScript,typescript tutorial,2019-02-01T00:00:00Z,21,2.50413128508872e-07,monthly,2018-01-01,2026-04-30,all
TypeScript,typescript tutorial,2019-03-01T00:00:00Z,31,3.53038165607478e-07,monthly,2018-01-01,2026-04-30,all
TypeScript,typescript tutorial,2019-04-01T00:00:00Z,52,6.291561799383437e-07,monthly,2018-01-01,2026-04-30,all
TypeScript,typescript tutorial,2019-05-01T00:00:00Z,21,2.656036241985861e-07,monthly,2018-01-01,2026-04-30,all
TypeScript,typescript tutorial,2019-06-01T00:00:00Z,35,4.829108939511627e-07,monthly,2018-01-01,2026-04-30,all
TypeScript,typescript tutorial,2019-07-01T00:00:00Z,25,3.400201129295636e-07,monthly,2018-01-01,2026-04-30,all
TypeScript,typescript tutorial,2019-08-01T00:00:00Z,17,2.3383688791239646e-07,monthly,2018-01-01,2026-04-30,all
TypeScript,typescript tutorial,2019-09-01T00:00:00Z,51,6.48285029141886e-07,monthly,2018-01-01,2026-04-30,all
TypeScript,typescript tutorial,2019-10-01T00:00:00Z,56,6.3297334860618e-07,monthly,2018-01-01,2026-04-30,all
TypeScript,typescript tutorial,2019-11-01T00:00:00Z,27,3.042436766664705e-07,monthly,2018-01-01,2026-04-30,all
TypeScript,typescript tutorial,2019-12-01T00:00:00Z,31,3.342040835660644e-07,monthly,2018-01-01,2026-04-30,all
TypeScript,typescript tutorial,2020-01-01T00:00:00Z,41,4.216355478874488e-07,monthly,2018-01-01,2026-04-30,all
TypeScript,typescript tutorial,2020-02-01T00:00:00Z,38,4.13306759698358e-07,monthly,2018-01-01,2026-04-30,all
TypeScript,typescript tutorial,2020-03-01T00:00:00Z,40,4.0704674381342324e-07,monthly,2018-01-01,2026-04-30,all
TypeScript,typescript tutorial,2020-04-01T00:00:00Z,33,2.762450379745603e-07,monthly,2018-01-01,2026-04-30,all
TypeScript,typescript tutorial,2020-05-01T00:00:00Z,61,5.687801653796174e-07,monthly,2018-01-01,2026-04-30,all
TypeScript,typescript tutorial,2020-06-01T00:00:00Z,26,2.915302477128904e-07,monthly,2018-01-01,2026-04-30,all
TypeScript,typescript tutorial,2020-07-01T00:00:00Z,39,4.6306257044835066e-07,monthly,2018-01-01,2026-04-30,all
TypeScript,typescript tutorial,2020-08-01T00:00:00Z,29,3.457939596044827e-07,monthly,2018-01-01,2026-04-30,all
TypeScript,typescript tutorial,2020-09-01T00:00:00Z,36,3.791628839657086e-07,monthly,2018-01-01,2026-04-30,all
TypeScript,typescript tutorial,2020-10-01T00:00:00Z,25,2.3236351336915044e-07,monthly,2018-01-01,2026-04-30,all
TypeScript,typescript tutorial,2020-11-01T00:00:00Z,23,2.0064773546878578e-07,monthly,2018-01-01,2026-04-30,all
TypeScript,typescript tutorial,2020-12-01T00:00:00Z,40,3.619330731318474e-07,monthly,2018-01-01,2026-04-30,all
TypeScript,typescript tutorial,2021-01-01T00:00:00Z,35,3.353146887963304e-07,monthly,2018-01-01,2026-04-30,all
TypeScript,typescript tutorial,2021-02-01T00:00:00Z,48,4.801785402249157e-07,monthly,2018-01-01,2026-04-30,all
TypeScript,typescript tutorial,2021-03-01T00:00:00Z,31,2.8475740642570995e-07,monthly,2018-01-01,2026-04-30,all
TypeScript,typescript tutorial,2021-04-01T00:00:00Z,37,3.432465051531431e-07,monthly,2018-01-01,2026-04-30,all
TypeScript,typescript tutorial,2021-05-01T00:00:00Z,36,3.489238117528668e-07,monthly,2018-01-01,2026-04-30,all
TypeScript,typescript tutorial,2021-06-01T00:00:00Z,48,4.838178388369119e-07,monthly,2018-01-01,2026-04-30,all
TypeScript,typescript tutorial,2021-07-01T00:00:00Z,22,2.2677885958783228e-07,monthly,2018-01-01,2026-04-30,all
TypeScript,typescript tutorial,2021-08-01T00:00:00Z,26,2.593366458020081e-07,monthly,2018-01-01,2026-04-30,all
TypeScript,typescript tutorial,2021-09-01T00:00:00Z,38,3.547351183652721e-07,monthly,2018-01-01,2026-04-30,all
TypeScript,typescript tutorial,2021-10-01T00:00:00Z,45,3.956918177892036e-07,monthly,2018-01-01,2026-04-30,all
TypeScript,typescript tutorial,2021-11-01T00:00:00Z,39,3.3652459465507086e-07,monthly,2018-01-01,2026-04-30,all
TypeScript,typescript tutorial,2021-12-01T00:00:00Z,51,4.3040163324882475e-07,monthly,2018-01-01,2026-04-30,all
TypeScript,typescript tutorial,2022-01-01T00:00:00Z,30,2.516387719821684e-07,monthly,2018-01-01,2026-04-30,all
TypeScript,typescript tutorial,2022-02-01T00:00:00Z,32,2.709555980584767e-07,monthly,2018-01-01,2026-04-30,all
TypeScript,typescript tutorial,2022-03-01T00:00:00Z,42,3.2947706349376213e-07,monthly,2018-01-01,2026-04-30,all
TypeScript,typescript tutorial,2022-04-01T00:00:00Z,54,4.5178489837354224e-07,monthly,2018-01-01,2026-04-30,all
TypeScript,typescript tutorial,2022-05-01T00:00:00Z,21,1.7600490140729122e-07,monthly,2018-01-01,2026-04-30,all
TypeScript,typescript tutorial,2022-06-01T00:00:00Z,58,5.411355326248739e-07,monthly,2018-01-01,2026-04-30,all
TypeScript,typescript tutorial,2022-07-01T00:00:00Z,44,4.219575259944148e-07,monthly,2018-01-01,2026-04-30,all
TypeScript,typescript tutorial,2022-08-01T00:00:00Z,41,3.8054009834702615e-07,monthly,2018-01-01,2026-04-30,all
TypeScript,typescript tutorial,2022-09-01T00:00:00Z,41,3.5071195032737996e-07,monthly,2018-01-01,2026-04-30,all
TypeScript,typescript tutorial,2022-10-01T00:00:00Z,39,3.153339371464532e-07,monthly,2018-01-01,2026-04-30,all
TypeScript,typescript tutorial,2022-11-01T00:00:00Z,78,6.181560664369785e-07,monthly,2018-01-01,2026-04-30,all
TypeScript,typescript tutorial,2022-12-01T00:00:00Z,35,2.782194345915922e-07,monthly,2018-01-01,2026-04-30,all
TypeScript,typescript tutorial,2023-01-01T00:00:00Z,63,5.111133540694157e-07,monthly,2018-01-01,2026-04-30,all
TypeScript,typescript tutorial,2023-02-01T00:00:00Z,56,4.907231660568923e-07,monthly,2018-01-01,2026-04-30,all
TypeScript,typescript tutorial,2023-03-01T00:00:00Z,70,5.627274430372449e-07,monthly,2018-01-01,2026-04-30,all
TypeScript,typescript tutorial,2023-04-01T00:00:00Z,48,4.1582120812154104e-07,monthly,2018-01-01,2026-04-30,all
TypeScript,typescript tutorial,2023-05-01T00:00:00Z,58,5.127345574734164e-07,monthly,2018-01-01,2026-04-30,all
TypeScript,typescript tutorial,2023-06-01T00:00:00Z,76,7.413097247832233e-07,monthly,2018-01-01,2026-04-30,all
TypeScript,typescript tutorial,2023-07-01T00:00:00Z,62,6.146432274770502e-07,monthly,2018-01-01,2026-04-30,all
TypeScript,typescript tutorial,2023-08-01T00:00:00Z,42,4.181131922626345e-07,monthly,2018-01-01,2026-04-30,all
TypeScript,typescript tutorial,2023-09-01T00:00:00Z,51,4.7421739623914784e-07,monthly,2018-01-01,2026-04-30,all
TypeScript,typescript tutorial,2023-10-01T00:00:00Z,41,3.437255771161892e-07,monthly,2018-01-01,2026-04-30,all
TypeScript,typescript tutorial,2023-11-01T00:00:00Z,33,2.8118918080123995e-07,monthly,2018-01-01,2026-04-30,all
TypeScript,typescript tutorial,2023-12-01T00:00:00Z,46,3.8536830641828553e-07,monthly,2018-01-01,2026-04-30,all
TypeScript,typescript tutorial,2024-01-01T00:00:00Z,47,3.898744762417473e-07,monthly,2018-01-01,2026-04-30,all
TypeScript,typescript tutorial,2024-02-01T00:00:00Z,47,4.1858302704348593e-07,monthly,2018-01-01,2026-04-30,all
TypeScript,typescript tutorial,2024-03-01T00:00:00Z,41,3.5551886650182706e-07,monthly,2018-01-01,2026-04-30,all
TypeScript,typescript tutorial,2024-04-01T00:00:00Z,43,3.9637134883633557e-07,monthly,2018-01-01,2026-04-30,all
TypeScript,typescript tutorial,2024-05-01T00:00:00Z,30,2.816619236097505e-07,monthly,2018-01-01,2026-04-30,all
TypeScript,typescript tutorial,2024-06-01T00:00:00Z,31,3.31960770459707e-07,monthly,2018-01-01,2026-04-30,all
TypeScript,typescript tutorial,2024-07-01T00:00:00Z,55,5.909264892598091e-07,monthly,2018-01-01,2026-04-30,all
TypeScript,typescript tutorial,2024-08-01T00:00:00Z,58,6.203312152789596e-07,monthly,2018-01-01,2026-04-30,all
TypeScript,typescript tutorial,2024-09-01T00:00:00Z,36,3.6239203359463303e-07,monthly,2018-01-01,2026-04-30,all
TypeScript,typescript tutorial,2024-10-01T00:00:00Z,40,3.5632885730598705e-07,monthly,2018-01-01,2026-04-30,all
TypeScript,typescript tutorial,2024-11-01T00:00:00Z,42,3.612657796597148e-07,monthly,2018-01-01,2026-04-30,all
TypeScript,typescript tutorial,2024-12-01T00:00:00Z,52,4.3339165105563895e-07,monthly,2018-01-01,2026-04-30,all
TypeScript,typescript tutorial,2025-01-01T00:00:00Z,43,3.623596579770076e-07,monthly,2018-01-01,2026-04-30,all
TypeScript,typescript tutorial,2025-02-01T00:00:00Z,42,3.6809579611481793e-07,monthly,2018-01-01,2026-04-30,all
TypeScript,typescript tutorial,2025-03-01T00:00:00Z,31,2.586861420832988e-07,monthly,2018-01-01,2026-04-30,all
TypeScript,typescript tutorial,2025-04-01T00:00:00Z,39,3.423412517153943e-07,monthly,2018-01-01,2026-04-30,all
TypeScript,typescript tutorial,2025-05-01T00:00:00Z,33,3.092158597869567e-07,monthly,2018-01-01,2026-04-30,all
TypeScript,typescript tutorial,2025-06-01T00:00:00Z,23,2.2208080247608745e-07,monthly,2018-01-01,2026-04-30,all
TypeScript,typescript tutorial,2025-07-01T00:00:00Z,25,2.362450108865514e-07,monthly,2018-01-01,2026-04-30,all
TypeScript,typescript tutorial,2025-08-01T00:00:00Z,13,1.249958736217974e-07,monthly,2018-01-01,2026-04-30,all
TypeScript,typescript tutorial,2025-09-01T00:00:00Z,14,1.2794578687552355e-07,monthly,2018-01-01,2026-04-30,all
TypeScript,typescript tutorial,2025-10-01T00:00:00Z,21,1.781396791111683e-07,monthly,2018-01-01,2026-04-30,all
TypeScript,typescript tutorial,2025-11-01T00:00:00Z,15,1.295404328134212e-07,monthly,2018-01-01,2026-04-30,all
TypeScript,typescript tutorial,2025-12-01T00:00:00Z,10,8.787153377399424e-08,monthly,2018-01-01,2026-04-30,all
TypeScript,typescript tutorial,2026-01-01T00:00:00Z,16,1.5441702837362866e-07,monthly,2018-01-01,2026-04-30,all
TypeScript,typescript tutorial,2026-02-01T00:00:00Z,7,7.426688874129979e-08,monthly,2018-01-01,2026-04-30,all
TypeScript,typescript tutorial,2026-03-01T00:00:00Z,12,1.0936185395898732e-07,monthly,2018-01-01,2026-04-30,all
TypeScript,typescript tutorial,2026-04-01T00:00:00Z,8,7.096590078585239e-08,monthly,2018-01-01,2026-04-30,all
VBA,vba tutorial,2018-01-01T00:00:00Z,9,1.1586564852898448e-07,monthly,2018-01-01,2026-04-30,all
VBA,vba tutorial,2018-02-01T00:00:00Z,14,1.8062587969907707e-07,monthly,2018-01-01,2026-04-30,all
VBA,vba tutorial,2018-03-01T00:00:00Z,12,1.4274555653141243e-07,monthly,2018-01-01,2026-04-30,all
VBA,vba tutorial,2018-04-01T00:00:00Z,8,1.0557275951355871e-07,monthly,2018-01-01,2026-04-30,all
VBA,vba tutorial,2018-05-01T00:00:00Z,11,1.4640184978886272e-07,monthly,2018-01-01,2026-04-30,all
VBA,vba tutorial,2018-06-01T00:00:00Z,21,3.026642955088688e-07,monthly,2018-01-01,2026-04-30,all
VBA,vba tutorial,2018-07-01T00:00:00Z,14,2.0027019235565454e-07,monthly,2018-01-01,2026-04-30,all
VBA,vba tutorial,2018-08-01T00:00:00Z,25,3.54143449367416e-07,monthly,2018-01-01,2026-04-30,all
VBA,vba tutorial,2018-09-01T00:00:00Z,27,3.407356641140049e-07,monthly,2018-01-01,2026-04-30,all
VBA,vba tutorial,2018-10-01T00:00:00Z,38,4.1237085361738813e-07,monthly,2018-01-01,2026-04-30,all
VBA,vba tutorial,2018-11-01T00:00:00Z,117,1.376786734751973e-06,monthly,2018-01-01,2026-04-30,all
VBA,vba tutorial,2018-12-01T00:00:00Z,35,4.0928874472707114e-07,monthly,2018-01-01,2026-04-30,all
VBA,vba tutorial,2019-01-01T00:00:00Z,172,1.953494546847344e-06,monthly,2018-01-01,2026-04-30,all
VBA,vba tutorial,2019-02-01T00:00:00Z,50,5.962217345449333e-07,monthly,2018-01-01,2026-04-30,all
VBA,vba tutorial,2019-03-01T00:00:00Z,33,3.758148214531218e-07,monthly,2018-01-01,2026-04-30,all
VBA,vba tutorial,2019-04-01T00:00:00Z,174,2.10525337133215e-06,monthly,2018-01-01,2026-04-30,all
VBA,vba tutorial,2019-05-01T00:00:00Z,21,2.656036241985861e-07,monthly,2018-01-01,2026-04-30,all
VBA,vba tutorial,2019-06-01T00:00:00Z,48,6.622777974187373e-07,monthly,2018-01-01,2026-04-30,all
VBA,vba tutorial,2019-07-01T00:00:00Z,38,5.168305716529366e-07,monthly,2018-01-01,2026-04-30,all
VBA,vba tutorial,2019-08-01T00:00:00Z,48,6.602453305761782e-07,monthly,2018-01-01,2026-04-30,all
VBA,vba tutorial,2019-09-01T00:00:00Z,41,5.211703175454377e-07,monthly,2018-01-01,2026-04-30,all
VBA,vba tutorial,2019-10-01T00:00:00Z,24,2.7127429225979144e-07,monthly,2018-01-01,2026-04-30,all
VBA,vba tutorial,2019-11-01T00:00:00Z,24,2.704388237035293e-07,monthly,2018-01-01,2026-04-30,all
VBA,vba tutorial,2019-12-01T00:00:00Z,16,1.7249243022764614e-07,monthly,2018-01-01,2026-04-30,all
VBA,vba tutorial,2020-01-01T00:00:00Z,45,4.627707232911023e-07,monthly,2018-01-01,2026-04-30,all
VBA,vba tutorial,2020-02-01T00:00:00Z,20,2.1752987352545155e-07,monthly,2018-01-01,2026-04-30,all
VBA,vba tutorial,2020-03-01T00:00:00Z,36,3.6634206943208095e-07,monthly,2018-01-01,2026-04-30,all
VBA,vba tutorial,2020-04-01T00:00:00Z,21,1.75792296892902e-07,monthly,2018-01-01,2026-04-30,all
VBA,vba tutorial,2020-05-01T00:00:00Z,16,1.491882400995718e-07,monthly,2018-01-01,2026-04-30,all
VBA,vba tutorial,2020-06-01T00:00:00Z,19,2.1304133486711224e-07,monthly,2018-01-01,2026-04-30,all
VBA,vba tutorial,2020-07-01T00:00:00Z,25,2.9683498105663507e-07,monthly,2018-01-01,2026-04-30,all
VBA,vba tutorial,2020-08-01T00:00:00Z,25,2.9809824103834717e-07,monthly,2018-01-01,2026-04-30,all
VBA,vba tutorial,2020-09-01T00:00:00Z,20,2.106460466476159e-07,monthly,2018-01-01,2026-04-30,all
VBA,vba tutorial,2020-10-01T00:00:00Z,11,1.022399458824262e-07,monthly,2018-01-01,2026-04-30,all
VBA,vba tutorial,2020-11-01T00:00:00Z,16,1.3958103336959012e-07,monthly,2018-01-01,2026-04-30,all
VBA,vba tutorial,2020-12-01T00:00:00Z,11,9.953159511125805e-08,monthly,2018-01-01,2026-04-30,all
VBA,vba tutorial,2021-01-01T00:00:00Z,13,1.2454545583863702e-07,monthly,2018-01-01,2026-04-30,all
VBA,vba tutorial,2021-02-01T00:00:00Z,7,7.002603711613355e-08,monthly,2018-01-01,2026-04-30,all
VBA,vba tutorial,2021-03-01T00:00:00Z,18,1.6534301018267031e-07,monthly,2018-01-01,2026-04-30,all
VBA,vba tutorial,2021-04-01T00:00:00Z,19,1.7626171886242484e-07,monthly,2018-01-01,2026-04-30,all
VBA,vba tutorial,2021-05-01T00:00:00Z,7,6.784629672972411e-08,monthly,2018-01-01,2026-04-30,all
VBA,vba tutorial,2021-06-01T00:00:00Z,9,9.071584478192099e-08,monthly,2018-01-01,2026-04-30,all
VBA,vba tutorial,2021-07-01T00:00:00Z,0,0.0,monthly,2018-01-01,2026-04-30,all
VBA,vba tutorial,2021-08-01T00:00:00Z,19,1.8951524116300592e-07,monthly,2018-01-01,2026-04-30,all
VBA,vba tutorial,2021-09-01T00:00:00Z,22,2.053729632641049e-07,monthly,2018-01-01,2026-04-30,all
VBA,vba tutorial,2021-10-01T00:00:00Z,10,8.793151506426748e-08,monthly,2018-01-01,2026-04-30,all
VBA,vba tutorial,2021-11-01T00:00:00Z,10,8.628835760386433e-08,monthly,2018-01-01,2026-04-30,all
VBA,vba tutorial,2021-12-01T00:00:00Z,18,1.5190645879370283e-07,monthly,2018-01-01,2026-04-30,all
VBA,vba tutorial,2022-01-01T00:00:00Z,0,0.0,monthly,2018-01-01,2026-04-30,all
VBA,vba tutorial,2022-02-01T00:00:00Z,0,0.0,monthly,2018-01-01,2026-04-30,all
VBA,vba tutorial,2022-03-01T00:00:00Z,0,0.0,monthly,2018-01-01,2026-04-30,all
VBA,vba tutorial,2022-04-01T00:00:00Z,34,2.8445715823519326e-07,monthly,2018-01-01,2026-04-30,all
VBA,vba tutorial,2022-05-01T00:00:00Z,12,1.0057422937559498e-07,monthly,2018-01-01,2026-04-30,all
VBA,vba tutorial,2022-06-01T00:00:00Z,15,1.3994884464436395e-07,monthly,2018-01-01,2026-04-30,all
VBA,vba tutorial,2022-07-01T00:00:00Z,11,1.054893814986037e-07,monthly,2018-01-01,2026-04-30,all
VBA,vba tutorial,2022-08-01T00:00:00Z,10,9.281465813342102e-08,monthly,2018-01-01,2026-04-30,all
VBA,vba tutorial,2022-09-01T00:00:00Z,12,1.0264740009581853e-07,monthly,2018-01-01,2026-04-30,all
VBA,vba tutorial,2022-10-01T00:00:00Z,24,1.9405165362858657e-07,monthly,2018-01-01,2026-04-30,all
VBA,vba tutorial,2022-11-01T00:00:00Z,26,2.0605202214565952e-07,monthly,2018-01-01,2026-04-30,all
VBA,vba tutorial,2022-12-01T00:00:00Z,17,1.3513515394448766e-07,monthly,2018-01-01,2026-04-30,all
VBA,vba tutorial,2023-01-01T00:00:00Z,0,0.0,monthly,2018-01-01,2026-04-30,all
VBA,vba tutorial,2023-02-01T00:00:00Z,0,0.0,monthly,2018-01-01,2026-04-30,all
VBA,vba tutorial,2023-03-01T00:00:00Z,0,0.0,monthly,2018-01-01,2026-04-30,all
VBA,vba tutorial,2023-04-01T00:00:00Z,0,0.0,monthly,2018-01-01,2026-04-30,all
VBA,vba tutorial,2023-05-01T00:00:00Z,0,0.0,monthly,2018-01-01,2026-04-30,all
VBA,vba tutorial,2023-06-01T00:00:00Z,0,0.0,monthly,2018-01-01,2026-04-30,all
VBA,vba tutorial,2023-07-01T00:00:00Z,0,0.0,monthly,2018-01-01,2026-04-30,all
VBA,vba tutorial,2023-08-01T00:00:00Z,0,0.0,monthly,2018-01-01,2026-04-30,all
VBA,vba tutorial,2023-09-01T00:00:00Z,16,1.4877408509463462e-07,monthly,2018-01-01,2026-04-30,all
VBA,vba tutorial,2023-10-01T00:00:00Z,21,1.7605456388877984e-07,monthly,2018-01-01,2026-04-30,all
VBA,vba tutorial,2023-11-01T00:00:00Z,19,1.6189680106738057e-07,monthly,2018-01-01,2026-04-30,all
VBA,vba tutorial,2023-12-01T00:00:00Z,14,1.1728600630121733e-07,monthly,2018-01-01,2026-04-30,all
VBA,vba tutorial,2024-01-01T00:00:00Z,18,1.4931362919896705e-07,monthly,2018-01-01,2026-04-30,all
VBA,vba tutorial,2024-02-01T00:00:00Z,9,8.015419666790155e-08,monthly,2018-01-01,2026-04-30,all
VBA,vba tutorial,2024-03-01T00:00:00Z,17,1.4741026172026974e-07,monthly,2018-01-01,2026-04-30,all
VBA,vba tutorial,2024-04-01T00:00:00Z,13,1.1983319848540379e-07,monthly,2018-01-01,2026-04-30,all
VBA,vba tutorial,2024-05-01T00:00:00Z,14,1.3144223101788358e-07,monthly,2018-01-01,2026-04-30,all
VBA,vba tutorial,2024-06-01T00:00:00Z,9,9.637570755281818e-08,monthly,2018-01-01,2026-04-30,all
VBA,vba tutorial,2024-07-01T00:00:00Z,12,1.289294158385038e-07,monthly,2018-01-01,2026-04-30,all
VBA,vba tutorial,2024-08-01T00:00:00Z,9,9.625829202604546e-08,monthly,2018-01-01,2026-04-30,all
VBA,vba tutorial,2024-09-01T00:00:00Z,0,0.0,monthly,2018-01-01,2026-04-30,all
VBA,vba tutorial,2024-10-01T00:00:00Z,27,2.4052197868154125e-07,monthly,2018-01-01,2026-04-30,all
VBA,vba tutorial,2024-11-01T00:00:00Z,17,1.4622662510036077e-07,monthly,2018-01-01,2026-04-30,all
VBA,vba tutorial,2024-12-01T00:00:00Z,25,2.0836137069982644e-07,monthly,2018-01-01,2026-04-30,all
VBA,vba tutorial,2025-01-01T00:00:00Z,30,2.52809063704889e-07,monthly,2018-01-01,2026-04-30,all
VBA,vba tutorial,2025-02-01T00:00:00Z,18,1.5775534119206482e-07,monthly,2018-01-01,2026-04-30,all
VBA,vba tutorial,2025-03-01T00:00:00Z,17,1.4186014243277675e-07,monthly,2018-01-01,2026-04-30,all
VBA,vba tutorial,2025-04-01T00:00:00Z,19,1.6678163545108956e-07,monthly,2018-01-01,2026-04-30,all
VBA,vba tutorial,2025-05-01T00:00:00Z,19,1.7803337381673261e-07,monthly,2018-01-01,2026-04-30,all
VBA,vba tutorial,2025-06-01T00:00:00Z,14,1.3517961889848802e-07,monthly,2018-01-01,2026-04-30,all
VBA,vba tutorial,2025-07-01T00:00:00Z,8,7.559840348369645e-08,monthly,2018-01-01,2026-04-30,all
VBA,vba tutorial,2025-08-01T00:00:00Z,12,1.1538080642012067e-07,monthly,2018-01-01,2026-04-30,all
VBA,vba tutorial,2025-09-01T00:00:00Z,0,0.0,monthly,2018-01-01,2026-04-30,all
VBA,vba tutorial,2025-10-01T00:00:00Z,0,0.0,monthly,2018-01-01,2026-04-30,all
VBA,vba tutorial,2025-11-01T00:00:00Z,0,0.0,monthly,2018-01-01,2026-04-30,all
VBA,vba tutorial,2025-12-01T00:00:00Z,0,0.0,monthly,2018-01-01,2026-04-30,all
VBA,vba tutorial,2026-01-01T00:00:00Z,0,0.0,monthly,2018-01-01,2026-04-30,all
VBA,vba tutorial,2026-02-01T00:00:00Z,0,0.0,monthly,2018-01-01,2026-04-30,all
VBA,vba tutorial,2026-03-01T00:00:00Z,0,0.0,monthly,2018-01-01,2026-04-30,all
VBA,vba tutorial,2026-04-01T00:00:00Z,11,9.757811358054703e-08,monthly,2018-01-01,2026-04-30,all
Visual Basic,visual basic tutorial,2018-01-01T00:00:00Z,19,2.4460525800563396e-07,monthly,2018-01-01,2026-04-30,all
Visual Basic,visual basic tutorial,2018-02-01T00:00:00Z,16,2.0642957679894522e-07,monthly,2018-01-01,2026-04-30,all
Visual Basic,visual basic tutorial,2018-03-01T00:00:00Z,27,3.2117750219567796e-07,monthly,2018-01-01,2026-04-30,all
Visual Basic,visual basic tutorial,2018-04-01T00:00:00Z,26,3.4311146841906583e-07,monthly,2018-01-01,2026-04-30,all
Visual Basic,visual basic tutorial,2018-05-01T00:00:00Z,10,1.3309259071714794e-07,monthly,2018-01-01,2026-04-30,all
Visual Basic,visual basic tutorial,2018-06-01T00:00:00Z,8,1.1530068400337859e-07,monthly,2018-01-01,2026-04-30,all
Visual Basic,visual basic tutorial,2018-07-01T00:00:00Z,0,0.0,monthly,2018-01-01,2026-04-30,all
Visual Basic,visual basic tutorial,2018-08-01T00:00:00Z,26,3.6830918734211265e-07,monthly,2018-01-01,2026-04-30,all
Visual Basic,visual basic tutorial,2018-09-01T00:00:00Z,45,5.678927735233415e-07,monthly,2018-01-01,2026-04-30,all
Visual Basic,visual basic tutorial,2018-10-01T00:00:00Z,12,1.302223748265436e-07,monthly,2018-01-01,2026-04-30,all
Visual Basic,visual basic tutorial,2018-11-01T00:00:00Z,70,8.237185592533172e-07,monthly,2018-01-01,2026-04-30,all
Visual Basic,visual basic tutorial,2018-12-01T00:00:00Z,23,2.6896117510636105e-07,monthly,2018-01-01,2026-04-30,all
Visual Basic,visual basic tutorial,2019-01-01T00:00:00Z,53,6.019489010634259e-07,monthly,2018-01-01,2026-04-30,all
Visual Basic,visual basic tutorial,2019-02-01T00:00:00Z,52,6.200706039267307e-07,monthly,2018-01-01,2026-04-30,all
Visual Basic,visual basic tutorial,2019-03-01T00:00:00Z,28,3.188731818390124e-07,monthly,2018-01-01,2026-04-30,all
Visual Basic,visual basic tutorial,2019-04-01T00:00:00Z,40,4.839662922602644e-07,monthly,2018-01-01,2026-04-30,all
Visual Basic,visual basic tutorial,2019-05-01T00:00:00Z,13,1.644212911705533e-07,monthly,2018-01-01,2026-04-30,all
Visual Basic,visual basic tutorial,2019-06-01T00:00:00Z,24,3.3113889870936866e-07,monthly,2018-01-01,2026-04-30,all
Visual Basic,visual basic tutorial,2019-07-01T00:00:00Z,23,3.1281850389519846e-07,monthly,2018-01-01,2026-04-30,all
Visual Basic,visual basic tutorial,2019-08-01T00:00:00Z,17,2.3383688791239646e-07,monthly,2018-01-01,2026-04-30,all
Visual Basic,visual basic tutorial,2019-09-01T00:00:00Z,51,6.48285029141886e-07,monthly,2018-01-01,2026-04-30,all
Visual Basic,visual basic tutorial,2019-10-01T00:00:00Z,14,1.58243337151545e-07,monthly,2018-01-01,2026-04-30,all
Visual Basic,visual basic tutorial,2019-11-01T00:00:00Z,34,3.831216669133332e-07,monthly,2018-01-01,2026-04-30,all
Visual Basic,visual basic tutorial,2019-12-01T00:00:00Z,29,3.126425297876086e-07,monthly,2018-01-01,2026-04-30,all
Visual Basic,visual basic tutorial,2020-01-01T00:00:00Z,18,1.8510828931644093e-07,monthly,2018-01-01,2026-04-30,all
Visual Basic,visual basic tutorial,2020-02-01T00:00:00Z,9,9.788844308645321e-08,monthly,2018-01-01,2026-04-30,all
Visual Basic,visual basic tutorial,2020-03-01T00:00:00Z,15,1.5264252893003374e-07,monthly,2018-01-01,2026-04-30,all
Visual Basic,visual basic tutorial,2020-04-01T00:00:00Z,29,2.4276079094734086e-07,monthly,2018-01-01,2026-04-30,all
Visual Basic,visual basic tutorial,2020-05-01T00:00:00Z,8,7.45941200497859e-08,monthly,2018-01-01,2026-04-30,all
Visual Basic,visual basic tutorial,2020-06-01T00:00:00Z,7,7.84889128457782e-08,monthly,2018-01-01,2026-04-30,all
Visual Basic,visual basic tutorial,2020-07-01T00:00:00Z,10,1.1873399242265402e-07,monthly,2018-01-01,2026-04-30,all
Visual Basic,visual basic tutorial,2020-08-01T00:00:00Z,5,5.961964820766943e-08,monthly,2018-01-01,2026-04-30,all
Visual Basic,visual basic tutorial,2020-09-01T00:00:00Z,10,1.0532302332380795e-07,monthly,2018-01-01,2026-04-30,all
Visual Basic,visual basic tutorial,2020-10-01T00:00:00Z,0,0.0,monthly,2018-01-01,2026-04-30,all
Visual Basic,visual basic tutorial,2020-11-01T00:00:00Z,0,0.0,monthly,2018-01-01,2026-04-30,all
Visual Basic,visual basic tutorial,2020-12-01T00:00:00Z,13,1.1762824876785041e-07,monthly,2018-01-01,2026-04-30,all
Visual Basic,visual basic tutorial,2021-01-01T00:00:00Z,0,0.0,monthly,2018-01-01,2026-04-30,all
Visual Basic,visual basic tutorial,2021-02-01T00:00:00Z,7,7.002603711613355e-08,monthly,2018-01-01,2026-04-30,all
Visual Basic,visual basic tutorial,2021-03-01T00:00:00Z,17,1.561572873947442e-07,monthly,2018-01-01,2026-04-30,all
Visual Basic,visual basic tutorial,2021-04-01T00:00:00Z,10,9.27693257170657e-08,monthly,2018-01-01,2026-04-30,all
Visual Basic,visual basic tutorial,2021-05-01T00:00:00Z,11,1.066156091467093e-07,monthly,2018-01-01,2026-04-30,all
Visual Basic,visual basic tutorial,2021-06-01T00:00:00Z,0,0.0,monthly,2018-01-01,2026-04-30,all
Visual Basic,visual basic tutorial,2021-07-01T00:00:00Z,0,0.0,monthly,2018-01-01,2026-04-30,all
Visual Basic,visual basic tutorial,2021-08-01T00:00:00Z,0,0.0,monthly,2018-01-01,2026-04-30,all
Visual Basic,visual basic tutorial,2021-09-01T00:00:00Z,0,0.0,monthly,2018-01-01,2026-04-30,all
Visual Basic,visual basic tutorial,2021-10-01T00:00:00Z,0,0.0,monthly,2018-01-01,2026-04-30,all
Visual Basic,visual basic tutorial,2021-11-01T00:00:00Z,0,0.0,monthly,2018-01-01,2026-04-30,all
Visual Basic,visual basic tutorial,2021-12-01T00:00:00Z,17,1.4346721108294157e-07,monthly,2018-01-01,2026-04-30,all
Visual Basic,visual basic tutorial,2022-01-01T00:00:00Z,0,0.0,monthly,2018-01-01,2026-04-30,all
Visual Basic,visual basic tutorial,2022-02-01T00:00:00Z,0,0.0,monthly,2018-01-01,2026-04-30,all
Visual Basic,visual basic tutorial,2022-03-01T00:00:00Z,0,0.0,monthly,2018-01-01,2026-04-30,all
Visual Basic,visual basic tutorial,2022-04-01T00:00:00Z,0,0.0,monthly,2018-01-01,2026-04-30,all
Visual Basic,visual basic tutorial,2022-05-01T00:00:00Z,11,9.21930435942954e-08,monthly,2018-01-01,2026-04-30,all
Visual Basic,visual basic tutorial,2022-06-01T00:00:00Z,8,7.463938381032743e-08,monthly,2018-01-01,2026-04-30,all
Visual Basic,visual basic tutorial,2022-07-01T00:00:00Z,12,1.1507932527120404e-07,monthly,2018-01-01,2026-04-30,all
Visual Basic,visual basic tutorial,2022-08-01T00:00:00Z,0,0.0,monthly,2018-01-01,2026-04-30,all
Visual Basic,visual basic tutorial,2022-09-01T00:00:00Z,0,0.0,monthly,2018-01-01,2026-04-30,all
Visual Basic,visual basic tutorial,2022-10-01T00:00:00Z,12,9.702582681429329e-08,monthly,2018-01-01,2026-04-30,all
Visual Basic,visual basic tutorial,2022-11-01T00:00:00Z,0,0.0,monthly,2018-01-01,2026-04-30,all
Visual Basic,visual basic tutorial,2022-12-01T00:00:00Z,0,0.0,monthly,2018-01-01,2026-04-30,all
Visual Basic,visual basic tutorial,2023-01-01T00:00:00Z,0,0.0,monthly,2018-01-01,2026-04-30,all
Visual Basic,visual basic tutorial,2023-02-01T00:00:00Z,0,0.0,monthly,2018-01-01,2026-04-30,all
Visual Basic,visual basic tutorial,2023-03-01T00:00:00Z,0,0.0,monthly,2018-01-01,2026-04-30,all
Visual Basic,visual basic tutorial,2023-04-01T00:00:00Z,0,0.0,monthly,2018-01-01,2026-04-30,all
Visual Basic,visual basic tutorial,2023-05-01T00:00:00Z,24,2.1216602378210332e-07,monthly,2018-01-01,2026-04-30,all
Visual Basic,visual basic tutorial,2023-06-01T00:00:00Z,9,8.77866779348554e-08,monthly,2018-01-01,2026-04-30,all
Visual Basic,visual basic tutorial,2023-07-01T00:00:00Z,8,7.930880354542582e-08,monthly,2018-01-01,2026-04-30,all
Visual Basic,visual basic tutorial,2023-08-01T00:00:00Z,0,0.0,monthly,2018-01-01,2026-04-30,all
Visual Basic,visual basic tutorial,2023-09-01T00:00:00Z,0,0.0,monthly,2018-01-01,2026-04-30,all
Visual Basic,visual basic tutorial,2023-10-01T00:00:00Z,0,0.0,monthly,2018-01-01,2026-04-30,all
Visual Basic,visual basic tutorial,2023-11-01T00:00:00Z,0,0.0,monthly,2018-01-01,2026-04-30,all
Visual Basic,visual basic tutorial,2023-12-01T00:00:00Z,0,0.0,monthly,2018-01-01,2026-04-30,all
Visual Basic,visual basic tutorial,2024-01-01T00:00:00Z,0,0.0,monthly,2018-01-01,2026-04-30,all
Visual Basic,visual basic tutorial,2024-02-01T00:00:00Z,0,0.0,monthly,2018-01-01,2026-04-30,all
Visual Basic,visual basic tutorial,2024-03-01T00:00:00Z,0,0.0,monthly,2018-01-01,2026-04-30,all
Visual Basic,visual basic tutorial,2024-04-01T00:00:00Z,0,0.0,monthly,2018-01-01,2026-04-30,all
Visual Basic,visual basic tutorial,2024-05-01T00:00:00Z,0,0.0,monthly,2018-01-01,2026-04-30,all
Visual Basic,visual basic tutorial,2024-06-01T00:00:00Z,7,7.495888365219192e-08,monthly,2018-01-01,2026-04-30,all
Visual Basic,visual basic tutorial,2024-07-01T00:00:00Z,6,6.44647079192519e-08,monthly,2018-01-01,2026-04-30,all
Visual Basic,visual basic tutorial,2024-08-01T00:00:00Z,0,0.0,monthly,2018-01-01,2026-04-30,all
Visual Basic,visual basic tutorial,2024-09-01T00:00:00Z,13,1.3086378990917303e-07,monthly,2018-01-01,2026-04-30,all
Visual Basic,visual basic tutorial,2024-10-01T00:00:00Z,7,6.235755002854774e-08,monthly,2018-01-01,2026-04-30,all
Visual Basic,visual basic tutorial,2024-11-01T00:00:00Z,12,1.0321879418848994e-07,monthly,2018-01-01,2026-04-30,all
Visual Basic,visual basic tutorial,2024-12-01T00:00:00Z,8,6.667563862394446e-08,monthly,2018-01-01,2026-04-30,all
Visual Basic,visual basic tutorial,2025-01-01T00:00:00Z,19,1.601124070130964e-07,monthly,2018-01-01,2026-04-30,all
Visual Basic,visual basic tutorial,2025-02-01T00:00:00Z,9,7.887767059603241e-08,monthly,2018-01-01,2026-04-30,all
Visual Basic,visual basic tutorial,2025-03-01T00:00:00Z,9,7.510242834676417e-08,monthly,2018-01-01,2026-04-30,all
Visual Basic,visual basic tutorial,2025-04-01T00:00:00Z,6,5.266788487929144e-08,monthly,2018-01-01,2026-04-30,all
Visual Basic,visual basic tutorial,2025-05-01T00:00:00Z,0,0.0,monthly,2018-01-01,2026-04-30,all
Visual Basic,visual basic tutorial,2025-06-01T00:00:00Z,0,0.0,monthly,2018-01-01,2026-04-30,all
Visual Basic,visual basic tutorial,2025-07-01T00:00:00Z,0,0.0,monthly,2018-01-01,2026-04-30,all
Visual Basic,visual basic tutorial,2025-08-01T00:00:00Z,0,0.0,monthly,2018-01-01,2026-04-30,all
Visual Basic,visual basic tutorial,2025-09-01T00:00:00Z,0,0.0,monthly,2018-01-01,2026-04-30,all
Visual Basic,visual basic tutorial,2025-10-01T00:00:00Z,0,0.0,monthly,2018-01-01,2026-04-30,all
Visual Basic,visual basic tutorial,2025-11-01T00:00:00Z,0,0.0,monthly,2018-01-01,2026-04-30,all
Visual Basic,visual basic tutorial,2025-12-01T00:00:00Z,0,0.0,monthly,2018-01-01,2026-04-30,all
Visual Basic,visual basic tutorial,2026-01-01T00:00:00Z,0,0.0,monthly,2018-01-01,2026-04-30,all
Visual Basic,visual basic tutorial,2026-02-01T00:00:00Z,0,0.0,monthly,2018-01-01,2026-04-30,all
Visual Basic,visual basic tutorial,2026-03-01T00:00:00Z,0,0.0,monthly,2018-01-01,2026-04-30,all
Visual Basic,visual basic tutorial,2026-04-01T00:00:00Z,0,0.0,monthly,2018-01-01,2026-04-30,all
Zig,zig tutorial,2018-01-01T00:00:00Z,0,0.0,monthly,2018-01-01,2026-04-30,all
Zig,zig tutorial,2018-02-01T00:00:00Z,0,0.0,monthly,2018-01-01,2026-04-30,all
Zig,zig tutorial,2018-03-01T00:00:00Z,0,0.0,monthly,2018-01-01,2026-04-30,all
Zig,zig tutorial,2018-04-01T00:00:00Z,0,0.0,monthly,2018-01-01,2026-04-30,all
Zig,zig tutorial,2018-05-01T00:00:00Z,0,0.0,monthly,2018-01-01,2026-04-30,all
Zig,zig tutorial,2018-06-01T00:00:00Z,0,0.0,monthly,2018-01-01,2026-04-30,all
Zig,zig tutorial,2018-07-01T00:00:00Z,0,0.0,monthly,2018-01-01,2026-04-30,all
Zig,zig tutorial,2018-08-01T00:00:00Z,0,0.0,monthly,2018-01-01,2026-04-30,all
Zig,zig tutorial,2018-09-01T00:00:00Z,0,0.0,monthly,2018-01-01,2026-04-30,all
Zig,zig tutorial,2018-10-01T00:00:00Z,0,0.0,monthly,2018-01-01,2026-04-30,all
Zig,zig tutorial,2018-11-01T00:00:00Z,0,0.0,monthly,2018-01-01,2026-04-30,all
Zig,zig tutorial,2018-12-01T00:00:00Z,0,0.0,monthly,2018-01-01,2026-04-30,all
Zig,zig tutorial,2019-01-01T00:00:00Z,0,0.0,monthly,2018-01-01,2026-04-30,all
Zig,zig tutorial,2019-02-01T00:00:00Z,0,0.0,monthly,2018-01-01,2026-04-30,all
Zig,zig tutorial,2019-03-01T00:00:00Z,0,0.0,monthly,2018-01-01,2026-04-30,all
Zig,zig tutorial,2019-04-01T00:00:00Z,0,0.0,monthly,2018-01-01,2026-04-30,all
Zig,zig tutorial,2019-05-01T00:00:00Z,0,0.0,monthly,2018-01-01,2026-04-30,all
Zig,zig tutorial,2019-06-01T00:00:00Z,0,0.0,monthly,2018-01-01,2026-04-30,all
Zig,zig tutorial,2019-07-01T00:00:00Z,0,0.0,monthly,2018-01-01,2026-04-30,all
Zig,zig tutorial,2019-08-01T00:00:00Z,0,0.0,monthly,2018-01-01,2026-04-30,all
Zig,zig tutorial,2019-09-01T00:00:00Z,0,0.0,monthly,2018-01-01,2026-04-30,all
Zig,zig tutorial,2019-10-01T00:00:00Z,0,0.0,monthly,2018-01-01,2026-04-30,all
Zig,zig tutorial,2019-11-01T00:00:00Z,0,0.0,monthly,2018-01-01,2026-04-30,all
Zig,zig tutorial,2019-12-01T00:00:00Z,0,0.0,monthly,2018-01-01,2026-04-30,all
Zig,zig tutorial,2020-01-01T00:00:00Z,0,0.0,monthly,2018-01-01,2026-04-30,all
Zig,zig tutorial,2020-02-01T00:00:00Z,0,0.0,monthly,2018-01-01,2026-04-30,all
Zig,zig tutorial,2020-03-01T00:00:00Z,0,0.0,monthly,2018-01-01,2026-04-30,all
Zig,zig tutorial,2020-04-01T00:00:00Z,0,0.0,monthly,2018-01-01,2026-04-30,all
Zig,zig tutorial,2020-05-01T00:00:00Z,0,0.0,monthly,2018-01-01,2026-04-30,all
Zig,zig tutorial,2020-06-01T00:00:00Z,0,0.0,monthly,2018-01-01,2026-04-30,all
Zig,zig tutorial,2020-07-01T00:00:00Z,0,0.0,monthly,2018-01-01,2026-04-30,all
Zig,zig tutorial,2020-08-01T00:00:00Z,0,0.0,monthly,2018-01-01,2026-04-30,all
Zig,zig tutorial,2020-09-01T00:00:00Z,0,0.0,monthly,2018-01-01,2026-04-30,all
Zig,zig tutorial,2020-10-01T00:00:00Z,0,0.0,monthly,2018-01-01,2026-04-30,all
Zig,zig tutorial,2020-11-01T00:00:00Z,0,0.0,monthly,2018-01-01,2026-04-30,all
Zig,zig tutorial,2020-12-01T00:00:00Z,0,0.0,monthly,2018-01-01,2026-04-30,all
Zig,zig tutorial,2021-01-01T00:00:00Z,0,0.0,monthly,2018-01-01,2026-04-30,all
Zig,zig tutorial,2021-02-01T00:00:00Z,0,0.0,monthly,2018-01-01,2026-04-30,all
Zig,zig tutorial,2021-03-01T00:00:00Z,0,0.0,monthly,2018-01-01,2026-04-30,all
Zig,zig tutorial,2021-04-01T00:00:00Z,0,0.0,monthly,2018-01-01,2026-04-30,all
Zig,zig tutorial,2021-05-01T00:00:00Z,0,0.0,monthly,2018-01-01,2026-04-30,all
Zig,zig tutorial,2021-06-01T00:00:00Z,0,0.0,monthly,2018-01-01,2026-04-30,all
Zig,zig tutorial,2021-07-01T00:00:00Z,0,0.0,monthly,2018-01-01,2026-04-30,all
Zig,zig tutorial,2021-08-01T00:00:00Z,0,0.0,monthly,2018-01-01,2026-04-30,all
Zig,zig tutorial,2021-09-01T00:00:00Z,0,0.0,monthly,2018-01-01,2026-04-30,all
Zig,zig tutorial,2021-10-01T00:00:00Z,0,0.0,monthly,2018-01-01,2026-04-30,all
Zig,zig tutorial,2021-11-01T00:00:00Z,0,0.0,monthly,2018-01-01,2026-04-30,all
Zig,zig tutorial,2021-12-01T00:00:00Z,0,0.0,monthly,2018-01-01,2026-04-30,all
Zig,zig tutorial,2022-01-01T00:00:00Z,0,0.0,monthly,2018-01-01,2026-04-30,all
Zig,zig tutorial,2022-02-01T00:00:00Z,0,0.0,monthly,2018-01-01,2026-04-30,all
Zig,zig tutorial,2022-03-01T00:00:00Z,0,0.0,monthly,2018-01-01,2026-04-30,all
Zig,zig tutorial,2022-04-01T00:00:00Z,0,0.0,monthly,2018-01-01,2026-04-30,all
Zig,zig tutorial,2022-05-01T00:00:00Z,0,0.0,monthly,2018-01-01,2026-04-30,all
Zig,zig tutorial,2022-06-01T00:00:00Z,0,0.0,monthly,2018-01-01,2026-04-30,all
Zig,zig tutorial,2022-07-01T00:00:00Z,0,0.0,monthly,2018-01-01,2026-04-30,all
Zig,zig tutorial,2022-08-01T00:00:00Z,0,0.0,monthly,2018-01-01,2026-04-30,all
Zig,zig tutorial,2022-09-01T00:00:00Z,0,0.0,monthly,2018-01-01,2026-04-30,all
Zig,zig tutorial,2022-10-01T00:00:00Z,0,0.0,monthly,2018-01-01,2026-04-30,all
Zig,zig tutorial,2022-11-01T00:00:00Z,11,8.717585552316363e-08,monthly,2018-01-01,2026-04-30,all
Zig,zig tutorial,2022-12-01T00:00:00Z,0,0.0,monthly,2018-01-01,2026-04-30,all
Zig,zig tutorial,2023-01-01T00:00:00Z,0,0.0,monthly,2018-01-01,2026-04-30,all
Zig,zig tutorial,2023-02-01T00:00:00Z,0,0.0,monthly,2018-01-01,2026-04-30,all
Zig,zig tutorial,2023-03-01T00:00:00Z,0,0.0,monthly,2018-01-01,2026-04-30,all
Zig,zig tutorial,2023-04-01T00:00:00Z,0,0.0,monthly,2018-01-01,2026-04-30,all
Zig,zig tutorial,2023-05-01T00:00:00Z,0,0.0,monthly,2018-01-01,2026-04-30,all
Zig,zig tutorial,2023-06-01T00:00:00Z,0,0.0,monthly,2018-01-01,2026-04-30,all
Zig,zig tutorial,2023-07-01T00:00:00Z,11,1.0904960487496052e-07,monthly,2018-01-01,2026-04-30,all
Zig,zig tutorial,2023-08-01T00:00:00Z,0,0.0,monthly,2018-01-01,2026-04-30,all
Zig,zig tutorial,2023-09-01T00:00:00Z,11,1.022821835025613e-07,monthly,2018-01-01,2026-04-30,all
Zig,zig tutorial,2023-10-01T00:00:00Z,6,5.030130396822281e-08,monthly,2018-01-01,2026-04-30,all
Zig,zig tutorial,2023-11-01T00:00:00Z,0,0.0,monthly,2018-01-01,2026-04-30,all
Zig,zig tutorial,2023-12-01T00:00:00Z,0,0.0,monthly,2018-01-01,2026-04-30,all
Zig,zig tutorial,2024-01-01T00:00:00Z,0,0.0,monthly,2018-01-01,2026-04-30,all
Zig,zig tutorial,2024-02-01T00:00:00Z,9,8.015419666790155e-08,monthly,2018-01-01,2026-04-30,all
Zig,zig tutorial,2024-03-01T00:00:00Z,15,1.3006787798847332e-07,monthly,2018-01-01,2026-04-30,all
Zig,zig tutorial,2024-04-01T00:00:00Z,0,0.0,monthly,2018-01-01,2026-04-30,all
Zig,zig tutorial,2024-05-01T00:00:00Z,13,1.220535002308919e-07,monthly,2018-01-01,2026-04-30,all
Zig,zig tutorial,2024-06-01T00:00:00Z,0,0.0,monthly,2018-01-01,2026-04-30,all
Zig,zig tutorial,2024-07-01T00:00:00Z,0,0.0,monthly,2018-01-01,2026-04-30,all
Zig,zig tutorial,2024-08-01T00:00:00Z,0,0.0,monthly,2018-01-01,2026-04-30,all
Zig,zig tutorial,2024-09-01T00:00:00Z,0,0.0,monthly,2018-01-01,2026-04-30,all
Zig,zig tutorial,2024-10-01T00:00:00Z,0,0.0,monthly,2018-01-01,2026-04-30,all
Zig,zig tutorial,2024-11-01T00:00:00Z,0,0.0,monthly,2018-01-01,2026-04-30,all
Zig,zig tutorial,2024-12-01T00:00:00Z,12,1.0001345793591667e-07,monthly,2018-01-01,2026-04-30,all
Zig,zig tutorial,2025-01-01T00:00:00Z,10,8.426968790162968e-08,monthly,2018-01-01,2026-04-30,all
Zig,zig tutorial,2025-02-01T00:00:00Z,9,7.887767059603241e-08,monthly,2018-01-01,2026-04-30,all
Zig,zig tutorial,2025-03-01T00:00:00Z,8,6.67577140860126e-08,monthly,2018-01-01,2026-04-30,all
Zig,zig tutorial,2025-04-01T00:00:00Z,0,0.0,monthly,2018-01-01,2026-04-30,all
Zig,zig tutorial,2025-05-01T00:00:00Z,0,0.0,monthly,2018-01-01,2026-04-30,all
Zig,zig tutorial,2025-06-01T00:00:00Z,6,5.79341223850663e-08,monthly,2018-01-01,2026-04-30,all
Zig,zig tutorial,2025-07-01T00:00:00Z,0,0.0,monthly,2018-01-01,2026-04-30,all
Zig,zig tutorial,2025-08-01T00:00:00Z,0,0.0,monthly,2018-01-01,2026-04-30,all
Zig,zig tutorial,2025-09-01T00:00:00Z,0,0.0,monthly,2018-01-01,2026-04-30,all
Zig,zig tutorial,2025-10-01T00:00:00Z,0,0.0,monthly,2018-01-01,2026-04-30,all
Zig,zig tutorial,2025-11-01T00:00:00Z,0,0.0,monthly,2018-01-01,2026-04-30,all
Zig,zig tutorial,2025-12-01T00:00:00Z,0,0.0,monthly,2018-01-01,2026-04-30,all
Zig,zig tutorial,2026-01-01T00:00:00Z,0,0.0,monthly,2018-01-01,2026-04-30,all
Zig,zig tutorial,2026-02-01T00:00:00Z,0,0.0,monthly,2018-01-01,2026-04-30,all
Zig,zig tutorial,2026-03-01T00:00:00Z,0,0.0,monthly,2018-01-01,2026-04-30,all
Zig,zig tutorial,2026-04-01T00:00:00Z,0,0.0,monthly,2018-01-01,2026-04-30,all
