language,phrase,date,count,share,java_count,relative_to_java,relative_total,share_pct,smoothed_share_pct,count_change_pct
Abap,abap tutorial,2018-01-01,0,0.0,619,0.0,3.7382875605815835,0.0,0.0,
Ada,ada tutorial,2018-01-01,0,0.0,619,0.0,3.7382875605815835,0.0,0.0,
C#,c# tutorial,2018-01-01,0,0.0,619,0.0,3.7382875605815835,0.0,0.0,
C/C++,c++ tutorial,2018-01-01,519,6.681585731838106e-06,619,0.838449,3.7382875605815835,22.4287,22.4287,
Cobol,cobol tutorial,2018-01-01,0,0.0,619,0.0,3.7382875605815835,0.0,0.0,
Dart,dart tutorial,2018-01-01,0,0.0,619,0.0,3.7382875605815835,0.0,0.0,
Delphi/Pascal,delphi tutorial,2018-01-01,18,2.3173129705796897e-07,619,0.029079,3.7382875605815835,0.7779,0.7779,
Go,golang tutorial,2018-01-01,27,3.475969455869535e-07,619,0.043619,3.7382875605815835,1.1668,1.1668,
Groovy,groovy tutorial,2018-01-01,6,7.724376568598966e-08,619,0.009693,3.7382875605815835,0.2593,0.2593,
Haskell,haskell tutorial,2018-01-01,16,2.059833751626391e-07,619,0.025848,3.7382875605815835,0.6914,0.6914,
Java,java tutorial,2018-01-01,619,7.9689818266046e-06,619,1.0,3.7382875605815835,26.7502,26.7502,
JavaScript,javascript tutorial,2018-01-01,108,1.390387782347814e-06,619,0.174475,3.7382875605815835,4.6672,4.6672,
Julia,julia tutorial,2018-01-01,0,0.0,619,0.0,3.7382875605815835,0.0,0.0,
Kotlin,kotlin tutorial,2018-01-01,17,2.188573361103041e-07,619,0.027464,3.7382875605815835,0.7347,0.7347,
Lua,lua tutorial,2018-01-01,24,3.0897506274395866e-07,619,0.038772,3.7382875605815835,1.0372,1.0372,
Matlab,matlab tutorial,2018-01-01,54,6.95193891173907e-07,619,0.087237,3.7382875605815835,2.3336,2.3336,
Objective-C,objective-c tutorial,2018-01-01,0,0.0,619,0.0,3.7382875605815835,0.0,0.0,
PHP,php tutorial,2018-01-01,288,3.707700752927503e-06,619,0.465267,3.7382875605815835,12.446,12.446,
Perl,perl tutorial,2018-01-01,6,7.724376568598966e-08,619,0.009693,3.7382875605815835,0.2593,0.2593,
Powershell,powershell tutorial,2018-01-01,7,9.01177266336546e-08,619,0.011309,3.7382875605815835,0.3025,0.3025,
Python,python tutorial,2018-01-01,299,3.849314323351819e-06,619,0.483037,3.7382875605815835,12.9213,12.9213,
R,r language tutorial,2018-01-01,15,1.931094142149742e-07,619,0.024233,3.7382875605815835,0.6482,0.6482,
Ruby,ruby tutorial,2018-01-01,120,1.5448753137197933e-06,619,0.193861,3.7382875605815835,5.1858,5.1858,
Rust,rust tutorial,2018-01-01,22,2.832271408486288e-07,619,0.035541,3.7382875605815835,0.9507,0.9507,
Scala,scala tutorial,2018-01-01,27,3.475969455869535e-07,619,0.043619,3.7382875605815835,1.1668,1.1668,
Swift,swift tutorial,2018-01-01,94,1.2101523290805046e-06,619,0.151858,3.7382875605815835,4.0622,4.0622,
TypeScript,typescript tutorial,2018-01-01,0,0.0,619,0.0,3.7382875605815835,0.0,0.0,
VBA,vba tutorial,2018-01-01,9,1.1586564852898448e-07,619,0.01454,3.7382875605815835,0.3889,0.3889,
Visual Basic,visual basic tutorial,2018-01-01,19,2.4460525800563396e-07,619,0.030695,3.7382875605815835,0.8211,0.8211,
Zig,zig tutorial,2018-01-01,0,0.0,619,0.0,3.7382875605815835,0.0,0.0,
Abap,abap tutorial,2018-02-01,0,0.0,585,0.0,4.246153846153846,0.0,0.0,
Ada,ada tutorial,2018-02-01,0,0.0,585,0.0,4.246153846153846,0.0,0.0,
C#,c# tutorial,2018-02-01,0,0.0,585,0.0,4.246153846153846,0.0,0.0,
C/C++,c++ tutorial,2018-02-01,493,6.360611335117499e-06,585,0.842735,4.246153846153846,19.847,21.1379,-5.0096
Cobol,cobol tutorial,2018-02-01,0,0.0,585,0.0,4.246153846153846,0.0,0.0,
Dart,dart tutorial,2018-02-01,0,0.0,585,0.0,4.246153846153846,0.0,0.0,
Delphi/Pascal,delphi tutorial,2018-02-01,15,1.9352772824901117e-07,585,0.025641,4.246153846153846,0.6039,0.6909,-16.6667
Go,golang tutorial,2018-02-01,28,3.612517593981542e-07,585,0.047863,4.246153846153846,1.1272,1.147,3.7037
Groovy,groovy tutorial,2018-02-01,0,0.0,585,0.0,4.246153846153846,0.0,0.1296,-100.0
Haskell,haskell tutorial,2018-02-01,19,2.4513512244874744e-07,585,0.032479,4.246153846153846,0.7649,0.7282,18.75
Java,java tutorial,2018-02-01,585,7.547581401711435e-06,585,1.0,4.246153846153846,23.5507,25.1505,-5.4927
JavaScript,javascript tutorial,2018-02-01,108,1.3933996433928803e-06,585,0.184615,4.246153846153846,4.3478,4.5075,0.0
Julia,julia tutorial,2018-02-01,11,1.4192033404927485e-07,585,0.018803,4.246153846153846,0.4428,0.2214,inf
Kotlin,kotlin tutorial,2018-02-01,52,6.70896124596572e-07,585,0.088889,4.246153846153846,2.0934,1.414,205.8824
Lua,lua tutorial,2018-02-01,13,1.67724031149143e-07,585,0.022222,4.246153846153846,0.5233,0.7803,-45.8333
Matlab,matlab tutorial,2018-02-01,21,2.7093881954861564e-07,585,0.035897,4.246153846153846,0.8454,1.5895,-61.1111
Objective-C,objective-c tutorial,2018-02-01,0,0.0,585,0.0,4.246153846153846,0.0,0.0,
PHP,php tutorial,2018-02-01,359,4.631763629426334e-06,585,0.613675,4.246153846153846,14.4525,13.4492,24.6528
Perl,perl tutorial,2018-02-01,19,2.4513512244874744e-07,585,0.032479,4.246153846153846,0.7649,0.5121,216.6667
Powershell,powershell tutorial,2018-02-01,0,0.0,585,0.0,4.246153846153846,0.0,0.1513,-100.0
Python,python tutorial,2018-02-01,435,5.612304119221323e-06,585,0.74359,4.246153846153846,17.5121,15.2167,45.4849
R,r language tutorial,2018-02-01,5,6.450924274967039e-08,585,0.008547,4.246153846153846,0.2013,0.4248,-66.6667
Ruby,ruby tutorial,2018-02-01,64,8.257183071957809e-07,585,0.109402,4.246153846153846,2.5765,3.8812,-46.6667
Rust,rust tutorial,2018-02-01,41,5.289757905472971e-07,585,0.070085,4.246153846153846,1.6506,1.3006,86.3636
Scala,scala tutorial,2018-02-01,23,2.967425166484838e-07,585,0.039316,4.246153846153846,0.9259,1.0464,-14.8148
Swift,swift tutorial,2018-02-01,151,1.9481791310400456e-06,585,0.25812,4.246153846153846,6.0789,5.0706,60.6383
TypeScript,typescript tutorial,2018-02-01,12,1.5482218259920893e-07,585,0.020513,4.246153846153846,0.4831,0.2415,inf
VBA,vba tutorial,2018-02-01,14,1.806258796990771e-07,585,0.023932,4.246153846153846,0.5636,0.4763,55.5556
Visual Basic,visual basic tutorial,2018-02-01,16,2.0642957679894522e-07,585,0.02735,4.246153846153846,0.6441,0.7326,-15.7895
Zig,zig tutorial,2018-02-01,0,0.0,585,0.0,4.246153846153846,0.0,0.0,
Abap,abap tutorial,2018-03-01,0,0.0,614,0.0,5.0814332247557,0.0,0.0,
Ada,ada tutorial,2018-03-01,0,0.0,614,0.0,5.0814332247557,0.0,0.0,
C#,c# tutorial,2018-03-01,0,0.0,614,0.0,5.0814332247557,0.0,0.0,
C/C++,c++ tutorial,2018-03-01,512,6.090477078673597e-06,614,0.833876,5.0814332247557,16.4103,19.562,3.854
Cobol,cobol tutorial,2018-03-01,0,0.0,614,0.0,5.0814332247557,0.0,0.0,
Dart,dart tutorial,2018-03-01,7,8.326824130999058e-08,614,0.011401,5.0814332247557,0.2244,0.0748,inf
Delphi/Pascal,delphi tutorial,2018-03-01,74,8.802642652770433e-07,614,0.120521,5.0814332247557,2.3718,1.2512,393.3333
Go,golang tutorial,2018-03-01,21,2.498047239299717e-07,614,0.034202,5.0814332247557,0.6731,0.989,-25.0
Groovy,groovy tutorial,2018-03-01,8,9.516370435427497e-08,614,0.013029,5.0814332247557,0.2564,0.1719,inf
Haskell,haskell tutorial,2018-03-01,15,1.7843194566426553e-07,614,0.02443,5.0814332247557,0.4808,0.6457,-21.0526
Java,java tutorial,2018-03-01,614,7.303814309190602e-06,614,1.0,5.0814332247557,19.6795,23.3268,4.9573
JavaScript,javascript tutorial,2018-03-01,104,1.2371281566055742e-06,614,0.169381,5.0814332247557,3.3333,4.1161,-3.7037
Julia,julia tutorial,2018-03-01,5,5.947731522142185e-08,614,0.008143,5.0814332247557,0.1603,0.201,-54.5455
Kotlin,kotlin tutorial,2018-03-01,14,1.6653648261998116e-07,614,0.022801,5.0814332247557,0.4487,1.0923,-73.0769
Lua,lua tutorial,2018-03-01,33,3.925502804613842e-07,614,0.053746,5.0814332247557,1.0577,0.8727,153.8462
Matlab,matlab tutorial,2018-03-01,20,2.3790926088568738e-07,614,0.032573,5.0814332247557,0.641,1.2734,-4.7619
Objective-C,objective-c tutorial,2018-03-01,0,0.0,614,0.0,5.0814332247557,0.0,0.0,
PHP,php tutorial,2018-03-01,844,1.0039770809376008e-05,614,1.374593,5.0814332247557,27.0513,17.9833,135.0975
Perl,perl tutorial,2018-03-01,0,0.0,614,0.0,5.0814332247557,0.0,0.3414,-100.0
Powershell,powershell tutorial,2018-03-01,13,1.5464101957569677e-07,614,0.021173,5.0814332247557,0.4167,0.2397,inf
Python,python tutorial,2018-03-01,435,5.1745264242637e-06,614,0.708469,5.0814332247557,13.9423,14.7919,0.0
R,r language tutorial,2018-03-01,11,1.3085009348712804e-07,614,0.017915,5.0814332247557,0.3526,0.4007,120.0
Ruby,ruby tutorial,2018-03-01,99,1.1776508413841526e-06,614,0.161238,5.0814332247557,3.1731,3.6451,54.6875
Rust,rust tutorial,2018-03-01,36,4.282366695942373e-07,614,0.058632,5.0814332247557,1.1538,1.2517,-12.1951
Scala,scala tutorial,2018-03-01,23,2.735956500185405e-07,614,0.037459,5.0814332247557,0.7372,0.9433,0.0
Swift,swift tutorial,2018-03-01,172,2.0460196436169112e-06,614,0.28013,5.0814332247557,5.5128,5.218,13.9073
TypeScript,typescript tutorial,2018-03-01,21,2.498047239299717e-07,614,0.034202,5.0814332247557,0.6731,0.3854,75.0
VBA,vba tutorial,2018-03-01,12,1.4274555653141246e-07,614,0.019544,5.0814332247557,0.3846,0.4457,-14.2857
Visual Basic,visual basic tutorial,2018-03-01,27,3.2117750219567796e-07,614,0.043974,5.0814332247557,0.8654,0.7769,68.75
Zig,zig tutorial,2018-03-01,0,0.0,614,0.0,5.0814332247557,0.0,0.0,
Abap,abap tutorial,2018-04-01,0,0.0,552,0.0,5.3351449275362315,0.0,0.0,
Ada,ada tutorial,2018-04-01,0,0.0,552,0.0,5.3351449275362315,0.0,0.0,
C#,c# tutorial,2018-04-01,0,0.0,552,0.0,5.3351449275362315,0.0,0.0,
C/C++,c++ tutorial,2018-04-01,557,7.350503381131524e-06,552,1.009058,5.3351449275362315,18.9134,19.3998,8.7891
Cobol,cobol tutorial,2018-04-01,0,0.0,552,0.0,5.3351449275362315,0.0,0.0,
Dart,dart tutorial,2018-04-01,0,0.0,552,0.0,5.3351449275362315,0.0,0.0561,-100.0
Delphi/Pascal,delphi tutorial,2018-04-01,26,3.431114684190659e-07,552,0.047101,5.3351449275362315,0.8829,1.1591,-64.8649
Go,golang tutorial,2018-04-01,28,3.695046582974555e-07,552,0.050725,5.3351449275362315,0.9508,0.9795,33.3333
Groovy,groovy tutorial,2018-04-01,4,5.2786379756779355e-08,552,0.007246,5.3351449275362315,0.1358,0.1629,-50.0
Haskell,haskell tutorial,2018-04-01,16,2.1114551902711745e-07,552,0.028986,5.3351449275362315,0.5433,0.6201,6.6667
Java,java tutorial,2018-04-01,552,7.284520406435551e-06,552,1.0,5.3351449275362315,18.7436,22.181,-10.0977
JavaScript,javascript tutorial,2018-04-01,100,1.319659493919484e-06,552,0.181159,5.3351449275362315,3.3956,3.936,-3.8462
Julia,julia tutorial,2018-04-01,0,0.0,552,0.0,5.3351449275362315,0.0,0.1508,-100.0
Kotlin,kotlin tutorial,2018-04-01,26,3.431114684190659e-07,552,0.047101,5.3351449275362315,0.8829,1.0399,85.7143
Lua,lua tutorial,2018-04-01,37,4.882740127502089e-07,552,0.067029,5.3351449275362315,1.2564,0.9686,12.1212
Matlab,matlab tutorial,2018-04-01,61,8.049922912908851e-07,552,0.110507,5.3351449275362315,2.0713,1.4728,205.0
Objective-C,objective-c tutorial,2018-04-01,0,0.0,552,0.0,5.3351449275362315,0.0,0.0,
PHP,php tutorial,2018-04-01,797,1.0517686166538286e-05,552,1.443841,5.3351449275362315,27.0628,20.2531,-5.5687
Perl,perl tutorial,2018-04-01,0,0.0,552,0.0,5.3351449275362315,0.0,0.256,
Powershell,powershell tutorial,2018-04-01,12,1.5835913927033805e-07,552,0.021739,5.3351449275362315,0.4075,0.2817,-7.6923
Python,python tutorial,2018-04-01,465,6.1364166467256e-06,552,0.842391,5.3351449275362315,15.7895,15.0413,6.8966
R,r language tutorial,2018-04-01,0,0.0,552,0.0,5.3351449275362315,0.0,0.3005,-100.0
Ruby,ruby tutorial,2018-04-01,87,1.148103759709951e-06,552,0.157609,5.3351449275362315,2.9542,3.4724,-12.1212
Rust,rust tutorial,2018-04-01,9,1.1876935445275357e-07,552,0.016304,5.3351449275362315,0.3056,1.0152,-75.0
Scala,scala tutorial,2018-04-01,24,3.167182785406761e-07,552,0.043478,5.3351449275362315,0.8149,0.9112,4.3478
Swift,swift tutorial,2018-04-01,104,1.3724458736762631e-06,552,0.188406,5.3351449275362315,3.5314,4.7963,-39.5349
TypeScript,typescript tutorial,2018-04-01,6,7.917956963516904e-08,552,0.01087,5.3351449275362315,0.2037,0.34,-71.4286
VBA,vba tutorial,2018-04-01,8,1.0557275951355872e-07,552,0.014493,5.3351449275362315,0.2716,0.4022,-33.3333
Visual Basic,visual basic tutorial,2018-04-01,26,3.431114684190659e-07,552,0.047101,5.3351449275362315,0.8829,0.8034,-3.7037
Zig,zig tutorial,2018-04-01,0,0.0,552,0.0,5.3351449275362315,0.0,0.0,
Abap,abap tutorial,2018-05-01,0,0.0,666,0.0,4.033033033033033,0.0,0.0,
Ada,ada tutorial,2018-05-01,0,0.0,666,0.0,4.033033033033033,0.0,0.0,
C#,c# tutorial,2018-05-01,0,0.0,666,0.0,4.033033033033033,0.0,0.0,
C/C++,c++ tutorial,2018-05-01,624,8.30497766075003e-06,666,0.936937,4.033033033033033,23.2316,20.1662,12.0287
Cobol,cobol tutorial,2018-05-01,0,0.0,666,0.0,4.033033033033033,0.0,0.0,
Dart,dart tutorial,2018-05-01,6,7.985555443028876e-08,666,0.009009,4.033033033033033,0.2234,0.0895,inf
Delphi/Pascal,delphi tutorial,2018-05-01,19,2.528759223625811e-07,666,0.028529,4.033033033033033,0.7074,1.0688,-26.9231
Go,golang tutorial,2018-05-01,35,4.658240675100178e-07,666,0.052553,4.033033033033033,1.3031,1.0442,25.0
Groovy,groovy tutorial,2018-05-01,13,1.730203679322923e-07,666,0.01952,4.033033033033033,0.484,0.2271,225.0
Haskell,haskell tutorial,2018-05-01,27,3.593499949362994e-07,666,0.040541,4.033033033033033,1.0052,0.6971,68.75
Java,java tutorial,2018-05-01,666,8.863966541762052e-06,666,1.0,4.033033033033033,24.7952,22.7039,20.6522
JavaScript,javascript tutorial,2018-05-01,155,2.062935156115793e-06,666,0.232733,4.033033033033033,5.7707,4.3029,55.0
Julia,julia tutorial,2018-05-01,0,0.0,666,0.0,4.033033033033033,0.0,0.1206,
Kotlin,kotlin tutorial,2018-05-01,24,3.19422217721155e-07,666,0.036036,4.033033033033033,0.8935,1.0106,-7.6923
Lua,lua tutorial,2018-05-01,33,4.392055493665882e-07,666,0.04955,4.033033033033033,1.2286,1.0206,-10.8108
Matlab,matlab tutorial,2018-05-01,42,5.589888810120213e-07,666,0.063063,4.033033033033033,1.5637,1.491,-31.1475
Objective-C,objective-c tutorial,2018-05-01,0,0.0,666,0.0,4.033033033033033,0.0,0.0,
PHP,php tutorial,2018-05-01,368,4.897807338391043e-06,666,0.552553,4.033033033033033,13.7007,18.9426,-53.8269
Perl,perl tutorial,2018-05-01,0,0.0,666,0.0,4.033033033033033,0.0,0.2048,
Powershell,powershell tutorial,2018-05-01,17,2.262574042191515e-07,666,0.025526,4.033033033033033,0.6329,0.3519,41.6667
Python,python tutorial,2018-05-01,393,5.230538815183914e-06,666,0.59009,4.033033033033033,14.6314,14.9593,-15.4839
R,r language tutorial,2018-05-01,0,0.0,666,0.0,4.033033033033033,0.0,0.2404,
Ruby,ruby tutorial,2018-05-01,87,1.157905539239187e-06,666,0.130631,4.033033033033033,3.239,3.4257,0.0
Rust,rust tutorial,2018-05-01,19,2.528759223625811e-07,666,0.028529,4.033033033033033,0.7074,0.9536,111.1111
Scala,scala tutorial,2018-05-01,23,3.061129586494402e-07,666,0.034535,4.033033033033033,0.8563,0.9002,-4.1667
Swift,swift tutorial,2018-05-01,114,1.5172555341754863e-06,666,0.171171,4.033033033033033,4.2442,4.6859,9.6154
TypeScript,typescript tutorial,2018-05-01,0,0.0,666,0.0,4.033033033033033,0.0,0.272,-100.0
VBA,vba tutorial,2018-05-01,11,1.4640184978886272e-07,666,0.016517,4.033033033033033,0.4095,0.4037,37.5
Visual Basic,visual basic tutorial,2018-05-01,10,1.3309259071714794e-07,666,0.015015,4.033033033033033,0.3723,0.7171,-61.5385
Zig,zig tutorial,2018-05-01,0,0.0,666,0.0,4.033033033033033,0.0,0.0,
Abap,abap tutorial,2018-06-01,0,0.0,610,0.0,3.8934426229508197,0.0,0.0,
Ada,ada tutorial,2018-06-01,0,0.0,610,0.0,3.8934426229508197,0.0,0.0,
C#,c# tutorial,2018-06-01,0,0.0,610,0.0,3.8934426229508197,0.0,0.0,
C/C++,c++ tutorial,2018-06-01,498,7.177467579210317e-06,610,0.816393,3.8934426229508197,20.9684,20.2999,-20.1923
Cobol,cobol tutorial,2018-06-01,0,0.0,610,0.0,3.8934426229508197,0.0,0.0,
Dart,dart tutorial,2018-06-01,0,0.0,610,0.0,3.8934426229508197,0.0,0.0746,-100.0
Delphi/Pascal,delphi tutorial,2018-06-01,21,3.026642955088688e-07,610,0.034426,3.8934426229508197,0.8842,1.038,10.5263
Go,golang tutorial,2018-06-01,44,6.341537620185823e-07,610,0.072131,3.8934426229508197,1.8526,1.1789,25.7143
Groovy,groovy tutorial,2018-06-01,0,0.0,610,0.0,3.8934426229508197,0.0,0.1893,-100.0
Haskell,haskell tutorial,2018-06-01,12,1.729510260050679e-07,610,0.019672,3.8934426229508197,0.5053,0.6651,-55.5556
Java,java tutorial,2018-06-01,610,8.791677155257619e-06,610,1.0,3.8934426229508197,25.6842,23.2006,-8.4084
JavaScript,javascript tutorial,2018-06-01,89,1.2827201095375868e-06,610,0.145902,3.8934426229508197,3.7474,4.2103,-42.5806
Julia,julia tutorial,2018-06-01,0,0.0,610,0.0,3.8934426229508197,0.0,0.1005,
Kotlin,kotlin tutorial,2018-06-01,31,4.46790150513092e-07,610,0.05082,3.8934426229508197,1.3053,1.0597,29.1667
Lua,lua tutorial,2018-06-01,26,3.747272230109804e-07,610,0.042623,3.8934426229508197,1.0947,1.033,-21.2121
Matlab,matlab tutorial,2018-06-01,8,1.1530068400337862e-07,610,0.013115,3.8934426229508197,0.3368,1.2986,-80.9524
Objective-C,objective-c tutorial,2018-06-01,0,0.0,610,0.0,3.8934426229508197,0.0,0.0,
PHP,php tutorial,2018-06-01,335,4.8282161426414785e-06,610,0.54918,3.8934426229508197,14.1053,18.1364,-8.9674
Perl,perl tutorial,2018-06-01,0,0.0,610,0.0,3.8934426229508197,0.0,0.1707,
Powershell,powershell tutorial,2018-06-01,19,2.738391245080242e-07,610,0.031148,3.8934426229508197,0.8,0.4266,11.7647
Python,python tutorial,2018-06-01,376,5.419132148158794e-06,610,0.616393,3.8934426229508197,15.8316,15.1047,-4.3257
R,r language tutorial,2018-06-01,0,0.0,610,0.0,3.8934426229508197,0.0,0.2003,
Ruby,ruby tutorial,2018-06-01,62,8.93580301026184e-07,610,0.101639,3.8934426229508197,2.6105,3.2898,-28.7356
Rust,rust tutorial,2018-06-01,18,2.5942653900760184e-07,610,0.029508,3.8934426229508197,0.7579,0.921,-5.2632
Scala,scala tutorial,2018-06-01,24,3.459020520101358e-07,610,0.039344,3.8934426229508197,1.0105,0.9186,4.3478
Swift,swift tutorial,2018-06-01,143,2.060999726560392e-06,610,0.234426,3.8934426229508197,6.0211,4.9084,25.4386
TypeScript,typescript tutorial,2018-06-01,30,4.323775650126698e-07,610,0.04918,3.8934426229508197,1.2632,0.4372,inf
VBA,vba tutorial,2018-06-01,21,3.026642955088688e-07,610,0.034426,3.8934426229508197,0.8842,0.4838,90.9091
Visual Basic,visual basic tutorial,2018-06-01,8,1.1530068400337862e-07,610,0.013115,3.8934426229508197,0.3368,0.6538,-20.0
Zig,zig tutorial,2018-06-01,0,0.0,610,0.0,3.8934426229508197,0.0,0.0,
Abap,abap tutorial,2018-07-01,0,0.0,626,0.0,3.6166134185303513,0.0,0.0,
Ada,ada tutorial,2018-07-01,0,0.0,626,0.0,3.6166134185303513,0.0,0.0,
C#,c# tutorial,2018-07-01,0,0.0,626,0.0,3.6166134185303513,0.0,0.0,
C/C++,c++ tutorial,2018-07-01,515,7.367082075940149e-06,626,0.822684,3.6166134185303513,22.7473,20.353,3.4137
Cobol,cobol tutorial,2018-07-01,0,0.0,626,0.0,3.6166134185303513,0.0,0.0,
Dart,dart tutorial,2018-07-01,0,0.0,626,0.0,3.6166134185303513,0.0,0.0746,
Delphi/Pascal,delphi tutorial,2018-07-01,0,0.0,626,0.0,3.6166134185303513,0.0,0.9083,-100.0
Go,golang tutorial,2018-07-01,29,4.148453984509987e-07,626,0.046326,3.6166134185303513,1.2809,1.1979,-34.0909
Groovy,groovy tutorial,2018-07-01,0,0.0,626,0.0,3.6166134185303513,0.0,0.146,
Haskell,haskell tutorial,2018-07-01,14,2.0027019235565456e-07,626,0.022364,3.6166134185303513,0.6184,0.653,16.6667
Java,java tutorial,2018-07-01,626,8.954938601045696e-06,626,1.0,3.6166134185303513,27.6502,23.3506,2.623
JavaScript,javascript tutorial,2018-07-01,90,1.287451236572065e-06,626,0.14377,3.6166134185303513,3.9753,4.095,1.1236
Julia,julia tutorial,2018-07-01,0,0.0,626,0.0,3.6166134185303513,0.0,0.1005,
Kotlin,kotlin tutorial,2018-07-01,37,5.292855083685156e-07,626,0.059105,3.6166134185303513,1.6343,1.2097,19.3548
Lua,lua tutorial,2018-07-01,37,5.292855083685156e-07,626,0.059105,3.6166134185303513,1.6343,1.1325,42.3077
Matlab,matlab tutorial,2018-07-01,22,3.147103022731715e-07,626,0.035144,3.6166134185303513,0.9717,1.0717,175.0
Objective-C,objective-c tutorial,2018-07-01,0,0.0,626,0.0,3.6166134185303513,0.0,0.0,
PHP,php tutorial,2018-07-01,219,3.1327980089920245e-06,626,0.34984,3.6166134185303513,9.6731,17.6743,-34.6269
Perl,perl tutorial,2018-07-01,9,1.2874512365720649e-07,626,0.014377,3.6166134185303513,0.3975,0.1937,inf
Powershell,powershell tutorial,2018-07-01,4,5.722005495875844e-08,626,0.00639,3.6166134185303513,0.1767,0.4056,-78.9474
Python,python tutorial,2018-07-01,359,5.13549993254857e-06,626,0.573482,3.6166134185303513,15.8569,15.594,-4.5213
R,r language tutorial,2018-07-01,5,7.152506869844805e-08,626,0.007987,3.6166134185303513,0.2208,0.1291,inf
Ruby,ruby tutorial,2018-07-01,82,1.173011126654548e-06,626,0.13099,3.6166134185303513,3.6219,3.0292,32.2581
Rust,rust tutorial,2018-07-01,30,4.291504121906883e-07,626,0.047923,3.6166134185303513,1.3251,0.9834,66.6667
Scala,scala tutorial,2018-07-01,43,6.151155908066533e-07,626,0.06869,3.6166134185303513,1.8993,1.0407,79.1667
Swift,swift tutorial,2018-07-01,108,1.5449414838864778e-06,626,0.172524,3.6166134185303513,4.7703,5.0265,-24.4755
TypeScript,typescript tutorial,2018-07-01,21,3.004052885334818e-07,626,0.033546,3.6166134185303513,0.9276,0.5918,-30.0
VBA,vba tutorial,2018-07-01,14,2.0027019235565456e-07,626,0.022364,3.6166134185303513,0.6184,0.522,-33.3333
Visual Basic,visual basic tutorial,2018-07-01,0,0.0,626,0.0,3.6166134185303513,0.0,0.5169,-100.0
Zig,zig tutorial,2018-07-01,0,0.0,626,0.0,3.6166134185303513,0.0,0.0,
Abap,abap tutorial,2018-08-01,0,0.0,740,0.0,3.833783783783784,0.0,0.0,
Ada,ada tutorial,2018-08-01,0,0.0,740,0.0,3.833783783783784,0.0,0.0,
C#,c# tutorial,2018-08-01,0,0.0,740,0.0,3.833783783783784,0.0,0.0,
C/C++,c++ tutorial,2018-08-01,597,8.456945570893894e-06,740,0.806757,3.833783783783784,21.0434,20.5524,15.9223
Cobol,cobol tutorial,2018-08-01,0,0.0,740,0.0,3.833783783783784,0.0,0.0,
Dart,dart tutorial,2018-08-01,0,0.0,740,0.0,3.833783783783784,0.0,0.0746,
Delphi/Pascal,delphi tutorial,2018-08-01,0,0.0,740,0.0,3.833783783783784,0.0,0.8077,
Go,golang tutorial,2018-08-01,39,5.524637810131689e-07,740,0.052703,3.833783783783784,1.3747,1.2392,34.4828
Groovy,groovy tutorial,2018-08-01,0,0.0,740,0.0,3.833783783783784,0.0,0.146,
Haskell,haskell tutorial,2018-08-01,14,1.98320331645753e-07,740,0.018919,3.833783783783784,0.4935,0.6077,0.0
Java,java tutorial,2018-08-01,740,1.0482646101275512e-05,740,1.0,3.833783783783784,26.0839,23.7728,18.2109
JavaScript,javascript tutorial,2018-08-01,141,1.9973690544322264e-06,740,0.190541,3.833783783783784,4.97,4.1987,56.6667
Julia,julia tutorial,2018-08-01,0,0.0,740,0.0,3.833783783783784,0.0,0.0267,
Kotlin,kotlin tutorial,2018-08-01,25,3.54143449367416e-07,740,0.033784,3.833783783783784,0.8812,1.0076,-32.4324
Lua,lua tutorial,2018-08-01,46,6.516239468360454e-07,740,0.062162,3.833783783783784,1.6214,1.3155,24.3243
Matlab,matlab tutorial,2018-08-01,33,4.674693531649891e-07,740,0.044595,3.833783783783784,1.1632,1.1246,50.0
Objective-C,objective-c tutorial,2018-08-01,0,0.0,740,0.0,3.833783783783784,0.0,0.0,
PHP,php tutorial,2018-08-01,238,3.3714456379778003e-06,740,0.321622,3.833783783783784,8.3891,16.6637,8.6758
Perl,perl tutorial,2018-08-01,22,3.116462354433261e-07,740,0.02973,3.833783783783784,0.7755,0.1955,144.4444
Powershell,powershell tutorial,2018-08-01,13,1.8415459367105632e-07,740,0.017568,3.833783783783784,0.4582,0.482,225.0
Python,python tutorial,2018-08-01,563,7.975310479754208e-06,740,0.760811,3.833783783783784,19.8449,15.9828,56.8245
R,r language tutorial,2018-08-01,0,0.0,740,0.0,3.833783783783784,0.0,0.0956,-100.0
Ruby,ruby tutorial,2018-08-01,90,1.2749164177226976e-06,740,0.121622,3.833783783783784,3.1724,3.1285,9.7561
Rust,rust tutorial,2018-08-01,24,3.399777113927194e-07,740,0.032432,3.833783783783784,0.846,0.8493,-20.0
Scala,scala tutorial,2018-08-01,12,1.699888556963597e-07,740,0.016216,3.833783783783784,0.423,0.9569,-72.093
Swift,swift tutorial,2018-08-01,133,1.8840431506346531e-06,740,0.17973,3.833783783783784,4.6881,4.7946,23.1481
TypeScript,typescript tutorial,2018-08-01,56,7.932813265830119e-07,740,0.075676,3.833783783783784,1.9739,0.8402,166.6667
VBA,vba tutorial,2018-08-01,25,3.54143449367416e-07,740,0.033784,3.833783783783784,0.8812,0.5749,78.5714
Visual Basic,visual basic tutorial,2018-08-01,26,3.6830918734211265e-07,740,0.035135,3.833783783783784,0.9165,0.5623,inf
Zig,zig tutorial,2018-08-01,0,0.0,740,0.0,3.833783783783784,0.0,0.0,
Abap,abap tutorial,2018-09-01,0,0.0,834,0.0,4.435251798561151,0.0,0.0,
Ada,ada tutorial,2018-09-01,0,0.0,834,0.0,4.435251798561151,0.0,0.0,
C#,c# tutorial,2018-09-01,0,0.0,834,0.0,4.435251798561151,0.0,0.0,
C/C++,c++ tutorial,2018-09-01,657,8.291234493440786e-06,834,0.78777,4.435251798561151,17.7616,20.7776,10.0503
Cobol,cobol tutorial,2018-09-01,0,0.0,834,0.0,4.435251798561151,0.0,0.0,
Dart,dart tutorial,2018-09-01,0,0.0,834,0.0,4.435251798561151,0.0,0.0372,
Delphi/Pascal,delphi tutorial,2018-09-01,0,0.0,834,0.0,4.435251798561151,0.0,0.4124,
Go,golang tutorial,2018-09-01,46,5.805126129349713e-07,834,0.055156,4.435251798561151,1.2436,1.3343,17.9487
Groovy,groovy tutorial,2018-09-01,14,1.7667775176281734e-07,834,0.016787,4.435251798561151,0.3785,0.1664,inf
Haskell,haskell tutorial,2018-09-01,6,7.571903646977886e-08,834,0.007194,4.435251798561151,0.1622,0.5546,-57.1429
Java,java tutorial,2018-09-01,834,1.0524946069299264e-05,834,1.0,4.435251798561151,22.5466,24.2506,12.7027
JavaScript,javascript tutorial,2018-09-01,155,1.9560751088026206e-06,834,0.185851,4.435251798561151,4.1903,4.3415,9.9291
Julia,julia tutorial,2018-09-01,0,0.0,834,0.0,4.435251798561151,0.0,0.0,
Kotlin,kotlin tutorial,2018-09-01,41,5.174134158768222e-07,834,0.049161,4.435251798561151,1.1084,1.1176,64.0
Lua,lua tutorial,2018-09-01,36,4.543142188186732e-07,834,0.043165,4.435251798561151,0.9732,1.3014,-21.7391
Matlab,matlab tutorial,2018-09-01,47,5.931324523466011e-07,834,0.056355,4.435251798561151,1.2706,1.2296,42.4242
Objective-C,objective-c tutorial,2018-09-01,0,0.0,834,0.0,4.435251798561151,0.0,0.0,
PHP,php tutorial,2018-09-01,345,4.353844597012284e-06,834,0.413669,4.435251798561151,9.3268,13.7096,44.958
Perl,perl tutorial,2018-09-01,13,1.6405791235118753e-07,834,0.015588,4.435251798561151,0.3514,0.2541,-40.9091
Powershell,powershell tutorial,2018-09-01,0,0.0,834,0.0,4.435251798561151,0.0,0.4125,-100.0
Python,python tutorial,2018-09-01,1061,1.3389649615739227e-05,834,1.272182,4.435251798561151,28.6834,18.4396,88.4547
R,r language tutorial,2018-09-01,8,1.0095871529303848e-07,834,0.009592,4.435251798561151,0.2163,0.0729,inf
Ruby,ruby tutorial,2018-09-01,95,1.198884744104832e-06,834,0.113909,4.435251798561151,2.5683,3.0277,5.5556
Rust,rust tutorial,2018-09-01,41,5.174134158768222e-07,834,0.049161,4.435251798561151,1.1084,0.8417,70.8333
Scala,scala tutorial,2018-09-01,10,1.261983941162981e-07,834,0.01199,4.435251798561151,0.2703,0.8791,-16.6667
Swift,swift tutorial,2018-09-01,183,2.3094306123282557e-06,834,0.219424,4.435251798561151,4.9473,4.7004,37.594
TypeScript,typescript tutorial,2018-09-01,35,4.416943794070434e-07,834,0.041966,4.435251798561151,0.9462,0.8858,-37.5
VBA,vba tutorial,2018-09-01,27,3.407356641140049e-07,834,0.032374,4.435251798561151,0.7299,0.6325,8.0
Visual Basic,visual basic tutorial,2018-09-01,45,5.678927735233415e-07,834,0.053957,4.435251798561151,1.2165,0.6208,73.0769
Zig,zig tutorial,2018-09-01,0,0.0,834,0.0,4.435251798561151,0.0,0.0,
Abap,abap tutorial,2018-10-01,0,0.0,1078,0.0,3.8821892393320967,0.0,0.0,
Ada,ada tutorial,2018-10-01,0,0.0,1078,0.0,3.8821892393320967,0.0,0.0,
C#,c# tutorial,2018-10-01,0,0.0,1078,0.0,3.8821892393320967,0.0,0.0,
C/C++,c++ tutorial,2018-10-01,973,1.055886422551891e-05,1078,0.902597,3.8821892393320967,23.2497,21.5003,48.0974
Cobol,cobol tutorial,2018-10-01,0,0.0,1078,0.0,3.8821892393320967,0.0,0.0,
Dart,dart tutorial,2018-10-01,0,0.0,1078,0.0,3.8821892393320967,0.0,0.0372,
Delphi/Pascal,delphi tutorial,2018-10-01,0,0.0,1078,0.0,3.8821892393320967,0.0,0.2653,
Go,golang tutorial,2018-10-01,44,4.774820410306599e-07,1078,0.040816,3.8821892393320967,1.0514,1.351,-4.3478
Groovy,groovy tutorial,2018-10-01,0,0.0,1078,0.0,3.8821892393320967,0.0,0.1437,-100.0
Haskell,haskell tutorial,2018-10-01,12,1.302223748265436e-07,1078,0.011132,3.8821892393320967,0.2867,0.5119,100.0
Java,java tutorial,2018-10-01,1078,1.1698310005251167e-05,1078,1.0,3.8821892393320967,25.7587,25.4198,29.2566
JavaScript,javascript tutorial,2018-10-01,225,2.4416695279976925e-06,1078,0.20872,3.8821892393320967,5.3763,4.6717,45.1613
Julia,julia tutorial,2018-10-01,0,0.0,1078,0.0,3.8821892393320967,0.0,0.0,
Kotlin,kotlin tutorial,2018-10-01,48,5.208894993061744e-07,1078,0.044527,3.8821892393320967,1.147,1.1616,17.0732
Lua,lua tutorial,2018-10-01,36,3.906671244796309e-07,1078,0.033395,3.8821892393320967,0.8602,1.2354,0.0
Matlab,matlab tutorial,2018-10-01,62,6.728156032704753e-07,1078,0.057514,3.8821892393320967,1.4815,1.1313,31.9149
Objective-C,objective-c tutorial,2018-10-01,34,3.689633953418736e-07,1078,0.03154,3.8821892393320967,0.8124,0.1354,inf
PHP,php tutorial,2018-10-01,394,4.275634640138181e-06,1078,0.365492,3.8821892393320967,9.4146,10.7683,14.2029
Perl,perl tutorial,2018-10-01,11,1.1937051025766497e-07,1078,0.010204,3.8821892393320967,0.2628,0.2979,-15.3846
Powershell,powershell tutorial,2018-10-01,17,1.844816976709368e-07,1078,0.01577,3.8821892393320967,0.4062,0.4123,inf
Python,python tutorial,2018-10-01,816,8.855121488204966e-06,1078,0.756957,3.8821892393320967,19.4982,19.0577,-23.0914
R,r language tutorial,2018-10-01,0,0.0,1078,0.0,3.8821892393320967,0.0,0.0729,-100.0
Ruby,ruby tutorial,2018-10-01,73,7.921861135281402e-07,1078,0.067718,3.8821892393320967,1.7443,2.8261,-23.1579
Rust,rust tutorial,2018-10-01,23,2.4959288508420856e-07,1078,0.021336,3.8821892393320967,0.5496,0.8824,-43.9024
Scala,scala tutorial,2018-10-01,25,2.712966142219659e-07,1078,0.023191,3.8821892393320967,0.5974,0.8428,150.0
Swift,swift tutorial,2018-10-01,234,2.5393363091176e-06,1078,0.217069,3.8821892393320967,5.5914,5.0437,27.8689
TypeScript,typescript tutorial,2018-10-01,30,3.25555937066359e-07,1078,0.027829,3.8821892393320967,0.7168,0.9713,-14.2857
VBA,vba tutorial,2018-10-01,38,4.123708536173882e-07,1078,0.03525,3.8821892393320967,0.908,0.7385,40.7407
Visual Basic,visual basic tutorial,2018-10-01,12,1.302223748265436e-07,1078,0.011132,3.8821892393320967,0.2867,0.5215,-73.3333
Zig,zig tutorial,2018-10-01,0,0.0,1078,0.0,3.8821892393320967,0.0,0.0,
Abap,abap tutorial,2018-11-01,0,0.0,1341,0.0,3.982848620432513,0.0,0.0,
Ada,ada tutorial,2018-11-01,0,0.0,1341,0.0,3.982848620432513,0.0,0.0,
C#,c# tutorial,2018-11-01,0,0.0,1341,0.0,3.982848620432513,0.0,0.0,
C/C++,c++ tutorial,2018-11-01,1415,1.665088230490634e-05,1341,1.055183,3.982848620432513,26.4932,22.0439,45.4265
Cobol,cobol tutorial,2018-11-01,0,0.0,1341,0.0,3.982848620432513,0.0,0.0,
Dart,dart tutorial,2018-11-01,0,0.0,1341,0.0,3.982848620432513,0.0,0.0,
Delphi/Pascal,delphi tutorial,2018-11-01,0,0.0,1341,0.0,3.982848620432513,0.0,0.1474,
Go,golang tutorial,2018-11-01,43,5.059985435413234e-07,1341,0.032066,3.982848620432513,0.8051,1.268,-2.2727
Groovy,groovy tutorial,2018-11-01,12,1.4120889587199725e-07,1341,0.008949,3.982848620432513,0.2247,0.1005,inf
Haskell,haskell tutorial,2018-11-01,0,0.0,1341,0.0,3.982848620432513,0.0,0.3443,-100.0
Java,java tutorial,2018-11-01,1341,1.5780094113695693e-05,1341,1.0,3.982848620432513,25.1077,25.4719,24.397
JavaScript,javascript tutorial,2018-11-01,195,2.294644557919955e-06,1341,0.145414,3.982848620432513,3.651,4.3184,-13.3333
Julia,julia tutorial,2018-11-01,0,0.0,1341,0.0,3.982848620432513,0.0,0.0,
Kotlin,kotlin tutorial,2018-11-01,99,1.1649733909439772e-06,1341,0.073826,3.982848620432513,1.8536,1.3216,106.25
Lua,lua tutorial,2018-11-01,167,1.965157134218628e-06,1341,0.124534,3.982848620432513,3.1268,1.5518,363.8889
Matlab,matlab tutorial,2018-11-01,112,1.3179496948053074e-06,1341,0.08352,3.982848620432513,2.097,1.2201,80.6452
Objective-C,objective-c tutorial,2018-11-01,20,2.353481597866621e-07,1341,0.014914,3.982848620432513,0.3745,0.1978,-41.1765
PHP,php tutorial,2018-11-01,361,4.24803428414925e-06,1341,0.269202,3.982848620432513,6.759,9.6113,-8.3756
Perl,perl tutorial,2018-11-01,32,3.765570556586593e-07,1341,0.023863,3.982848620432513,0.5991,0.3977,190.9091
Powershell,powershell tutorial,2018-11-01,18,2.1181334380799586e-07,1341,0.013423,3.982848620432513,0.337,0.363,5.8824
Python,python tutorial,2018-11-01,976,1.1484990197589107e-05,1341,0.727815,3.982848620432513,18.2737,19.6648,19.6078
R,r language tutorial,2018-11-01,8,9.413926391466483e-08,1341,0.005966,3.982848620432513,0.1498,0.0978,inf
Ruby,ruby tutorial,2018-11-01,80,9.413926391466484e-07,1341,0.059657,3.982848620432513,1.4978,2.5359,9.589
Rust,rust tutorial,2018-11-01,43,5.059985435413234e-07,1341,0.032066,3.982848620432513,0.8051,0.8987,86.9565
Scala,scala tutorial,2018-11-01,35,4.118592796266586e-07,1341,0.0261,3.982848620432513,0.6553,0.8093,40.0
Swift,swift tutorial,2018-11-01,139,1.6356697105173011e-06,1341,0.103654,3.982848620432513,2.6025,4.7701,-40.5983
TypeScript,typescript tutorial,2018-11-01,58,6.8250966338132e-07,1341,0.043251,3.982848620432513,1.0859,1.1523,93.3333
VBA,vba tutorial,2018-11-01,117,1.376786734751973e-06,1341,0.087248,3.982848620432513,2.1906,1.0354,207.8947
Visual Basic,visual basic tutorial,2018-11-01,70,8.237185592533172e-07,1341,0.0522,3.982848620432513,1.3106,0.6779,483.3333
Zig,zig tutorial,2018-11-01,0,0.0,1341,0.0,3.982848620432513,0.0,0.0,
Abap,abap tutorial,2018-12-01,0,0.0,839,0.0,5.771156138259832,0.0,0.0,
Ada,ada tutorial,2018-12-01,0,0.0,839,0.0,5.771156138259832,0.0,0.0,
C#,c# tutorial,2018-12-01,0,0.0,839,0.0,5.771156138259832,0.0,0.0,
C/C++,c++ tutorial,2018-12-01,1105,1.2921830369240389e-05,839,1.317044,5.771156138259832,22.8211,22.3527,-21.9081
Cobol,cobol tutorial,2018-12-01,0,0.0,839,0.0,5.771156138259832,0.0,0.0,
Dart,dart tutorial,2018-12-01,0,0.0,839,0.0,5.771156138259832,0.0,0.0,
Delphi/Pascal,delphi tutorial,2018-12-01,0,0.0,839,0.0,5.771156138259832,0.0,0.0,
Go,golang tutorial,2018-12-01,41,4.794525295374262e-07,839,0.048868,5.771156138259832,0.8468,1.1004,-4.6512
Groovy,groovy tutorial,2018-12-01,0,0.0,839,0.0,5.771156138259832,0.0,0.1005,-100.0
Haskell,haskell tutorial,2018-12-01,23,2.6896117510636105e-07,839,0.027414,5.771156138259832,0.475,0.3393,inf
Java,java tutorial,2018-12-01,839,9.811235909314647e-06,839,1.0,5.771156138259832,17.3276,24.0791,-37.4348
JavaScript,javascript tutorial,2018-12-01,295,3.4497194198424564e-06,839,0.351609,5.771156138259832,6.0925,4.7092,51.2821
Julia,julia tutorial,2018-12-01,0,0.0,839,0.0,5.771156138259832,0.0,0.0,
Kotlin,kotlin tutorial,2018-12-01,68,7.951895611840239e-07,839,0.081049,5.771156138259832,1.4044,1.3381,-31.3131
Lua,lua tutorial,2018-12-01,168,1.9645859746899413e-06,839,0.200238,5.771156138259832,3.4696,1.9476,0.5988
Matlab,matlab tutorial,2018-12-01,133,1.5552972299628702e-06,839,0.158522,5.771156138259832,2.7468,1.6218,18.75
Objective-C,objective-c tutorial,2018-12-01,12,1.403275696207101e-07,839,0.014303,5.771156138259832,0.2478,0.2391,-40.0
PHP,php tutorial,2018-12-01,382,4.467094299592605e-06,839,0.455304,5.771156138259832,7.8893,8.5753,5.8172
Perl,perl tutorial,2018-12-01,17,1.9879739029600603e-07,839,0.020262,5.771156138259832,0.3511,0.4563,-46.875
Powershell,powershell tutorial,2018-12-01,17,1.9879739029600603e-07,839,0.020262,5.771156138259832,0.3511,0.2882,-5.5556
Python,python tutorial,2018-12-01,1308,1.52957050886574e-05,839,1.558999,5.771156138259832,27.0136,21.5285,34.0164
R,r language tutorial,2018-12-01,8,9.35517130804734e-08,839,0.009535,5.771156138259832,0.1652,0.1254,0.0
Ruby,ruby tutorial,2018-12-01,89,1.0407628080202666e-06,839,0.106079,5.771156138259832,1.8381,2.4071,11.25
Rust,rust tutorial,2018-12-01,32,3.742068523218936e-07,839,0.038141,5.771156138259832,0.6609,0.8825,-25.5814
Scala,scala tutorial,2018-12-01,25,2.923491033764794e-07,839,0.029797,5.771156138259832,0.5163,0.7269,-28.5714
Swift,swift tutorial,2018-12-01,181,2.1166075084457108e-06,839,0.215733,5.771156138259832,3.7381,4.3896,30.2158
TypeScript,typescript tutorial,2018-12-01,41,4.794525295374262e-07,839,0.048868,5.771156138259832,0.8468,1.0829,-29.3103
VBA,vba tutorial,2018-12-01,35,4.0928874472707114e-07,839,0.041716,5.771156138259832,0.7228,1.0085,-70.0855
Visual Basic,visual basic tutorial,2018-12-01,23,2.6896117510636105e-07,839,0.027414,5.771156138259832,0.475,0.7009,-67.1429
Zig,zig tutorial,2018-12-01,0,0.0,839,0.0,5.771156138259832,0.0,0.0,
Abap,abap tutorial,2019-01-01,0,0.0,1110,0.0,5.747747747747748,0.0,0.0,
Ada,ada tutorial,2019-01-01,0,0.0,1110,0.0,5.747747747747748,0.0,0.0,
C#,c# tutorial,2019-01-01,0,0.0,1110,0.0,5.747747747747748,0.0,0.0,
C/C++,c++ tutorial,2019-01-01,2067,2.3476007141473607e-05,1110,1.862162,5.747747747747748,32.3981,23.9612,87.0588
Cobol,cobol tutorial,2019-01-01,0,0.0,1110,0.0,5.747747747747748,0.0,0.0,
Dart,dart tutorial,2019-01-01,0,0.0,1110,0.0,5.747747747747748,0.0,0.0,
Delphi/Pascal,delphi tutorial,2019-01-01,0,0.0,1110,0.0,5.747747747747748,0.0,0.0,
Go,golang tutorial,2019-01-01,42,4.77016110276677e-07,1110,0.037838,5.747747747747748,0.6583,0.9966,2.439
Groovy,groovy tutorial,2019-01-01,0,0.0,1110,0.0,5.747747747747748,0.0,0.1005,
Haskell,haskell tutorial,2019-01-01,23,2.612231080086565e-07,1110,0.020721,5.747747747747748,0.3605,0.2963,0.0
Java,java tutorial,2019-01-01,1110,1.2606854343026463e-05,1110,1.0,5.747747747747748,17.3981,22.3704,32.3004
JavaScript,javascript tutorial,2019-01-01,262,2.9756719260116524e-06,1110,0.236036,5.747747747747748,4.1066,4.7311,-11.1864
Julia,julia tutorial,2019-01-01,0,0.0,1110,0.0,5.747747747747748,0.0,0.0,
Kotlin,kotlin tutorial,2019-01-01,74,8.404569562017643e-07,1110,0.066667,5.747747747747748,1.1599,1.2591,8.8235
Lua,lua tutorial,2019-01-01,151,1.7149864917090057e-06,1110,0.136036,5.747747747747748,2.3668,2.0697,-10.119
Matlab,matlab tutorial,2019-01-01,109,1.2379703814323284e-06,1110,0.098198,5.747747747747748,1.7085,1.7446,-18.0451
Objective-C,objective-c tutorial,2019-01-01,27,3.066532137492924e-07,1110,0.024324,5.747747747747748,0.4232,0.3097,125.0
PHP,php tutorial,2019-01-01,448,5.088171842951221e-06,1110,0.403604,5.747747747747748,7.0219,8.1335,17.2775
Perl,perl tutorial,2019-01-01,32,3.634408459250873e-07,1110,0.028829,5.747747747747748,0.5016,0.4736,88.2353
Powershell,powershell tutorial,2019-01-01,13,1.476478436570667e-07,1110,0.011712,5.747747747747748,0.2038,0.2927,-23.5294
Python,python tutorial,2019-01-01,1399,1.588917948278741e-05,1110,1.26036,5.747747747747748,21.9279,22.5403,6.9572
R,r language tutorial,2019-01-01,0,0.0,1110,0.0,5.747747747747748,0.0,0.0885,-100.0
Ruby,ruby tutorial,2019-01-01,83,9.426746941181952e-07,1110,0.074775,5.747747747747748,1.3009,2.0203,-6.7416
Rust,rust tutorial,2019-01-01,73,8.290994297666053e-07,1110,0.065766,5.747747747747748,1.1442,0.8524,128.125
Scala,scala tutorial,2019-01-01,42,4.77016110276677e-07,1110,0.037838,5.747747747747748,0.6583,0.5201,68.0
Swift,swift tutorial,2019-01-01,160,1.8172042296254368e-06,1110,0.144144,5.747747747747748,2.5078,4.0125,-11.6022
TypeScript,typescript tutorial,2019-01-01,40,4.5430105740635914e-07,1110,0.036036,5.747747747747748,0.627,1.0328,-2.439
VBA,vba tutorial,2019-01-01,172,1.953494546847344e-06,1110,0.154955,5.747747747747748,2.6959,1.3548,391.4286
Visual Basic,visual basic tutorial,2019-01-01,53,6.019489010634259e-07,1110,0.047748,5.747747747747748,0.8307,0.8393,130.4348
Zig,zig tutorial,2019-01-01,0,0.0,1110,0.0,5.747747747747748,0.0,0.0,
Abap,abap tutorial,2019-02-01,0,0.0,741,0.0,4.518218623481781,0.0,0.0,
Ada,ada tutorial,2019-02-01,0,0.0,741,0.0,4.518218623481781,0.0,0.0,
C#,c# tutorial,2019-02-01,0,0.0,741,0.0,4.518218623481781,0.0,0.0,
C/C++,c++ tutorial,2019-02-01,639,7.619713767484248e-06,741,0.862348,4.518218623481781,19.086,23.635,-69.0856
Cobol,cobol tutorial,2019-02-01,0,0.0,741,0.0,4.518218623481781,0.0,0.0,
Dart,dart tutorial,2019-02-01,0,0.0,741,0.0,4.518218623481781,0.0,0.0,
Delphi/Pascal,delphi tutorial,2019-02-01,0,0.0,741,0.0,4.518218623481781,0.0,0.0,
Go,golang tutorial,2019-02-01,49,5.842972998540346e-07,741,0.066127,4.518218623481781,1.4636,1.0114,16.6667
Groovy,groovy tutorial,2019-02-01,7,8.347104283629066e-08,741,0.009447,4.518218623481781,0.2091,0.1354,inf
Haskell,haskell tutorial,2019-02-01,20,2.384886938179734e-07,741,0.026991,4.518218623481781,0.5974,0.3136,-13.0435
Java,java tutorial,2019-02-01,741,8.836006105955912e-06,741,1.0,4.518218623481781,22.1326,21.7119,-33.2432
JavaScript,javascript tutorial,2019-02-01,112,1.3355366853806506e-06,741,0.151147,4.518218623481781,3.3453,4.4603,-57.2519
Julia,julia tutorial,2019-02-01,20,2.384886938179734e-07,741,0.026991,4.518218623481781,0.5974,0.0996,inf
Kotlin,kotlin tutorial,2019-02-01,56,6.677683426903253e-07,741,0.075574,4.518218623481781,1.6726,1.391,-24.3243
Lua,lua tutorial,2019-02-01,46,5.485239957813387e-07,741,0.062078,4.518218623481781,1.374,2.0284,-69.5364
Matlab,matlab tutorial,2019-02-01,60,7.1546608145392e-07,741,0.080972,4.518218623481781,1.7921,1.8494,-44.9541
Objective-C,objective-c tutorial,2019-02-01,15,1.7886652036348e-07,741,0.020243,4.518218623481781,0.448,0.3843,-44.4444
PHP,php tutorial,2019-02-01,279,3.326917278760728e-06,741,0.376518,4.518218623481781,8.3333,8.1242,-37.7232
Perl,perl tutorial,2019-02-01,13,1.550176509816827e-07,741,0.017544,4.518218623481781,0.3883,0.4091,-59.375
Powershell,powershell tutorial,2019-02-01,8,9.539547752718933e-08,741,0.010796,4.518218623481781,0.2389,0.2562,-38.4615
Python,python tutorial,2019-02-01,881,1.0505426962681726e-05,741,1.188934,4.518218623481781,26.3142,23.6185,-37.0264
R,r language tutorial,2019-02-01,0,0.0,741,0.0,4.518218623481781,0.0,0.0885,
Ruby,ruby tutorial,2019-02-01,68,8.108615589811094e-07,741,0.091768,4.518218623481781,2.0311,1.8301,-18.0723
Rust,rust tutorial,2019-02-01,25,2.9811086727246666e-07,741,0.033738,4.518218623481781,0.7467,0.8358,-65.7534
Scala,scala tutorial,2019-02-01,25,2.9811086727246666e-07,741,0.033738,4.518218623481781,0.7467,0.5741,-40.4762
Swift,swift tutorial,2019-02-01,161,1.9198339852346855e-06,741,0.217274,4.518218623481781,4.8088,4.0327,0.625
TypeScript,typescript tutorial,2019-02-01,21,2.50413128508872e-07,741,0.02834,4.518218623481781,0.6272,0.8083,-47.5
VBA,vba tutorial,2019-02-01,50,5.962217345449333e-07,741,0.067476,4.518218623481781,1.4934,1.4568,-70.9302
Visual Basic,visual basic tutorial,2019-02-01,52,6.200706039267307e-07,741,0.070175,4.518218623481781,1.5532,0.9455,-1.8868
Zig,zig tutorial,2019-02-01,0,0.0,741,0.0,4.518218623481781,0.0,0.0,
Abap,abap tutorial,2019-03-01,0,0.0,857,0.0,4.670945157526254,0.0,0.0,
Ada,ada tutorial,2019-03-01,0,0.0,857,0.0,4.670945157526254,0.0,0.0,
C#,c# tutorial,2019-03-01,0,0.0,857,0.0,4.670945157526254,0.0,0.0,
C/C++,c++ tutorial,2019-03-01,869,9.896456964932206e-06,857,1.014002,4.670945157526254,21.7087,24.2928,35.9937
Cobol,cobol tutorial,2019-03-01,0,0.0,857,0.0,4.670945157526254,0.0,0.0,
Dart,dart tutorial,2019-03-01,0,0.0,857,0.0,4.670945157526254,0.0,0.0,
Delphi/Pascal,delphi tutorial,2019-03-01,0,0.0,857,0.0,4.670945157526254,0.0,0.0,
Go,golang tutorial,2019-03-01,18,2.049899026107937e-07,857,0.021004,4.670945157526254,0.4497,0.8791,-63.2653
Groovy,groovy tutorial,2019-03-01,14,1.594365909195062e-07,857,0.016336,4.670945157526254,0.3497,0.1306,100.0
Haskell,haskell tutorial,2019-03-01,21,2.3915488637925933e-07,857,0.024504,4.670945157526254,0.5246,0.374,5.0
Java,java tutorial,2019-03-01,857,9.759797029858344e-06,857,1.0,4.670945157526254,21.4089,21.5223,15.6545
JavaScript,javascript tutorial,2019-03-01,157,1.787967483883034e-06,857,0.183197,4.670945157526254,3.9221,4.4156,40.1786
Julia,julia tutorial,2019-03-01,16,1.8221324676514994e-07,857,0.01867,4.670945157526254,0.3997,0.1662,-20.0
Kotlin,kotlin tutorial,2019-03-01,73,8.313479383659967e-07,857,0.085181,4.670945157526254,1.8236,1.5102,30.3571
Lua,lua tutorial,2019-03-01,59,6.719113474464904e-07,857,0.068845,4.670945157526254,1.4739,2.1119,28.2609
Matlab,matlab tutorial,2019-03-01,148,1.6854725325776372e-06,857,0.172695,4.670945157526254,3.6972,2.2538,146.6667
Objective-C,objective-c tutorial,2019-03-01,10,1.1388327922821873e-07,857,0.011669,4.670945157526254,0.2498,0.426,-33.3333
PHP,php tutorial,2019-03-01,348,3.963138117142012e-06,857,0.406068,4.670945157526254,8.6935,8.0186,24.7312
Perl,perl tutorial,2019-03-01,23,2.619315422249031e-07,857,0.026838,4.670945157526254,0.5746,0.4463,76.9231
Powershell,powershell tutorial,2019-03-01,14,1.594365909195062e-07,857,0.016336,4.670945157526254,0.3497,0.3145,75.0
Python,python tutorial,2019-03-01,978,1.113778470851979e-05,857,1.14119,4.670945157526254,24.4317,22.9099,11.0102
R,r language tutorial,2019-03-01,0,0.0,857,0.0,4.670945157526254,0.0,0.0525,
Ruby,ruby tutorial,2019-03-01,77,8.769012500572842e-07,857,0.089848,4.670945157526254,1.9236,1.7226,13.2353
Rust,rust tutorial,2019-03-01,29,3.3026150976183426e-07,857,0.033839,4.670945157526254,0.7245,0.7718,16.0
Scala,scala tutorial,2019-03-01,61,6.946880032921341e-07,857,0.071179,4.670945157526254,1.5239,0.783,144.0
Swift,swift tutorial,2019-03-01,139,1.5829775812722404e-06,857,0.162194,4.670945157526254,3.4724,3.7869,-13.6646
TypeScript,typescript tutorial,2019-03-01,31,3.53038165607478e-07,857,0.036173,4.670945157526254,0.7744,0.7797,47.619
VBA,vba tutorial,2019-03-01,33,3.758148214531218e-07,857,0.038506,4.670945157526254,0.8244,1.4725,-34.0
Visual Basic,visual basic tutorial,2019-03-01,28,3.188731818390124e-07,857,0.032672,4.670945157526254,0.6995,0.8593,-46.1538
Zig,zig tutorial,2019-03-01,0,0.0,857,0.0,4.670945157526254,0.0,0.0,
Abap,abap tutorial,2019-04-01,0,0.0,895,0.0,4.747486033519553,0.0,0.0,
Ada,ada tutorial,2019-04-01,0,0.0,895,0.0,4.747486033519553,0.0,0.0,
C#,c# tutorial,2019-04-01,0,0.0,895,0.0,4.747486033519553,0.0,0.0,
C/C++,c++ tutorial,2019-04-01,893,1.0804547474710405e-05,895,0.997765,4.747486033519553,21.0167,23.9206,2.7618
Cobol,cobol tutorial,2019-04-01,0,0.0,895,0.0,4.747486033519553,0.0,0.0,
Dart,dart tutorial,2019-04-01,0,0.0,895,0.0,4.747486033519553,0.0,0.0,
Delphi/Pascal,delphi tutorial,2019-04-01,0,0.0,895,0.0,4.747486033519553,0.0,0.0,
Go,golang tutorial,2019-04-01,58,7.017511237773833e-07,895,0.064804,4.747486033519553,1.365,0.9314,222.2222
Groovy,groovy tutorial,2019-04-01,14,1.6938820229109253e-07,895,0.015642,4.747486033519553,0.3295,0.1855,0.0
Haskell,haskell tutorial,2019-04-01,53,6.412553372448503e-07,895,0.059218,4.747486033519553,1.2474,0.5341,152.381
Java,java tutorial,2019-04-01,895,1.0828745789323417e-05,895,1.0,4.747486033519553,21.0638,20.7398,4.4341
JavaScript,javascript tutorial,2019-04-01,184,2.226244944397216e-06,895,0.205587,4.747486033519553,4.3304,4.2413,17.1975
Julia,julia tutorial,2019-04-01,8,9.679325845205289e-08,895,0.008939,4.747486033519553,0.1883,0.1976,-50.0
Kotlin,kotlin tutorial,2019-04-01,65,7.864452249229296e-07,895,0.072626,4.747486033519553,1.5298,1.574,-10.9589
Lua,lua tutorial,2019-04-01,134,1.621287079071886e-06,895,0.149721,4.747486033519553,3.1537,2.4941,127.1186
Matlab,matlab tutorial,2019-04-01,88,1.0647258429725815e-06,895,0.098324,4.747486033519553,2.0711,2.3521,-40.5405
Objective-C,objective-c tutorial,2019-04-01,0,0.0,895,0.0,4.747486033519553,0.0,0.2906,-100.0
PHP,php tutorial,2019-04-01,372,4.500886518020459e-06,895,0.415642,4.747486033519553,8.755,7.9087,6.8966
Perl,perl tutorial,2019-04-01,59,7.1385028108389e-07,895,0.065922,4.747486033519553,1.3886,0.6339,156.5217
Powershell,powershell tutorial,2019-04-01,8,9.679325845205289e-08,895,0.008939,4.747486033519553,0.1883,0.2781,-42.8571
Python,python tutorial,2019-04-01,868,1.0502068542047736e-05,895,0.969832,4.747486033519553,20.4283,23.0649,-11.2474
R,r language tutorial,2019-04-01,0,0.0,895,0.0,4.747486033519553,0.0,0.0525,
Ruby,ruby tutorial,2019-04-01,88,1.0647258429725815e-06,895,0.098324,4.747486033519553,2.0711,1.7771,14.2857
Rust,rust tutorial,2019-04-01,18,2.1778483151711897e-07,895,0.020112,4.747486033519553,0.4236,0.7508,-37.931
Scala,scala tutorial,2019-04-01,41,4.96065449566771e-07,895,0.04581,4.747486033519553,0.9649,0.8442,-32.7869
Swift,swift tutorial,2019-04-01,137,1.6575845509914056e-06,895,0.153073,4.747486033519553,3.2243,3.3923,-1.4388
TypeScript,typescript tutorial,2019-04-01,52,6.291561799383437e-07,895,0.058101,4.747486033519553,1.2238,0.8642,67.7419
VBA,vba tutorial,2019-04-01,174,2.10525337133215e-06,895,0.194413,4.747486033519553,4.0951,2.0037,427.2727
Visual Basic,visual basic tutorial,2019-04-01,40,4.839662922602644e-07,895,0.044693,4.747486033519553,0.9414,0.9684,42.8571
Zig,zig tutorial,2019-04-01,0,0.0,895,0.0,4.747486033519553,0.0,0.0,
Abap,abap tutorial,2019-05-01,0,0.0,673,0.0,4.468053491827638,0.0,0.0,
Ada,ada tutorial,2019-05-01,0,0.0,673,0.0,4.468053491827638,0.0,0.0,
C#,c# tutorial,2019-05-01,0,0.0,673,0.0,4.468053491827638,0.0,0.0,
C/C++,c++ tutorial,2019-05-01,661,8.36019026644121e-06,673,0.982169,4.468053491827638,21.982,23.1688,-25.9798
Cobol,cobol tutorial,2019-05-01,0,0.0,673,0.0,4.468053491827638,0.0,0.0,
Dart,dart tutorial,2019-05-01,0,0.0,673,0.0,4.468053491827638,0.0,0.0,
Delphi/Pascal,delphi tutorial,2019-05-01,25,3.161947907126025e-07,673,0.037147,4.468053491827638,0.8314,0.1386,inf
Go,golang tutorial,2019-05-01,30,3.79433748855123e-07,673,0.044577,4.468053491827638,0.9977,0.9635,-48.2759
Groovy,groovy tutorial,2019-05-01,0,0.0,673,0.0,4.468053491827638,0.0,0.1481,-100.0
Haskell,haskell tutorial,2019-05-01,7,8.85345413995287e-08,673,0.010401,4.468053491827638,0.2328,0.5729,-86.7925
Java,java tutorial,2019-05-01,673,8.51196376598326e-06,673,1.0,4.468053491827638,22.3811,20.2854,-24.8045
JavaScript,javascript tutorial,2019-05-01,123,1.5556783703060045e-06,673,0.182764,4.468053491827638,4.0905,4.3146,-33.1522
Julia,julia tutorial,2019-05-01,0,0.0,673,0.0,4.468053491827638,0.0,0.1976,-100.0
Kotlin,kotlin tutorial,2019-05-01,79,9.99175538651824e-07,673,0.117385,4.468053491827638,2.6272,1.7029,21.5385
Lua,lua tutorial,2019-05-01,52,6.576851646822132e-07,673,0.077266,4.468053491827638,1.7293,2.2612,-61.194
Matlab,matlab tutorial,2019-05-01,56,7.082763311962295e-07,673,0.08321,4.468053491827638,1.8623,2.313,-36.3636
Objective-C,objective-c tutorial,2019-05-01,0,0.0,673,0.0,4.468053491827638,0.0,0.2281,
PHP,php tutorial,2019-05-01,336,4.2496579871773775e-06,673,0.499257,4.468053491827638,11.1739,8.6445,-9.6774
Perl,perl tutorial,2019-05-01,0,0.0,673,0.0,4.468053491827638,0.0,0.534,-100.0
Powershell,powershell tutorial,2019-05-01,13,1.644212911705533e-07,673,0.019316,4.468053491827638,0.4323,0.294,62.5
Python,python tutorial,2019-05-01,658,8.322246891555698e-06,673,0.977712,4.468053491827638,21.8823,23.6663,-24.1935
R,r language tutorial,2019-05-01,0,0.0,673,0.0,4.468053491827638,0.0,0.0275,
Ruby,ruby tutorial,2019-05-01,57,7.209241228247337e-07,673,0.084695,4.468053491827638,1.8956,1.8434,-35.2273
Rust,rust tutorial,2019-05-01,11,1.3912570791354514e-07,673,0.016345,4.468053491827638,0.3658,0.6776,-38.8889
Scala,scala tutorial,2019-05-01,19,2.403080409415779e-07,673,0.028232,4.468053491827638,0.6319,0.8403,-53.6585
Swift,swift tutorial,2019-05-01,152,1.9224643275326233e-06,673,0.225854,4.468053491827638,5.0549,3.8011,10.9489
TypeScript,typescript tutorial,2019-05-01,21,2.656036241985861e-07,673,0.031204,4.468053491827638,0.6984,0.7996,-59.6154
VBA,vba tutorial,2019-05-01,21,2.656036241985861e-07,673,0.031204,4.468053491827638,0.6984,1.755,-87.931
Visual Basic,visual basic tutorial,2019-05-01,13,1.644212911705533e-07,673,0.019316,4.468053491827638,0.4323,0.822,-67.5
Zig,zig tutorial,2019-05-01,0,0.0,673,0.0,4.468053491827638,0.0,0.0,
Abap,abap tutorial,2019-06-01,0,0.0,598,0.0,6.456521739130435,0.0,0.0,
Ada,ada tutorial,2019-06-01,0,0.0,598,0.0,6.456521739130435,0.0,0.0,
C#,c# tutorial,2019-06-01,0,0.0,598,0.0,6.456521739130435,0.0,0.0,
C/C++,c++ tutorial,2019-06-01,713,9.837584782490827e-06,598,1.192308,6.456521739130435,18.4667,22.4431,7.8669
Cobol,cobol tutorial,2019-06-01,0,0.0,598,0.0,6.456521739130435,0.0,0.0,
Dart,dart tutorial,2019-06-01,0,0.0,598,0.0,6.456521739130435,0.0,0.0,
Delphi/Pascal,delphi tutorial,2019-06-01,42,5.794930727413952e-07,598,0.070234,6.456521739130435,1.0878,0.3199,68.0
Go,golang tutorial,2019-06-01,32,4.4151853161249155e-07,598,0.053512,6.456521739130435,0.8288,0.9605,6.6667
Groovy,groovy tutorial,2019-06-01,9,1.2417708701601325e-07,598,0.01505,6.456521739130435,0.2331,0.1869,inf
Haskell,haskell tutorial,2019-06-01,32,4.4151853161249155e-07,598,0.053512,6.456521739130435,0.8288,0.6319,357.1429
Java,java tutorial,2019-06-01,598,8.250877559508435e-06,598,1.0,6.456521739130435,15.4882,19.9788,-11.1441
JavaScript,javascript tutorial,2019-06-01,131,1.8074664887886373e-06,598,0.219064,6.456521739130435,3.3929,3.8646,6.5041
Julia,julia tutorial,2019-06-01,0,0.0,598,0.0,6.456521739130435,0.0,0.1976,
Kotlin,kotlin tutorial,2019-06-01,63,8.692396091120927e-07,598,0.105351,6.456521739130435,1.6317,1.7408,-20.2532
Lua,lua tutorial,2019-06-01,110,1.5177199524179397e-06,598,0.183946,6.456521739130435,2.849,2.1578,111.5385
Matlab,matlab tutorial,2019-06-01,64,8.830370632249831e-07,598,0.107023,6.456521739130435,1.6576,2.1315,14.2857
Objective-C,objective-c tutorial,2019-06-01,0,0.0,598,0.0,6.456521739130435,0.0,0.1868,
PHP,php tutorial,2019-06-01,748,1.0320495676441987e-05,598,1.250836,6.456521739130435,19.3732,10.5585,122.619
Perl,perl tutorial,2019-06-01,0,0.0,598,0.0,6.456521739130435,0.0,0.4755,
Powershell,powershell tutorial,2019-06-01,16,2.2075926580624578e-07,598,0.026756,6.456521739130435,0.4144,0.3046,23.0769
Python,python tutorial,2019-06-01,930,1.2831632324988036e-05,598,1.555184,6.456521739130435,24.087,23.1786,41.3374
R,r language tutorial,2019-06-01,0,0.0,598,0.0,6.456521739130435,0.0,0.0,
Ruby,ruby tutorial,2019-06-01,62,8.554421549992024e-07,598,0.103679,6.456521739130435,1.6058,1.8047,8.7719
Rust,rust tutorial,2019-06-01,25,3.4493635282225905e-07,598,0.041806,6.456521739130435,0.6475,0.6754,127.2727
Scala,scala tutorial,2019-06-01,23,3.173414445964783e-07,598,0.038462,6.456521739130435,0.5957,0.8536,21.0526
Swift,swift tutorial,2019-06-01,156,2.152402841610896e-06,598,0.26087,6.456521739130435,4.0404,3.8514,2.6316
TypeScript,typescript tutorial,2019-06-01,35,4.829108939511627e-07,598,0.058528,6.456521739130435,0.9065,0.8096,66.6667
VBA,vba tutorial,2019-06-01,48,6.622777974187373e-07,598,0.080268,6.456521739130435,1.2432,1.8417,128.5714
Visual Basic,visual basic tutorial,2019-06-01,24,3.3113889870936866e-07,598,0.040134,6.456521739130435,0.6216,0.8464,84.6154
Zig,zig tutorial,2019-06-01,0,0.0,598,0.0,6.456521739130435,0.0,0.0,
Abap,abap tutorial,2019-07-01,30,4.080241355154763e-07,665,0.045113,5.162406015037594,0.8739,0.1456,inf
Ada,ada tutorial,2019-07-01,0,0.0,665,0.0,5.162406015037594,0.0,0.0,
C#,c# tutorial,2019-07-01,0,0.0,665,0.0,5.162406015037594,0.0,0.0,
C/C++,c++ tutorial,2019-07-01,759,1.032301062854155e-05,665,1.141353,5.162406015037594,22.1089,20.7282,6.4516
Cobol,cobol tutorial,2019-07-01,0,0.0,665,0.0,5.162406015037594,0.0,0.0,
Dart,dart tutorial,2019-07-01,16,2.176128722749207e-07,665,0.02406,5.162406015037594,0.4661,0.0777,inf
Delphi/Pascal,delphi tutorial,2019-07-01,22,2.992176993780159e-07,665,0.033083,5.162406015037594,0.6408,0.4267,-47.619
Go,golang tutorial,2019-07-01,59,8.024474665137699e-07,665,0.088722,5.162406015037594,1.7186,1.1372,84.375
Groovy,groovy tutorial,2019-07-01,6,8.160482710309525e-08,665,0.009023,5.162406015037594,0.1748,0.216,-33.3333
Haskell,haskell tutorial,2019-07-01,23,3.128185038951985e-07,665,0.034586,5.162406015037594,0.67,0.6835,-28.125
Java,java tutorial,2019-07-01,665,9.044535003926393e-06,665,1.0,5.162406015037594,19.3708,20.3076,11.204
JavaScript,javascript tutorial,2019-07-01,183,2.488947226644405e-06,665,0.275188,5.162406015037594,5.3306,4.0686,39.6947
Julia,julia tutorial,2019-07-01,0,0.0,665,0.0,5.162406015037594,0.0,0.1976,
Kotlin,kotlin tutorial,2019-07-01,95,1.2920764291323415e-06,665,0.142857,5.162406015037594,2.7673,2.0087,50.7937
Lua,lua tutorial,2019-07-01,69,9.384555116855954e-07,665,0.103759,5.162406015037594,2.0099,2.0983,-37.2727
Matlab,matlab tutorial,2019-07-01,38,5.168305716529366e-07,665,0.057143,5.162406015037594,1.1069,2.0312,-40.625
Objective-C,objective-c tutorial,2019-07-01,8,1.0880643613746035e-07,665,0.01203,5.162406015037594,0.233,0.1551,inf
PHP,php tutorial,2019-07-01,291,3.95783411450012e-06,665,0.437594,5.162406015037594,8.4766,10.8009,-61.0963
Perl,perl tutorial,2019-07-01,0,0.0,665,0.0,5.162406015037594,0.0,0.3919,
Powershell,powershell tutorial,2019-07-01,14,1.904112632405556e-07,665,0.021053,5.162406015037594,0.4078,0.3386,-12.5
Python,python tutorial,2019-07-01,835,1.1356671771847425e-05,665,1.255639,5.162406015037594,24.3227,23.5777,-10.2151
R,r language tutorial,2019-07-01,0,0.0,665,0.0,5.162406015037594,0.0,0.0,
Ruby,ruby tutorial,2019-07-01,65,8.840522936168653e-07,665,0.097744,5.162406015037594,1.8934,1.9034,4.8387
Rust,rust tutorial,2019-07-01,18,2.448144813092858e-07,665,0.027068,5.162406015037594,0.5243,0.5721,-28.0
Scala,scala tutorial,2019-07-01,17,2.3121367679210322e-07,665,0.025564,5.162406015037594,0.4952,0.8264,-26.087
Swift,swift tutorial,2019-07-01,134,1.8225078053024608e-06,665,0.201504,5.162406015037594,3.9033,4.084,-14.1026
TypeScript,typescript tutorial,2019-07-01,25,3.400201129295636e-07,665,0.037594,5.162406015037594,0.7282,0.8264,-28.5714
VBA,vba tutorial,2019-07-01,38,5.168305716529366e-07,665,0.057143,5.162406015037594,1.1069,1.5769,-20.8333
Visual Basic,visual basic tutorial,2019-07-01,23,3.128185038951985e-07,665,0.034586,5.162406015037594,0.67,0.8197,-4.1667
Zig,zig tutorial,2019-07-01,0,0.0,665,0.0,5.162406015037594,0.0,0.0,
Abap,abap tutorial,2019-08-01,22,3.0261244318074836e-07,590,0.037288,5.169491525423729,0.7213,0.2659,-26.6667
Ada,ada tutorial,2019-08-01,0,0.0,590,0.0,5.169491525423729,0.0,0.0,
C#,c# tutorial,2019-08-01,0,0.0,590,0.0,5.169491525423729,0.0,0.0,
C/C++,c++ tutorial,2019-08-01,645,8.872046629617394e-06,590,1.09322,5.169491525423729,21.1475,21.0718,-15.0198
Cobol,cobol tutorial,2019-08-01,0,0.0,590,0.0,5.169491525423729,0.0,0.0,
Dart,dart tutorial,2019-08-01,18,2.475919989660668e-07,590,0.030508,5.169491525423729,0.5902,0.176,12.5
Delphi/Pascal,delphi tutorial,2019-08-01,13,1.7881644369771493e-07,590,0.022034,5.169491525423729,0.4262,0.4977,-40.9091
Go,golang tutorial,2019-08-01,57,7.840413300592117e-07,590,0.09661,5.169491525423729,1.8689,1.2048,-3.3898
Groovy,groovy tutorial,2019-08-01,0,0.0,590,0.0,5.169491525423729,0.0,0.1812,-100.0
Haskell,haskell tutorial,2019-08-01,39,5.364493310931448e-07,590,0.066102,5.169491525423729,1.2787,0.797,69.5652
Java,java tutorial,2019-08-01,590,8.115515521665523e-06,590,1.0,5.169491525423729,19.3443,19.8429,-11.2782
JavaScript,javascript tutorial,2019-08-01,105,1.44428666063539e-06,590,0.177966,5.169491525423729,3.4426,4.0848,-42.623
Julia,julia tutorial,2019-08-01,0,0.0,590,0.0,5.169491525423729,0.0,0.098,
Kotlin,kotlin tutorial,2019-08-01,67,9.215924405959152e-07,590,0.113559,5.169491525423729,2.1967,2.096,-29.4737
Lua,lua tutorial,2019-08-01,91,1.2517151058840043e-06,590,0.154237,5.169491525423729,2.9836,2.3666,31.8841
Matlab,matlab tutorial,2019-08-01,45,6.18979997415167e-07,590,0.076271,5.169491525423729,1.4754,1.9784,18.4211
Objective-C,objective-c tutorial,2019-08-01,0,0.0,590,0.0,5.169491525423729,0.0,0.0805,-100.0
PHP,php tutorial,2019-08-01,258,3.5488186518469578e-06,590,0.437288,5.169491525423729,8.459,10.8219,-11.3402
Perl,perl tutorial,2019-08-01,0,0.0,590,0.0,5.169491525423729,0.0,0.3272,
Powershell,powershell tutorial,2019-08-01,16,2.200817768587261e-07,590,0.027119,5.169491525423729,0.5246,0.3862,14.2857
Python,python tutorial,2019-08-01,775,1.0660211066594544e-05,590,1.313559,5.169491525423729,25.4098,23.427,-7.1856
R,r language tutorial,2019-08-01,0,0.0,590,0.0,5.169491525423729,0.0,0.0,
Ruby,ruby tutorial,2019-08-01,66,9.078373295422452e-07,590,0.111864,5.169491525423729,2.1639,1.9256,1.5385
Rust,rust tutorial,2019-08-01,15,2.063266658050557e-07,590,0.025424,5.169491525423729,0.4918,0.5296,-16.6667
Scala,scala tutorial,2019-08-01,30,4.126533316101113e-07,590,0.050847,5.169491525423729,0.9836,0.8659,76.4706
Swift,swift tutorial,2019-08-01,116,1.5955928822257635e-06,590,0.19661,5.169491525423729,3.8033,3.9164,-13.4328
TypeScript,typescript tutorial,2019-08-01,17,2.3383688791239649e-07,590,0.028814,5.169491525423729,0.5574,0.8148,-32.0
VBA,vba tutorial,2019-08-01,48,6.602453305761782e-07,590,0.081356,5.169491525423729,1.5738,1.5903,26.3158
Visual Basic,visual basic tutorial,2019-08-01,17,2.3383688791239649e-07,590,0.028814,5.169491525423729,0.5574,0.6537,-26.087
Zig,zig tutorial,2019-08-01,0,0.0,590,0.0,5.169491525423729,0.0,0.0,
Abap,abap tutorial,2019-09-01,31,3.940556059489895e-07,1165,0.026609,3.8429184549356226,0.6924,0.3813,40.9091
Ada,ada tutorial,2019-09-01,0,0.0,1165,0.0,3.8429184549356226,0.0,0.0,
C#,c# tutorial,2019-09-01,0,0.0,1165,0.0,3.8429184549356226,0.0,0.0,
C/C++,c++ tutorial,2019-09-01,857,1.0893730783815611e-05,1165,0.735622,3.8429184549356226,19.1423,20.644,32.8682
Cobol,cobol tutorial,2019-09-01,0,0.0,1165,0.0,3.8429184549356226,0.0,0.0,
Dart,dart tutorial,2019-09-01,11,1.3982618275609305e-07,1165,0.009442,3.8429184549356226,0.2457,0.217,-38.8889
Delphi/Pascal,delphi tutorial,2019-09-01,34,4.32190019427924e-07,1165,0.029185,3.8429184549356226,0.7594,0.6243,161.5385
Go,golang tutorial,2019-09-01,101,1.283858587124127e-06,1165,0.086695,3.8429184549356226,2.256,1.5058,77.193
Groovy,groovy tutorial,2019-09-01,0,0.0,1165,0.0,3.8429184549356226,0.0,0.1229,
Haskell,haskell tutorial,2019-09-01,13,1.652491250753827e-07,1165,0.011159,3.8429184549356226,0.2904,0.758,-66.6667
Java,java tutorial,2019-09-01,1165,1.4808863900986215e-05,1165,1.0,3.8429184549356226,26.0219,20.6117,97.4576
JavaScript,javascript tutorial,2019-09-01,134,1.7033371353924062e-06,1165,0.115021,3.8429184549356226,2.9931,3.93,27.619
Julia,julia tutorial,2019-09-01,11,1.3982618275609305e-07,1165,0.009442,3.8429184549356226,0.2457,0.0723,inf
Kotlin,kotlin tutorial,2019-09-01,118,1.4999535968380892e-06,1165,0.101288,3.8429184549356226,2.6357,2.2314,76.1194
Lua,lua tutorial,2019-09-01,74,9.406488658137168e-07,1165,0.063519,3.8429184549356226,1.6529,2.3964,-18.6813
Matlab,matlab tutorial,2019-09-01,93,1.1821668178469685e-06,1165,0.079828,3.8429184549356226,2.0773,1.7084,106.6667
Objective-C,objective-c tutorial,2019-09-01,0,0.0,1165,0.0,3.8429184549356226,0.0,0.0388,
PHP,php tutorial,2019-09-01,336,4.271054309640661e-06,1165,0.288412,3.8429184549356226,7.505,10.6238,30.2326
Perl,perl tutorial,2019-09-01,6,7.626882695786895e-08,1165,0.00515,3.8429184549356226,0.134,0.2538,inf
Powershell,powershell tutorial,2019-09-01,19,2.415179520332516e-07,1165,0.016309,3.8429184549356226,0.4244,0.3986,18.75
Python,python tutorial,2019-09-01,1052,1.3372467659946352e-05,1165,0.903004,3.8429184549356226,23.4979,23.2713,35.7419
R,r language tutorial,2019-09-01,0,0.0,1165,0.0,3.8429184549356226,0.0,0.0,
Ruby,ruby tutorial,2019-09-01,63,8.008226830576238e-07,1165,0.054077,3.8429184549356226,1.4072,1.8395,-4.5455
Rust,rust tutorial,2019-09-01,27,3.432097213104102e-07,1165,0.023176,3.8429184549356226,0.6031,0.5094,80.0
Scala,scala tutorial,2019-09-01,37,4.7032443290685844e-07,1165,0.03176,3.8429184549356226,0.8264,0.7496,23.3333
Swift,swift tutorial,2019-09-01,152,1.9321436162660127e-06,1165,0.130472,3.8429184549356226,3.3951,3.9035,31.0345
TypeScript,typescript tutorial,2019-09-01,51,6.48285029141886e-07,1165,0.043777,3.8429184549356226,1.1392,0.8756,200.0
VBA,vba tutorial,2019-09-01,41,5.211703175454377e-07,1165,0.035193,3.8429184549356226,0.9158,1.6055,-14.5833
Visual Basic,visual basic tutorial,2019-09-01,51,6.48285029141886e-07,1165,0.043777,3.8429184549356226,1.1392,0.727,200.0
Zig,zig tutorial,2019-09-01,0,0.0,1165,0.0,3.8429184549356226,0.0,0.0,
Abap,abap tutorial,2019-10-01,11,1.2433405061907105e-07,870,0.012644,4.655172413793103,0.2716,0.4265,-64.5161
Ada,ada tutorial,2019-10-01,0,0.0,870,0.0,4.655172413793103,0.0,0.0,
C#,c# tutorial,2019-10-01,0,0.0,870,0.0,4.655172413793103,0.0,0.0,
C/C++,c++ tutorial,2019-10-01,904,1.0217998341785476e-05,870,1.03908,4.655172413793103,22.321,20.8614,5.4842
Cobol,cobol tutorial,2019-10-01,0,0.0,870,0.0,4.655172413793103,0.0,0.0,
Dart,dart tutorial,2019-10-01,19,2.147588147056682e-07,870,0.021839,4.655172413793103,0.4691,0.2952,72.7273
Delphi/Pascal,delphi tutorial,2019-10-01,18,2.0345571919484363e-07,870,0.02069,4.655172413793103,0.4444,0.6984,-47.0588
Go,golang tutorial,2019-10-01,34,3.843052473680379e-07,870,0.03908,4.655172413793103,0.8395,1.4182,-66.3366
Groovy,groovy tutorial,2019-10-01,14,1.58243337151545e-07,870,0.016092,4.655172413793103,0.3457,0.1256,inf
Haskell,haskell tutorial,2019-10-01,28,3.1648667430309e-07,870,0.032184,4.655172413793103,0.6914,0.6653,115.3846
Java,java tutorial,2019-10-01,870,9.83369309441744e-06,870,1.0,4.655172413793103,21.4815,20.6813,-25.3219
JavaScript,javascript tutorial,2019-10-01,151,1.706767422134521e-06,870,0.173563,4.655172413793103,3.7284,3.8297,12.6866
Julia,julia tutorial,2019-10-01,12,1.3563714612989574e-07,870,0.013793,4.655172413793103,0.2963,0.0903,9.0909
Kotlin,kotlin tutorial,2019-10-01,124,1.4015838433422555e-06,870,0.142529,4.655172413793103,3.0617,2.4867,5.0847
Lua,lua tutorial,2019-10-01,56,6.3297334860618e-07,870,0.064368,4.655172413793103,1.3827,2.1012,-24.3243
Matlab,matlab tutorial,2019-10-01,92,1.039884786995867e-06,870,0.105747,4.655172413793103,2.2716,1.7419,-1.0753
Objective-C,objective-c tutorial,2019-10-01,0,0.0,870,0.0,4.655172413793103,0.0,0.0388,
PHP,php tutorial,2019-10-01,312,3.5265657993772883e-06,870,0.358621,4.655172413793103,7.7037,10.4486,-7.1429
Perl,perl tutorial,2019-10-01,16,1.808495281731943e-07,870,0.018391,4.655172413793103,0.3951,0.0882,166.6667
Powershell,powershell tutorial,2019-10-01,18,2.0345571919484363e-07,870,0.02069,4.655172413793103,0.4444,0.4413,-5.2632
Python,python tutorial,2019-10-01,980,1.1077033600608148e-05,870,1.126437,4.655172413793103,24.1975,23.8995,-6.8441
R,r language tutorial,2019-10-01,0,0.0,870,0.0,4.655172413793103,0.0,0.0,
Ruby,ruby tutorial,2019-10-01,121,1.3676745568097816e-06,870,0.13908,4.655172413793103,2.9877,1.9923,92.0635
Rust,rust tutorial,2019-10-01,29,3.2778976981391466e-07,870,0.033333,4.655172413793103,0.716,0.5581,7.4074
Scala,scala tutorial,2019-10-01,29,3.2778976981391466e-07,870,0.033333,4.655172413793103,0.716,0.7081,-21.6216
Swift,swift tutorial,2019-10-01,118,1.3337652702773078e-06,870,0.135632,4.655172413793103,2.9136,3.8518,-22.3684
TypeScript,typescript tutorial,2019-10-01,56,6.3297334860618e-07,870,0.064368,4.655172413793103,1.3827,0.9021,9.8039
VBA,vba tutorial,2019-10-01,24,2.712742922597915e-07,870,0.027586,4.655172413793103,0.5926,1.0218,-41.4634
Visual Basic,visual basic tutorial,2019-10-01,14,1.58243337151545e-07,870,0.016092,4.655172413793103,0.3457,0.6277,-72.549
Zig,zig tutorial,2019-10-01,0,0.0,870,0.0,4.655172413793103,0.0,0.0,
Abap,abap tutorial,2019-11-01,35,3.943899512343135e-07,657,0.053272,5.660578386605784,0.9411,0.5834,218.1818
Ada,ada tutorial,2019-11-01,0,0.0,657,0.0,5.660578386605784,0.0,0.0,
C#,c# tutorial,2019-11-01,0,0.0,657,0.0,5.660578386605784,0.0,0.0,
C/C++,c++ tutorial,2019-11-01,806,9.082237162710191e-06,657,1.226788,5.660578386605784,21.6725,20.8098,-10.8407
Cobol,cobol tutorial,2019-11-01,0,0.0,657,0.0,5.660578386605784,0.0,0.0,
Dart,dart tutorial,2019-11-01,13,1.4648769617274505e-07,657,0.019787,5.660578386605784,0.3496,0.3534,-31.5789
Delphi/Pascal,delphi tutorial,2019-11-01,15,1.690242648147058e-07,657,0.022831,5.660578386605784,0.4033,0.627,-16.6667
Go,golang tutorial,2019-11-01,50,5.634142160490194e-07,657,0.076104,5.660578386605784,1.3444,1.476,47.0588
Groovy,groovy tutorial,2019-11-01,16,1.802925491356862e-07,657,0.024353,5.660578386605784,0.4302,0.1973,14.2857
Haskell,haskell tutorial,2019-11-01,19,2.1409740209862737e-07,657,0.028919,5.660578386605784,0.5109,0.7117,-32.1429
Java,java tutorial,2019-11-01,657,7.403262798884115e-06,657,1.0,5.660578386605784,17.666,19.8955,-24.4828
JavaScript,javascript tutorial,2019-11-01,165,1.859266912961764e-06,657,0.251142,5.660578386605784,4.4367,3.8874,9.2715
Julia,julia tutorial,2019-11-01,12,1.3521941185176468e-07,657,0.018265,5.660578386605784,0.3227,0.1441,0.0
Kotlin,kotlin tutorial,2019-11-01,70,7.88779902468627e-07,657,0.106545,5.660578386605784,1.8822,2.3626,-43.5484
Lua,lua tutorial,2019-11-01,107,1.2057064223449014e-06,657,0.162861,5.660578386605784,2.8771,2.2925,91.0714
Matlab,matlab tutorial,2019-11-01,82,9.239993143203918e-07,657,0.12481,5.660578386605784,2.2049,1.7989,-10.8696
Objective-C,objective-c tutorial,2019-11-01,0,0.0,657,0.0,5.660578386605784,0.0,0.0388,
PHP,php tutorial,2019-11-01,259,2.9184856391339203e-06,657,0.394216,5.660578386605784,6.9642,9.747,-16.9872
Perl,perl tutorial,2019-11-01,8,9.01462745678431e-08,657,0.012177,5.660578386605784,0.2151,0.124,-50.0
Powershell,powershell tutorial,2019-11-01,12,1.3521941185176468e-07,657,0.018265,5.660578386605784,0.3227,0.4231,-33.3333
Python,python tutorial,2019-11-01,1050,1.1831698537029409e-05,657,1.598174,5.660578386605784,28.2334,24.9581,7.1429
R,r language tutorial,2019-11-01,0,0.0,657,0.0,5.660578386605784,0.0,0.0,
Ruby,ruby tutorial,2019-11-01,78,8.789261770364702e-07,657,0.118721,5.660578386605784,2.0973,2.0259,-35.5372
Rust,rust tutorial,2019-11-01,36,4.0565823555529394e-07,657,0.054795,5.660578386605784,0.968,0.6585,24.1379
Scala,scala tutorial,2019-11-01,24,2.704388237035293e-07,657,0.03653,5.660578386605784,0.6453,0.7104,-17.2414
Swift,swift tutorial,2019-11-01,120,1.3521941185176464e-06,657,0.182648,5.660578386605784,3.2267,3.5471,1.6949
TypeScript,typescript tutorial,2019-11-01,27,3.042436766664705e-07,657,0.041096,5.660578386605784,0.726,0.9067,-51.7857
VBA,vba tutorial,2019-11-01,24,2.704388237035293e-07,657,0.03653,5.660578386605784,0.6453,1.0129,0.0
Visual Basic,visual basic tutorial,2019-11-01,34,3.831216669133332e-07,657,0.05175,5.660578386605784,0.9142,0.708,142.8571
Zig,zig tutorial,2019-11-01,0,0.0,657,0.0,5.660578386605784,0.0,0.0,
Abap,abap tutorial,2019-12-01,45,4.851349600152547e-07,820,0.054878,4.515853658536585,1.2152,0.7859,28.5714
Ada,ada tutorial,2019-12-01,0,0.0,820,0.0,4.515853658536585,0.0,0.0,
C#,c# tutorial,2019-12-01,0,0.0,820,0.0,4.515853658536585,0.0,0.0,
C/C++,c++ tutorial,2019-12-01,858,9.249906570957524e-06,820,1.046341,4.515853658536585,23.1704,21.5938,6.4516
Cobol,cobol tutorial,2019-12-01,0,0.0,820,0.0,4.515853658536585,0.0,0.0,
Dart,dart tutorial,2019-12-01,12,1.293693226707346e-07,820,0.014634,4.515853658536585,0.3241,0.4074,-7.6923
Delphi/Pascal,delphi tutorial,2019-12-01,27,2.910809760091529e-07,820,0.032927,4.515853658536585,0.7291,0.5672,80.0
Go,golang tutorial,2019-12-01,40,4.312310755691154e-07,820,0.04878,4.515853658536585,1.0802,1.5179,-20.0
Groovy,groovy tutorial,2019-12-01,5,5.390388444613943e-08,820,0.006098,4.515853658536585,0.135,0.181,-68.75
Haskell,haskell tutorial,2019-12-01,22,2.3717709156301345e-07,820,0.026829,4.515853658536585,0.5941,0.6726,15.7895
Java,java tutorial,2019-12-01,820,8.840237049166864e-06,820,1.0,4.515853658536585,22.1442,21.0048,24.8097
JavaScript,javascript tutorial,2019-12-01,202,2.1777169316240325e-06,820,0.246341,4.515853658536585,5.455,4.2311,22.4242
Julia,julia tutorial,2019-12-01,24,2.587386453414692e-07,820,0.029268,4.515853658536585,0.6481,0.2521,100.0
Kotlin,kotlin tutorial,2019-12-01,52,5.606003982398499e-07,820,0.063415,4.515853658536585,1.4043,2.3246,-25.7143
Lua,lua tutorial,2019-12-01,46,4.959157369044826e-07,820,0.056098,4.515853658536585,1.2422,2.0247,-57.0093
Matlab,matlab tutorial,2019-12-01,37,3.988887449014317e-07,820,0.045122,4.515853658536585,0.9992,1.6892,-54.878
Objective-C,objective-c tutorial,2019-12-01,0,0.0,820,0.0,4.515853658536585,0.0,0.0388,
PHP,php tutorial,2019-12-01,316,3.406725496996011e-06,820,0.385366,4.515853658536585,8.5336,7.9404,22.0077
Perl,perl tutorial,2019-12-01,14,1.509308764491904e-07,820,0.017073,4.515853658536585,0.3781,0.187,75.0
Powershell,powershell tutorial,2019-12-01,18,1.940539840061019e-07,820,0.021951,4.515853658536585,0.4861,0.435,50.0
Python,python tutorial,2019-12-01,815,8.786333164720725e-06,820,0.993902,4.515853658536585,22.0092,24.6118,-22.381
R,r language tutorial,2019-12-01,0,0.0,820,0.0,4.515853658536585,0.0,0.0,
Ruby,ruby tutorial,2019-12-01,86,9.27146812473598e-07,820,0.104878,4.515853658536585,2.3224,2.1453,10.2564
Rust,rust tutorial,2019-12-01,28,3.018617528983808e-07,820,0.034146,4.515853658536585,0.7561,0.6766,-22.2222
Scala,scala tutorial,2019-12-01,26,2.8030019911992496e-07,820,0.031707,4.515853658536585,0.7021,0.7281,8.3333
Swift,swift tutorial,2019-12-01,134,1.4446241031565363e-06,820,0.163415,4.515853658536585,3.6187,3.4768,11.6667
TypeScript,typescript tutorial,2019-12-01,31,3.342040835660644e-07,820,0.037805,4.515853658536585,0.8372,0.8951,14.8148
VBA,vba tutorial,2019-12-01,16,1.7249243022764614e-07,820,0.019512,4.515853658536585,0.4321,0.8777,-33.3333
Visual Basic,visual basic tutorial,2019-12-01,29,3.126425297876086e-07,820,0.035366,4.515853658536585,0.7831,0.7349,-14.7059
Zig,zig tutorial,2019-12-01,0,0.0,820,0.0,4.515853658536585,0.0,0.0,
Abap,abap tutorial,2020-01-01,57,5.861762495020629e-07,778,0.073265,5.570694087403599,1.3152,0.8595,26.6667
Ada,ada tutorial,2020-01-01,0,0.0,778,0.0,5.570694087403599,0.0,0.0,
C#,c# tutorial,2020-01-01,0,0.0,778,0.0,5.570694087403599,0.0,0.0,
C/C++,c++ tutorial,2020-01-01,1009,1.0376347995571606e-05,778,1.296915,5.570694087403599,23.281,21.7891,17.5991
Cobol,cobol tutorial,2020-01-01,0,0.0,778,0.0,5.570694087403599,0.0,0.0,
Dart,dart tutorial,2020-01-01,0,0.0,778,0.0,5.570694087403599,0.0,0.3298,-100.0
Delphi/Pascal,delphi tutorial,2020-01-01,35,3.599327847819685e-07,778,0.044987,5.570694087403599,0.8076,0.595,29.6296
Go,golang tutorial,2020-01-01,55,5.656086618002362e-07,778,0.070694,5.570694087403599,1.269,1.443,37.5
Groovy,groovy tutorial,2020-01-01,0,0.0,778,0.0,5.570694087403599,0.0,0.1518,-100.0
Haskell,haskell tutorial,2020-01-01,31,3.187976093783149e-07,778,0.039846,5.570694087403599,0.7153,0.6801,40.9091
Java,java tutorial,2020-01-01,778,8.000791616010613e-06,778,1.0,5.570694087403599,17.9511,20.7682,-5.122
JavaScript,javascript tutorial,2020-01-01,135,1.388312169873307e-06,778,0.173522,5.570694087403599,3.1149,3.8618,-33.1683
Julia,julia tutorial,2020-01-01,24,2.468110524219212e-07,778,0.030848,5.570694087403599,0.5538,0.3444,0.0
Kotlin,kotlin tutorial,2020-01-01,93,9.56392828134945e-07,778,0.119537,5.570694087403599,2.1458,2.2211,78.8462
Lua,lua tutorial,2020-01-01,71,7.301493634148504e-07,778,0.09126,5.570694087403599,1.6382,1.9628,54.3478
Matlab,matlab tutorial,2020-01-01,57,5.861762495020629e-07,778,0.073265,5.570694087403599,1.3152,1.7239,54.0541
Objective-C,objective-c tutorial,2020-01-01,0,0.0,778,0.0,5.570694087403599,0.0,0.0,
PHP,php tutorial,2020-01-01,234,2.406407761113732e-06,778,0.300771,5.570694087403599,5.3992,7.4275,-25.9494
Perl,perl tutorial,2020-01-01,23,2.3652725857100785e-07,778,0.029563,5.570694087403599,0.5307,0.2755,64.2857
Powershell,powershell tutorial,2020-01-01,19,1.9539208316735432e-07,778,0.024422,5.570694087403599,0.4384,0.4401,5.5556
Python,python tutorial,2020-01-01,1251,1.2865026107492644e-05,778,1.607969,5.570694087403599,28.8648,25.3688,53.4969
R,r language tutorial,2020-01-01,0,0.0,778,0.0,5.570694087403599,0.0,0.0,
Ruby,ruby tutorial,2020-01-01,86,8.84406271178551e-07,778,0.11054,5.570694087403599,1.9843,2.1605,0.0
Rust,rust tutorial,2020-01-01,39,4.010679601856221e-07,778,0.050129,5.570694087403599,0.8999,0.7392,39.2857
Scala,scala tutorial,2020-01-01,53,5.450410740984093e-07,778,0.068123,5.570694087403599,1.2229,0.8494,103.8462
Swift,swift tutorial,2020-01-01,180,1.8510828931644091e-06,778,0.231362,5.570694087403599,4.1532,3.5184,34.3284
TypeScript,typescript tutorial,2020-01-01,41,4.216355478874488e-07,778,0.052699,5.570694087403599,0.946,0.9314,32.2581
VBA,vba tutorial,2020-01-01,45,4.627707232911023e-07,778,0.057841,5.570694087403599,1.0383,0.8663,181.25
Visual Basic,visual basic tutorial,2020-01-01,18,1.8510828931644093e-07,778,0.023136,5.570694087403599,0.4153,0.6925,-37.931
Zig,zig tutorial,2020-01-01,0,0.0,778,0.0,5.570694087403599,0.0,0.0,
Abap,abap tutorial,2020-02-01,34,3.698007849932677e-07,761,0.044678,5.636005256241787,0.7927,0.8714,-40.3509
Ada,ada tutorial,2020-02-01,0,0.0,761,0.0,5.636005256241787,0.0,0.0,
C#,c# tutorial,2020-02-01,0,0.0,761,0.0,5.636005256241787,0.0,0.0,
C/C++,c++ tutorial,2020-02-01,887,9.647449890853778e-06,761,1.165572,5.636005256241787,20.6808,21.7113,-12.0912
Cobol,cobol tutorial,2020-02-01,0,0.0,761,0.0,5.636005256241787,0.0,0.0,
Dart,dart tutorial,2020-02-01,0,0.0,761,0.0,5.636005256241787,0.0,0.2314,
Delphi/Pascal,delphi tutorial,2020-02-01,22,2.392828608779967e-07,761,0.028909,5.636005256241787,0.5129,0.6095,-37.1429
Go,golang tutorial,2020-02-01,35,3.806772786695403e-07,761,0.045992,5.636005256241787,0.816,1.2675,-36.3636
Groovy,groovy tutorial,2020-02-01,8,8.701194941018064e-08,761,0.010512,5.636005256241787,0.1865,0.1829,inf
Haskell,haskell tutorial,2020-02-01,28,3.0454182293563216e-07,761,0.036794,5.636005256241787,0.6528,0.5758,-9.6774
Java,java tutorial,2020-02-01,761,8.277011687643433e-06,761,1.0,5.636005256241787,17.7431,20.5013,-2.1851
JavaScript,javascript tutorial,2020-02-01,151,1.6423505451171593e-06,761,0.198423,5.636005256241787,3.5206,3.8748,11.8519
Julia,julia tutorial,2020-02-01,18,1.9577688617290645e-07,761,0.023653,5.636005256241787,0.4197,0.4144,-25.0
Kotlin,kotlin tutorial,2020-02-01,85,9.245019624831692e-07,761,0.111695,5.636005256241787,1.9818,2.1853,-8.6022
Lua,lua tutorial,2020-02-01,76,8.26613519396716e-07,761,0.099869,5.636005256241787,1.772,1.7609,7.0423
Matlab,matlab tutorial,2020-02-01,159,1.72936249452734e-06,761,0.208936,5.636005256241787,3.7072,2.0959,178.9474
Objective-C,objective-c tutorial,2020-02-01,0,0.0,761,0.0,5.636005256241787,0.0,0.0,
PHP,php tutorial,2020-02-01,436,4.742151242854844e-06,761,0.57293,5.636005256241787,10.1655,7.7119,86.3248
Perl,perl tutorial,2020-02-01,15,1.631474051440887e-07,761,0.019711,5.636005256241787,0.3497,0.3338,-34.7826
Powershell,powershell tutorial,2020-02-01,25,2.7191234190681444e-07,761,0.032852,5.636005256241787,0.5829,0.4498,31.5789
Python,python tutorial,2020-02-01,1185,1.2888645006383003e-05,761,1.557162,5.636005256241787,27.6288,25.7386,-5.2758
R,r language tutorial,2020-02-01,0,0.0,761,0.0,5.636005256241787,0.0,0.0,
Ruby,ruby tutorial,2020-02-01,101,1.0985258613035305e-06,761,0.13272,5.636005256241787,2.3549,2.1923,17.4419
Rust,rust tutorial,2020-02-01,35,3.806772786695403e-07,761,0.045992,5.636005256241787,0.816,0.7932,-10.2564
Scala,scala tutorial,2020-02-01,17,1.8490039249663385e-07,761,0.022339,5.636005256241787,0.3964,0.7515,-67.9245
Swift,swift tutorial,2020-02-01,144,1.5662150893832514e-06,761,0.189225,5.636005256241787,3.3574,3.4441,-20.0
TypeScript,typescript tutorial,2020-02-01,38,4.13306759698358e-07,761,0.049934,5.636005256241787,0.886,0.9862,-7.3171
VBA,vba tutorial,2020-02-01,20,2.1752987352545157e-07,761,0.026281,5.636005256241787,0.4663,0.6817,-55.5556
Visual Basic,visual basic tutorial,2020-02-01,9,9.788844308645321e-08,761,0.011827,5.636005256241787,0.2098,0.6346,-50.0
Zig,zig tutorial,2020-02-01,0,0.0,761,0.0,5.636005256241787,0.0,0.0,
Abap,abap tutorial,2020-03-01,31,3.15461226455403e-07,705,0.043972,5.865248226950355,0.7497,0.8809,-8.8235
Ada,ada tutorial,2020-03-01,0,0.0,705,0.0,5.865248226950355,0.0,0.0,
C#,c# tutorial,2020-03-01,0,0.0,705,0.0,5.865248226950355,0.0,0.0,
C/C++,c++ tutorial,2020-03-01,936,9.524893805234104e-06,705,1.32766,5.865248226950355,22.636,22.2936,5.5242
Cobol,cobol tutorial,2020-03-01,0,0.0,705,0.0,5.865248226950355,0.0,0.0,
Dart,dart tutorial,2020-03-01,12,1.22114023144027e-07,705,0.017021,5.865248226950355,0.2902,0.2388,inf
Delphi/Pascal,delphi tutorial,2020-03-01,22,2.238757090973828e-07,705,0.031206,5.865248226950355,0.532,0.5716,0.0
Go,golang tutorial,2020-03-01,48,4.88456092576108e-07,705,0.068085,5.865248226950355,1.1608,1.085,37.1429
Groovy,groovy tutorial,2020-03-01,6,6.10570115720135e-08,705,0.008511,5.865248226950355,0.1451,0.2071,-25.0
Haskell,haskell tutorial,2020-03-01,26,2.645803834787252e-07,705,0.036879,5.865248226950355,0.6288,0.6322,-7.1429
Java,java tutorial,2020-03-01,705,7.174198859711586e-06,705,1.0,5.865248226950355,17.0496,19.0059,-7.3587
JavaScript,javascript tutorial,2020-03-01,180,1.8317103471604049e-06,705,0.255319,5.865248226950355,4.3531,4.1015,19.2053
Julia,julia tutorial,2020-03-01,5,5.0880842976677904e-08,705,0.007092,5.865248226950355,0.1209,0.3936,-72.2222
Kotlin,kotlin tutorial,2020-03-01,89,9.056790049848668e-07,705,0.126241,5.865248226950355,2.1524,2.1047,4.7059
Lua,lua tutorial,2020-03-01,73,7.428603074594975e-07,705,0.103546,5.865248226950355,1.7654,1.7796,-3.9474
Matlab,matlab tutorial,2020-03-01,43,4.3757524959943e-07,705,0.060993,5.865248226950355,1.0399,1.923,-72.956
Objective-C,objective-c tutorial,2020-03-01,5,5.0880842976677904e-08,705,0.007092,5.865248226950355,0.1209,0.0202,inf
PHP,php tutorial,2020-03-01,283,2.8798557124799695e-06,705,0.401418,5.865248226950355,6.844,7.6017,-35.0917
Perl,perl tutorial,2020-03-01,9,9.158551735802025e-08,705,0.012766,5.865248226950355,0.2177,0.3477,-40.0
Powershell,powershell tutorial,2020-03-01,22,2.238757090973828e-07,705,0.031206,5.865248226950355,0.532,0.4678,-12.0
Python,python tutorial,2020-03-01,1239,1.2608272889620787e-05,705,1.757447,5.865248226950355,29.9637,26.8162,4.557
R,r language tutorial,2020-03-01,0,0.0,705,0.0,5.865248226950355,0.0,0.0,
Ruby,ruby tutorial,2020-03-01,111,1.1295547140822497e-06,705,0.157447,5.865248226950355,2.6844,2.4052,9.901
Rust,rust tutorial,2020-03-01,35,3.561659008367454e-07,705,0.049645,5.865248226950355,0.8464,0.8338,0.0
Scala,scala tutorial,2020-03-01,20,2.0352337190671162e-07,705,0.028369,5.865248226950355,0.4837,0.6944,17.6471
Swift,swift tutorial,2020-03-01,144,1.4653682777283238e-06,705,0.204255,5.865248226950355,3.4825,3.4587,0.0
TypeScript,typescript tutorial,2020-03-01,40,4.0704674381342324e-07,705,0.056738,5.865248226950355,0.9674,0.9575,5.2632
VBA,vba tutorial,2020-03-01,36,3.66342069432081e-07,705,0.051064,5.865248226950355,0.8706,0.6742,80.0
Visual Basic,visual basic tutorial,2020-03-01,15,1.5264252893003374e-07,705,0.021277,5.865248226950355,0.3628,0.5052,66.6667
Zig,zig tutorial,2020-03-01,0,0.0,705,0.0,5.865248226950355,0.0,0.0,
Abap,abap tutorial,2020-04-01,16,1.3393698810887772e-07,794,0.020151,5.511335012594459,0.3656,0.8966,-48.3871
Ada,ada tutorial,2020-04-01,0,0.0,794,0.0,5.511335012594459,0.0,0.0,
C#,c# tutorial,2020-04-01,0,0.0,794,0.0,5.511335012594459,0.0,0.0,
C/C++,c++ tutorial,2020-04-01,1057,8.848212276942734e-06,794,1.331234,5.511335012594459,24.1545,22.5992,12.9274
Cobol,cobol tutorial,2020-04-01,10,8.371061756804859e-08,794,0.012594,5.511335012594459,0.2285,0.0381,inf
Dart,dart tutorial,2020-04-01,12,1.0045274108165828e-07,794,0.015113,5.511335012594459,0.2742,0.2063,0.0
Delphi/Pascal,delphi tutorial,2020-04-01,24,2.0090548216331657e-07,794,0.030227,5.511335012594459,0.5484,0.5889,9.0909
Go,golang tutorial,2020-04-01,70,5.8597432297634e-07,794,0.088161,5.511335012594459,1.5996,1.2117,45.8333
Groovy,groovy tutorial,2020-04-01,0,0.0,794,0.0,5.511335012594459,0.0,0.1495,-100.0
Haskell,haskell tutorial,2020-04-01,29,2.427607909473409e-07,794,0.036524,5.511335012594459,0.6627,0.6274,11.5385
Java,java tutorial,2020-04-01,794,6.646623034903058e-06,794,1.0,5.511335012594459,18.1444,18.4497,12.6241
JavaScript,javascript tutorial,2020-04-01,149,1.2472882017639235e-06,794,0.187657,5.511335012594459,3.4049,4.0475,-17.2222
Julia,julia tutorial,2020-04-01,0,0.0,794,0.0,5.511335012594459,0.0,0.3442,-100.0
Kotlin,kotlin tutorial,2020-04-01,75,6.278296317603644e-07,794,0.094458,5.511335012594459,1.7139,1.8801,-15.7303
Lua,lua tutorial,2020-04-01,54,4.5203733486746246e-07,794,0.06801,5.511335012594459,1.234,1.7548,-26.0274
Matlab,matlab tutorial,2020-04-01,243,2.034168006903581e-06,794,0.306045,5.511335012594459,5.553,2.4699,465.1163
Objective-C,objective-c tutorial,2020-04-01,0,0.0,794,0.0,5.511335012594459,0.0,0.0202,-100.0
PHP,php tutorial,2020-04-01,499,4.177159816645624e-06,794,0.628463,5.511335012594459,11.4031,8.2183,76.3251
Perl,perl tutorial,2020-04-01,30,2.511318527041458e-07,794,0.037783,5.511335012594459,0.6856,0.3961,233.3333
Powershell,powershell tutorial,2020-04-01,14,1.1719486459526803e-07,794,0.017632,5.511335012594459,0.3199,0.447,-36.3636
Python,python tutorial,2020-04-01,899,7.525584519367567e-06,794,1.132242,5.511335012594459,20.5439,26.2073,-27.4415
R,r language tutorial,2020-04-01,0,0.0,794,0.0,5.511335012594459,0.0,0.0,
Ruby,ruby tutorial,2020-04-01,91,7.617666198692421e-07,794,0.11461,5.511335012594459,2.0795,2.2538,-18.018
Rust,rust tutorial,2020-04-01,52,4.352952113538526e-07,794,0.065491,5.511335012594459,1.1883,0.9125,48.5714
Scala,scala tutorial,2020-04-01,30,2.511318527041458e-07,794,0.037783,5.511335012594459,0.6856,0.6893,50.0
Swift,swift tutorial,2020-04-01,145,1.2138039547367044e-06,794,0.18262,5.511335012594459,3.3135,3.5253,0.6944
TypeScript,typescript tutorial,2020-04-01,33,2.762450379745603e-07,794,0.041562,5.511335012594459,0.7541,0.8528,-17.5
VBA,vba tutorial,2020-04-01,21,1.75792296892902e-07,794,0.026448,5.511335012594459,0.4799,0.6554,-41.6667
Visual Basic,visual basic tutorial,2020-04-01,29,2.427607909473409e-07,794,0.036524,5.511335012594459,0.6627,0.558,93.3333
Zig,zig tutorial,2020-04-01,0,0.0,794,0.0,5.511335012594459,0.0,0.0,
Abap,abap tutorial,2020-05-01,14,1.3053971008712534e-07,811,0.017263,4.705302096177558,0.3669,0.8009,-12.5
Ada,ada tutorial,2020-05-01,0,0.0,811,0.0,4.705302096177558,0.0,0.0,
C#,c# tutorial,2020-05-01,0,0.0,811,0.0,4.705302096177558,0.0,0.0,
C/C++,c++ tutorial,2020-05-01,915,8.531702480694261e-06,811,1.128237,4.705302096177558,23.978,22.9835,-13.4342
Cobol,cobol tutorial,2020-05-01,0,0.0,811,0.0,4.705302096177558,0.0,0.0381,-100.0
Dart,dart tutorial,2020-05-01,25,2.3310662515558093e-07,811,0.030826,4.705302096177558,0.6551,0.2573,108.3333
Delphi/Pascal,delphi tutorial,2020-05-01,10,9.324265006223237e-08,811,0.01233,4.705302096177558,0.2621,0.5654,-58.3333
Go,golang tutorial,2020-05-01,48,4.475647202987153e-07,811,0.059186,4.705302096177558,1.2579,1.1973,-31.4286
Groovy,groovy tutorial,2020-05-01,0,0.0,811,0.0,4.705302096177558,0.0,0.0778,
Haskell,haskell tutorial,2020-05-01,8,7.45941200497859e-08,811,0.009864,4.705302096177558,0.2096,0.5772,-72.4138
Java,java tutorial,2020-05-01,811,7.561978920047045e-06,811,1.0,4.705302096177558,21.2526,19.0475,2.1411
JavaScript,javascript tutorial,2020-05-01,168,1.5664765210455037e-06,811,0.207152,4.705302096177558,4.4025,4.0419,12.7517
Julia,julia tutorial,2020-05-01,0,0.0,811,0.0,4.705302096177558,0.0,0.2904,
Kotlin,kotlin tutorial,2020-05-01,98,9.137779706098772e-07,811,0.120838,4.705302096177558,2.5681,1.9944,30.6667
Lua,lua tutorial,2020-05-01,46,4.289161902862688e-07,811,0.05672,4.705302096177558,1.2055,1.4762,-14.8148
Matlab,matlab tutorial,2020-05-01,37,3.449978052302597e-07,811,0.045623,4.705302096177558,0.9696,2.264,-84.7737
Objective-C,objective-c tutorial,2020-05-01,0,0.0,811,0.0,4.705302096177558,0.0,0.0202,
PHP,php tutorial,2020-05-01,356,3.319438342215472e-06,811,0.438964,4.705302096177558,9.3291,8.6124,-28.6573
Perl,perl tutorial,2020-05-01,0,0.0,811,0.0,4.705302096177558,0.0,0.3603,-100.0
Powershell,powershell tutorial,2020-05-01,23,2.144580951431344e-07,811,0.02836,4.705302096177558,0.6027,0.4937,64.2857
Python,python tutorial,2020-05-01,860,8.018867905351984e-06,811,1.060419,4.705302096177558,22.5367,25.2578,-4.3382
R,r language tutorial,2020-05-01,0,0.0,811,0.0,4.705302096177558,0.0,0.0,
Ruby,ruby tutorial,2020-05-01,91,8.485081155663145e-07,811,0.112207,4.705302096177558,2.3847,2.3017,0.0
Rust,rust tutorial,2020-05-01,38,3.5432207023648297e-07,811,0.046856,4.705302096177558,0.9958,0.9171,-26.9231
Scala,scala tutorial,2020-05-01,33,3.077007452053669e-07,811,0.040691,4.705302096177558,0.8648,0.7259,10.0
Swift,swift tutorial,2020-05-01,150,1.3986397509334856e-06,811,0.184957,4.705302096177558,3.9308,3.6427,3.4483
TypeScript,typescript tutorial,2020-05-01,61,5.687801653796174e-07,811,0.075216,4.705302096177558,1.5985,0.9982,84.8485
VBA,vba tutorial,2020-05-01,16,1.491882400995718e-07,811,0.019729,4.705302096177558,0.4193,0.6177,-23.8095
Visual Basic,visual basic tutorial,2020-05-01,8,7.45941200497859e-08,811,0.009864,4.705302096177558,0.2096,0.4406,-72.4138
Zig,zig tutorial,2020-05-01,0,0.0,811,0.0,4.705302096177558,0.0,0.0,
Abap,abap tutorial,2020-06-01,7,7.84889128457782e-08,659,0.010622,4.899848254931714,0.2168,0.6345,-50.0
Ada,ada tutorial,2020-06-01,0,0.0,659,0.0,4.899848254931714,0.0,0.0,
C#,c# tutorial,2020-06-01,0,0.0,659,0.0,4.899848254931714,0.0,0.0,
C/C++,c++ tutorial,2020-06-01,767,8.600142307530267e-06,659,1.163885,4.899848254931714,23.7535,23.0806,-16.1749
Cobol,cobol tutorial,2020-06-01,0,0.0,659,0.0,4.899848254931714,0.0,0.0381,
Dart,dart tutorial,2020-06-01,15,1.6819052752666757e-07,659,0.022762,4.899848254931714,0.4645,0.2807,-40.0
Delphi/Pascal,delphi tutorial,2020-06-01,0,0.0,659,0.0,4.899848254931714,0.0,0.4438,-100.0
Go,golang tutorial,2020-06-01,28,3.139556513831128e-07,659,0.042489,4.899848254931714,0.8671,1.1618,-41.6667
Groovy,groovy tutorial,2020-06-01,12,1.3455242202133405e-07,659,0.018209,4.899848254931714,0.3716,0.1172,inf
Haskell,haskell tutorial,2020-06-01,25,2.8031754587777924e-07,659,0.037936,4.899848254931714,0.7742,0.6072,212.5
Java,java tutorial,2020-06-01,659,7.389170509338262e-06,659,1.0,4.899848254931714,20.4088,18.7583,-18.7423
JavaScript,javascript tutorial,2020-06-01,109,1.2221845000271176e-06,659,0.165402,4.899848254931714,3.3757,3.6953,-35.119
Julia,julia tutorial,2020-06-01,0,0.0,659,0.0,4.899848254931714,0.0,0.1824,
Kotlin,kotlin tutorial,2020-06-01,75,8.409526376333379e-07,659,0.113809,4.899848254931714,2.3227,2.1475,-23.4694
Lua,lua tutorial,2020-06-01,54,6.054858990960032e-07,659,0.081942,4.899848254931714,1.6723,1.5479,17.3913
Matlab,matlab tutorial,2020-06-01,33,3.700191605586686e-07,659,0.050076,4.899848254931714,1.022,2.2678,-10.8108
Objective-C,objective-c tutorial,2020-06-01,0,0.0,659,0.0,4.899848254931714,0.0,0.0202,
PHP,php tutorial,2020-06-01,486,5.449373091864029e-06,659,0.737481,4.899848254931714,15.0511,9.6987,36.5169
Perl,perl tutorial,2020-06-01,0,0.0,659,0.0,4.899848254931714,0.0,0.2973,
Powershell,powershell tutorial,2020-06-01,21,2.3546673853733457e-07,659,0.031866,4.899848254931714,0.6504,0.5211,-8.6957
Python,python tutorial,2020-06-01,637,7.142491068965816e-06,659,0.966616,4.899848254931714,19.7275,24.8776,-25.9302
R,r language tutorial,2020-06-01,0,0.0,659,0.0,4.899848254931714,0.0,0.0,
Ruby,ruby tutorial,2020-06-01,70,7.84889128457782e-07,659,0.106222,4.899848254931714,2.1679,2.2759,-23.0769
Rust,rust tutorial,2020-06-01,61,6.839748119417813e-07,659,0.092564,4.899848254931714,1.8891,1.1059,60.5263
Scala,scala tutorial,2020-06-01,18,2.0182863303200106e-07,659,0.027314,4.899848254931714,0.5574,0.7018,-45.4545
Swift,swift tutorial,2020-06-01,100,1.121270183511117e-06,659,0.151745,4.899848254931714,3.0969,3.5557,-33.3333
TypeScript,typescript tutorial,2020-06-01,26,2.915302477128904e-07,659,0.039454,4.899848254931714,0.8052,0.9929,-57.377
VBA,vba tutorial,2020-06-01,19,2.1304133486711226e-07,659,0.028832,4.899848254931714,0.5884,0.6438,18.75
Visual Basic,visual basic tutorial,2020-06-01,7,7.84889128457782e-08,659,0.010622,4.899848254931714,0.2168,0.3462,-12.5
Zig,zig tutorial,2020-06-01,0,0.0,659,0.0,4.899848254931714,0.0,0.0,
Abap,abap tutorial,2020-07-01,0,0.0,509,0.0,4.923379174852652,0.0,0.4153,-100.0
Ada,ada tutorial,2020-07-01,0,0.0,509,0.0,4.923379174852652,0.0,0.0,
C#,c# tutorial,2020-07-01,0,0.0,509,0.0,4.923379174852652,0.0,0.0,
C/C++,c++ tutorial,2020-07-01,592,7.029052351421118e-06,509,1.163065,4.923379174852652,23.6233,23.1377,-22.8162
Cobol,cobol tutorial,2020-07-01,0,0.0,509,0.0,4.923379174852652,0.0,0.0381,
Dart,dart tutorial,2020-07-01,11,1.3060739166491942e-07,509,0.021611,4.923379174852652,0.4389,0.3538,-26.6667
Delphi/Pascal,delphi tutorial,2020-07-01,0,0.0,509,0.0,4.923379174852652,0.0,0.3092,
Go,golang tutorial,2020-07-01,45,5.343029659019431e-07,509,0.088409,4.923379174852652,1.7957,1.2495,60.7143
Groovy,groovy tutorial,2020-07-01,0,0.0,509,0.0,4.923379174852652,0.0,0.1172,-100.0
Haskell,haskell tutorial,2020-07-01,20,2.3746798484530806e-07,509,0.039293,4.923379174852652,0.7981,0.621,-20.0
Java,java tutorial,2020-07-01,509,6.0435602143130896e-06,509,1.0,4.923379174852652,20.3113,19.1516,-22.7618
JavaScript,javascript tutorial,2020-07-01,87,1.03298573407709e-06,509,0.170923,4.923379174852652,3.4717,3.7547,-20.1835
Julia,julia tutorial,2020-07-01,0,0.0,509,0.0,4.923379174852652,0.0,0.0901,
Kotlin,kotlin tutorial,2020-07-01,51,6.055433613555354e-07,509,0.100196,4.923379174852652,2.0351,2.129,-32.0
Lua,lua tutorial,2020-07-01,36,4.2744237272155444e-07,509,0.070727,4.923379174852652,1.4366,1.5143,-33.3333
Matlab,matlab tutorial,2020-07-01,18,2.1372118636077722e-07,509,0.035363,4.923379174852652,0.7183,2.1683,-45.4545
Objective-C,objective-c tutorial,2020-07-01,0,0.0,509,0.0,4.923379174852652,0.0,0.0202,
PHP,php tutorial,2020-07-01,195,2.3153128522417535e-06,509,0.383104,4.923379174852652,7.7813,10.0957,-59.8765
Perl,perl tutorial,2020-07-01,0,0.0,509,0.0,4.923379174852652,0.0,0.2088,
Powershell,powershell tutorial,2020-07-01,10,1.1873399242265403e-07,509,0.019646,4.923379174852652,0.399,0.5145,-52.381
Python,python tutorial,2020-07-01,587,6.9696853552097904e-06,509,1.153242,4.923379174852652,23.4238,23.9707,-7.8493
R,r language tutorial,2020-07-01,0,0.0,509,0.0,4.923379174852652,0.0,0.0,
Ruby,ruby tutorial,2020-07-01,58,6.886571560513933e-07,509,0.113949,4.923379174852652,2.3144,2.331,-17.1429
Rust,rust tutorial,2020-07-01,29,3.443285780256967e-07,509,0.056974,4.923379174852652,1.1572,1.1488,-52.459
Scala,scala tutorial,2020-07-01,22,2.6121478332983885e-07,509,0.043222,4.923379174852652,0.8779,0.6443,22.2222
Swift,swift tutorial,2020-07-01,162,1.923490677246995e-06,509,0.318271,4.923379174852652,6.4645,3.9409,62.0
TypeScript,typescript tutorial,2020-07-01,39,4.6306257044835066e-07,509,0.076621,4.923379174852652,1.5563,1.0946,50.0
VBA,vba tutorial,2020-07-01,25,2.968349810566351e-07,509,0.049116,4.923379174852652,0.9976,0.637,31.5789
Visual Basic,visual basic tutorial,2020-07-01,10,1.1873399242265403e-07,509,0.019646,4.923379174852652,0.399,0.3435,42.8571
Zig,zig tutorial,2020-07-01,0,0.0,509,0.0,4.923379174852652,0.0,0.0,
Abap,abap tutorial,2020-08-01,0,0.0,436,0.0,5.362385321100917,0.0,0.2832,
Ada,ada tutorial,2020-08-01,0,0.0,436,0.0,5.362385321100917,0.0,0.0,
C#,c# tutorial,2020-08-01,0,0.0,436,0.0,5.362385321100917,0.0,0.0,
C/C++,c++ tutorial,2020-08-01,616,7.345140659184874e-06,436,1.412844,5.362385321100917,26.3473,24.0821,4.0541
Cobol,cobol tutorial,2020-08-01,0,0.0,436,0.0,5.362385321100917,0.0,0.0381,
Dart,dart tutorial,2020-08-01,14,1.6693501498147444e-07,436,0.03211,5.362385321100917,0.5988,0.4536,27.2727
Delphi/Pascal,delphi tutorial,2020-08-01,0,0.0,436,0.0,5.362385321100917,0.0,0.2238,
Go,golang tutorial,2020-08-01,42,5.008050449444232e-07,436,0.09633,5.362385321100917,1.7964,1.4129,-6.6667
Groovy,groovy tutorial,2020-08-01,0,0.0,436,0.0,5.362385321100917,0.0,0.0861,
Haskell,haskell tutorial,2020-08-01,13,1.5501108533994053e-07,436,0.029817,5.362385321100917,0.556,0.6049,-35.0
Java,java tutorial,2020-08-01,436,5.198833323708774e-06,436,1.0,5.362385321100917,18.6484,19.3025,-14.3418
JavaScript,javascript tutorial,2020-08-01,91,1.0850775973795838e-06,436,0.208716,5.362385321100917,3.8922,3.8167,4.5977
Julia,julia tutorial,2020-08-01,0,0.0,436,0.0,5.362385321100917,0.0,0.0202,
Kotlin,kotlin tutorial,2020-08-01,40,4.769571856613554e-07,436,0.091743,5.362385321100917,1.7109,2.0838,-21.5686
Lua,lua tutorial,2020-08-01,48,5.723486227936266e-07,436,0.110092,5.362385321100917,2.053,1.5611,33.3333
Matlab,matlab tutorial,2020-08-01,19,2.2655466318914386e-07,436,0.043578,5.362385321100917,0.8127,1.6859,5.5556
Objective-C,objective-c tutorial,2020-08-01,0,0.0,436,0.0,5.362385321100917,0.0,0.0202,
PHP,php tutorial,2020-08-01,165,1.9674483908530913e-06,436,0.37844,5.362385321100917,7.0573,9.5777,-15.3846
Perl,perl tutorial,2020-08-01,0,0.0,436,0.0,5.362385321100917,0.0,0.1505,
Powershell,powershell tutorial,2020-08-01,5,5.961964820766943e-08,436,0.011468,5.362385321100917,0.2139,0.453,-50.0
Python,python tutorial,2020-08-01,546,6.510465584277503e-06,436,1.252294,5.362385321100917,23.3533,23.2581,-6.9847
R,r language tutorial,2020-08-01,0,0.0,436,0.0,5.362385321100917,0.0,0.0,
Ruby,ruby tutorial,2020-08-01,105,1.2520126123610582e-06,436,0.240826,5.362385321100917,4.491,2.687,81.0345
Rust,rust tutorial,2020-08-01,29,3.457939596044827e-07,436,0.066514,5.362385321100917,1.2404,1.2195,0.0
Scala,scala tutorial,2020-08-01,20,2.384785928306777e-07,436,0.045872,5.362385321100917,0.8554,0.7208,-9.0909
Swift,swift tutorial,2020-08-01,90,1.0731536677380498e-06,436,0.206422,5.362385321100917,3.8494,4.0229,-44.4444
TypeScript,typescript tutorial,2020-08-01,29,3.457939596044827e-07,436,0.066514,5.362385321100917,1.2404,1.1536,-25.641
VBA,vba tutorial,2020-08-01,25,2.9809824103834717e-07,436,0.057339,5.362385321100917,1.0693,0.7375,0.0
Visual Basic,visual basic tutorial,2020-08-01,5,5.961964820766943e-08,436,0.011468,5.362385321100917,0.2139,0.3441,-50.0
Zig,zig tutorial,2020-08-01,0,0.0,436,0.0,5.362385321100917,0.0,0.0,
Abap,abap tutorial,2020-09-01,0,0.0,527,0.0,5.163187855787476,0.0,0.1582,
Ada,ada tutorial,2020-09-01,0,0.0,527,0.0,5.163187855787476,0.0,0.0,
C#,c# tutorial,2020-09-01,0,0.0,527,0.0,5.163187855787476,0.0,0.0,
C/C++,c++ tutorial,2020-09-01,600,6.319381399428477e-06,527,1.13852,5.163187855787476,22.0507,23.9845,-2.5974
Cobol,cobol tutorial,2020-09-01,0,0.0,527,0.0,5.163187855787476,0.0,0.0381,
Dart,dart tutorial,2020-09-01,0,0.0,527,0.0,5.163187855787476,0.0,0.4053,-100.0
Delphi/Pascal,delphi tutorial,2020-09-01,0,0.0,527,0.0,5.163187855787476,0.0,0.1351,
Go,golang tutorial,2020-09-01,38,4.002274886304702e-07,527,0.072106,5.163187855787476,1.3965,1.4522,-9.5238
Groovy,groovy tutorial,2020-09-01,0,0.0,527,0.0,5.163187855787476,0.0,0.0619,
Haskell,haskell tutorial,2020-09-01,20,2.106460466476159e-07,527,0.037951,5.163187855787476,0.735,0.6226,53.8462
Java,java tutorial,2020-09-01,527,5.550523329164679e-06,527,1.0,5.163187855787476,19.3679,19.6889,20.8716
JavaScript,javascript tutorial,2020-09-01,104,1.0953594425676029e-06,527,0.197343,5.163187855787476,3.8221,3.7282,14.2857
Julia,julia tutorial,2020-09-01,0,0.0,527,0.0,5.163187855787476,0.0,0.0,
Kotlin,kotlin tutorial,2020-09-01,85,8.952456982523675e-07,527,0.16129,5.163187855787476,3.1239,2.2458,112.5
Lua,lua tutorial,2020-09-01,42,4.423566979599934e-07,527,0.079696,5.163187855787476,1.5436,1.5242,-12.5
Matlab,matlab tutorial,2020-09-01,38,4.002274886304702e-07,527,0.072106,5.163187855787476,1.3965,1.7453,100.0
Objective-C,objective-c tutorial,2020-09-01,0,0.0,527,0.0,5.163187855787476,0.0,0.0,
PHP,php tutorial,2020-09-01,225,2.3697680247856788e-06,527,0.426945,5.163187855787476,8.269,9.8152,36.3636
Perl,perl tutorial,2020-09-01,0,0.0,527,0.0,5.163187855787476,0.0,0.1143,
Powershell,powershell tutorial,2020-09-01,11,1.1585532565618875e-07,527,0.020873,5.163187855787476,0.4043,0.4317,120.0
Python,python tutorial,2020-09-01,722,7.6043222839789344e-06,527,1.370019,5.163187855787476,26.5344,22.6866,32.2344
R,r language tutorial,2020-09-01,0,0.0,527,0.0,5.163187855787476,0.0,0.0,
Ruby,ruby tutorial,2020-09-01,55,5.792766282809437e-07,527,0.104364,5.163187855787476,2.0213,2.5765,-47.619
Rust,rust tutorial,2020-09-01,27,2.8437216297428144e-07,527,0.051233,5.163187855787476,0.9923,1.2439,-6.8966
Scala,scala tutorial,2020-09-01,16,1.6851683731809273e-07,527,0.030361,5.163187855787476,0.588,0.7382,-20.0
Swift,swift tutorial,2020-09-01,145,1.5271838381952157e-06,527,0.275142,5.163187855787476,5.3289,4.3307,61.1111
TypeScript,typescript tutorial,2020-09-01,36,3.791628839657086e-07,527,0.068311,5.163187855787476,1.323,1.2129,24.1379
VBA,vba tutorial,2020-09-01,20,2.106460466476159e-07,527,0.037951,5.163187855787476,0.735,0.7149,-20.0
Visual Basic,visual basic tutorial,2020-09-01,10,1.0532302332380796e-07,527,0.018975,5.163187855787476,0.3675,0.3449,100.0
Zig,zig tutorial,2020-09-01,0,0.0,527,0.0,5.163187855787476,0.0,0.0,
Abap,abap tutorial,2020-10-01,0,0.0,659,0.0,5.119878603945372,0.0,0.0973,
Ada,ada tutorial,2020-10-01,0,0.0,659,0.0,5.119878603945372,0.0,0.0,
C#,c# tutorial,2020-10-01,0,0.0,659,0.0,5.119878603945372,0.0,0.0,
C/C++,c++ tutorial,2020-10-01,676,6.283109401501829e-06,659,1.025797,5.119878603945372,20.0356,23.2981,12.6667
Cobol,cobol tutorial,2020-10-01,0,0.0,659,0.0,5.119878603945372,0.0,0.0,
Dart,dart tutorial,2020-10-01,27,2.509525944386825e-07,659,0.040971,5.119878603945372,0.8002,0.4929,inf
Delphi/Pascal,delphi tutorial,2020-10-01,0,0.0,659,0.0,5.119878603945372,0.0,0.0437,
Go,golang tutorial,2020-10-01,44,4.089597835297048e-07,659,0.066768,5.119878603945372,1.3041,1.403,15.7895
Groovy,groovy tutorial,2020-10-01,12,1.1153448641719224e-07,659,0.018209,5.119878603945372,0.3557,0.1212,inf
Haskell,haskell tutorial,2020-10-01,13,1.2082902695195824e-07,659,0.019727,5.119878603945372,0.3853,0.5764,-35.0
Java,java tutorial,2020-10-01,659,6.125102212410806e-06,659,1.0,5.119878603945372,19.5317,19.9201,25.0474
JavaScript,javascript tutorial,2020-10-01,130,1.2082902695195824e-06,659,0.197269,5.119878603945372,3.853,3.8029,25.0
Julia,julia tutorial,2020-10-01,0,0.0,659,0.0,5.119878603945372,0.0,0.0,
Kotlin,kotlin tutorial,2020-10-01,76,7.063850806422174e-07,659,0.115326,5.119878603945372,2.2525,2.3355,-10.5882
Lua,lua tutorial,2020-10-01,43,3.996652429949388e-07,659,0.06525,5.119878603945372,1.2745,1.5309,2.381
Matlab,matlab tutorial,2020-10-01,44,4.089597835297048e-07,659,0.066768,5.119878603945372,1.3041,1.0372,15.7895
Objective-C,objective-c tutorial,2020-10-01,0,0.0,659,0.0,5.119878603945372,0.0,0.0,
PHP,php tutorial,2020-10-01,446,4.145365078505645e-06,659,0.676783,5.119878603945372,13.2187,10.1178,98.2222
Perl,perl tutorial,2020-10-01,13,1.2082902695195824e-07,659,0.019727,5.119878603945372,0.3853,0.0642,inf
Powershell,powershell tutorial,2020-10-01,9,8.365086481289418e-08,659,0.013657,5.119878603945372,0.2667,0.4228,-18.1818
Python,python tutorial,2020-10-01,842,7.826003130272987e-06,659,1.277693,5.119878603945372,24.9555,23.4219,16.6205
R,r language tutorial,2020-10-01,0,0.0,659,0.0,5.119878603945372,0.0,0.0,
Ruby,ruby tutorial,2020-10-01,105,9.75926756150432e-07,659,0.159332,5.119878603945372,3.112,2.7486,90.9091
Rust,rust tutorial,2020-10-01,23,2.1377443229961842e-07,659,0.034901,5.119878603945372,0.6817,1.1594,-14.8148
Scala,scala tutorial,2020-10-01,27,2.509525944386825e-07,659,0.040971,5.119878603945372,0.8002,0.7573,68.75
Swift,swift tutorial,2020-10-01,149,1.3848865396801368e-06,659,0.2261,5.119878603945372,4.4161,4.5145,2.7586
TypeScript,typescript tutorial,2020-10-01,25,2.3236351336915047e-07,659,0.037936,5.119878603945372,0.741,1.2107,-30.5556
VBA,vba tutorial,2020-10-01,11,1.022399458824262e-07,659,0.016692,5.119878603945372,0.326,0.6893,-45.0
Visual Basic,visual basic tutorial,2020-10-01,0,0.0,659,0.0,5.119878603945372,0.0,0.2345,-100.0
Zig,zig tutorial,2020-10-01,0,0.0,659,0.0,5.119878603945372,0.0,0.0,
Abap,abap tutorial,2020-11-01,0,0.0,589,0.0,5.560271646859083,0.0,0.0361,
Ada,ada tutorial,2020-11-01,0,0.0,589,0.0,5.560271646859083,0.0,0.0,
C#,c# tutorial,2020-11-01,0,0.0,589,0.0,5.560271646859083,0.0,0.0,
C/C++,c++ tutorial,2020-11-01,705,6.150289282847564e-06,589,1.196944,5.560271646859083,21.5267,22.8895,4.2899
Cobol,cobol tutorial,2020-11-01,0,0.0,589,0.0,5.560271646859083,0.0,0.0,
Dart,dart tutorial,2020-11-01,0,0.0,589,0.0,5.560271646859083,0.0,0.3838,-100.0
Delphi/Pascal,delphi tutorial,2020-11-01,0,0.0,589,0.0,5.560271646859083,0.0,0.0,
Go,golang tutorial,2020-11-01,34,2.96609695910379e-07,589,0.057725,5.560271646859083,1.0382,1.3663,-22.7273
Groovy,groovy tutorial,2020-11-01,21,1.8320010629758701e-07,589,0.035654,5.560271646859083,0.6412,0.2281,75.0
Haskell,haskell tutorial,2020-11-01,10,8.723814585599381e-08,589,0.016978,5.560271646859083,0.3053,0.5923,-23.0769
Java,java tutorial,2020-11-01,589,5.138326790918036e-06,589,1.0,5.560271646859083,17.9847,19.3755,-10.6222
JavaScript,javascript tutorial,2020-11-01,121,1.055581564857525e-06,589,0.205433,5.560271646859083,3.6947,3.6849,-6.9231
Julia,julia tutorial,2020-11-01,0,0.0,589,0.0,5.560271646859083,0.0,0.0,
Kotlin,kotlin tutorial,2020-11-01,100,8.723814585599381e-07,589,0.169779,5.560271646859083,3.0534,2.4164,31.5789
Lua,lua tutorial,2020-11-01,50,4.361907292799691e-07,589,0.08489,5.560271646859083,1.5267,1.5844,16.2791
Matlab,matlab tutorial,2020-11-01,33,2.878858813247796e-07,589,0.056027,5.560271646859083,1.0076,1.0435,-25.0
Objective-C,objective-c tutorial,2020-11-01,0,0.0,589,0.0,5.560271646859083,0.0,0.0,
PHP,php tutorial,2020-11-01,419,3.6552783113661408e-06,589,0.711375,5.560271646859083,12.7939,10.6952,-6.0538
Perl,perl tutorial,2020-11-01,16,1.3958103336959012e-07,589,0.027165,5.560271646859083,0.4885,0.1456,23.0769
Powershell,powershell tutorial,2020-11-01,0,0.0,589,0.0,5.560271646859083,0.0,0.3224,-100.0
Python,python tutorial,2020-11-01,882,7.694404464498655e-06,589,1.497453,5.560271646859083,26.9313,24.1543,4.7506
R,r language tutorial,2020-11-01,0,0.0,589,0.0,5.560271646859083,0.0,0.0,
Ruby,ruby tutorial,2020-11-01,98,8.549338293887393e-07,589,0.166384,5.560271646859083,2.9924,2.8498,-6.6667
Rust,rust tutorial,2020-11-01,27,2.355429938111833e-07,589,0.04584,5.560271646859083,0.8244,1.1309,17.3913
Scala,scala tutorial,2020-11-01,19,1.6575247712638825e-07,589,0.032258,5.560271646859083,0.5802,0.7099,-29.6296
Swift,swift tutorial,2020-11-01,112,9.770672335871308e-07,589,0.190153,5.560271646859083,3.4198,4.4293,-24.8322
TypeScript,typescript tutorial,2020-11-01,23,2.0064773546878578e-07,589,0.039049,5.560271646859083,0.7023,1.0614,-8.0
VBA,vba tutorial,2020-11-01,16,1.3958103336959012e-07,589,0.027165,5.560271646859083,0.4885,0.7008,45.4545
Visual Basic,visual basic tutorial,2020-11-01,0,0.0,589,0.0,5.560271646859083,0.0,0.1995,
Zig,zig tutorial,2020-11-01,0,0.0,589,0.0,5.560271646859083,0.0,0.0,
Abap,abap tutorial,2020-12-01,0,0.0,562,0.0,5.667259786476868,0.0,0.0,
Ada,ada tutorial,2020-12-01,0,0.0,562,0.0,5.667259786476868,0.0,0.0,
C#,c# tutorial,2020-12-01,0,0.0,562,0.0,5.667259786476868,0.0,0.0,
C/C++,c++ tutorial,2020-12-01,778,7.039598272414431e-06,562,1.384342,5.667259786476868,24.427,23.0018,10.3546
Cobol,cobol tutorial,2020-12-01,0,0.0,562,0.0,5.667259786476868,0.0,0.0,
Dart,dart tutorial,2020-12-01,0,0.0,562,0.0,5.667259786476868,0.0,0.3063,
Delphi/Pascal,delphi tutorial,2020-12-01,0,0.0,562,0.0,5.667259786476868,0.0,0.0,
Go,golang tutorial,2020-12-01,49,4.433680145865131e-07,562,0.087189,5.667259786476868,1.5385,1.4782,44.1176
Groovy,groovy tutorial,2020-12-01,6,5.428996096977711e-08,562,0.010676,5.667259786476868,0.1884,0.1975,-71.4286
Haskell,haskell tutorial,2020-12-01,10,9.048326828296185e-08,562,0.017794,5.667259786476868,0.314,0.5156,0.0
Java,java tutorial,2020-12-01,562,5.085159677502456e-06,562,1.0,5.667259786476868,17.6452,18.9149,-4.584
JavaScript,javascript tutorial,2020-12-01,81,7.32914473091991e-07,562,0.144128,5.667259786476868,2.5432,3.5461,-33.0579
Julia,julia tutorial,2020-12-01,13,1.1762824876785041e-07,562,0.023132,5.667259786476868,0.4082,0.068,inf
Kotlin,kotlin tutorial,2020-12-01,92,8.32446068203249e-07,562,0.163701,5.667259786476868,2.8885,2.5107,-8.0
Lua,lua tutorial,2020-12-01,51,4.614646682431055e-07,562,0.090747,5.667259786476868,1.6013,1.5726,2.0
Matlab,matlab tutorial,2020-12-01,43,3.89078053616736e-07,562,0.076512,5.667259786476868,1.3501,1.0982,30.303
Objective-C,objective-c tutorial,2020-12-01,0,0.0,562,0.0,5.667259786476868,0.0,0.0,
PHP,php tutorial,2020-12-01,356,3.2212043508734422e-06,562,0.633452,5.667259786476868,11.1774,10.0496,-15.0358
Perl,perl tutorial,2020-12-01,15,1.3572490242444278e-07,562,0.02669,5.667259786476868,0.471,0.2241,-6.25
Powershell,powershell tutorial,2020-12-01,0,0.0,562,0.0,5.667259786476868,0.0,0.214,
Python,python tutorial,2020-12-01,831,7.5191595943141295e-06,562,1.478648,5.667259786476868,26.0911,25.2149,-5.7823
R,r language tutorial,2020-12-01,0,0.0,562,0.0,5.667259786476868,0.0,0.0,
Ruby,ruby tutorial,2020-12-01,57,5.157546292128825e-07,562,0.101423,5.667259786476868,1.7896,2.7868,-41.8367
Rust,rust tutorial,2020-12-01,28,2.533531511922932e-07,562,0.049822,5.667259786476868,0.8791,0.9625,3.7037
Scala,scala tutorial,2020-12-01,20,1.809665365659237e-07,562,0.035587,5.667259786476868,0.6279,0.7216,5.2632
Swift,swift tutorial,2020-12-01,129,1.167234160850208e-06,562,0.229537,5.667259786476868,4.0502,4.5882,15.1786
TypeScript,typescript tutorial,2020-12-01,40,3.619330731318474e-07,562,0.071174,5.667259786476868,1.2559,1.1365,73.913
VBA,vba tutorial,2020-12-01,11,9.953159511125805e-08,562,0.019573,5.667259786476868,0.3454,0.6603,-31.25
Visual Basic,visual basic tutorial,2020-12-01,13,1.1762824876785041e-07,562,0.023132,5.667259786476868,0.4082,0.2314,inf
Zig,zig tutorial,2020-12-01,0,0.0,562,0.0,5.667259786476868,0.0,0.0,
Abap,abap tutorial,2021-01-01,0,0.0,533,0.0,5.816135084427767,0.0,0.0,
Ada,ada tutorial,2021-01-01,0,0.0,533,0.0,5.816135084427767,0.0,0.0,
C#,c# tutorial,2021-01-01,0,0.0,533,0.0,5.816135084427767,0.0,0.0,
C/C++,c++ tutorial,2021-01-01,717,6.869160910484826e-06,533,1.345216,5.816135084427767,23.129,22.9194,-7.8406
Cobol,cobol tutorial,2021-01-01,0,0.0,533,0.0,5.816135084427767,0.0,0.0,
Dart,dart tutorial,2021-01-01,27,2.586713313571692e-07,533,0.050657,5.816135084427767,0.871,0.3783,inf
Delphi/Pascal,delphi tutorial,2021-01-01,0,0.0,533,0.0,5.816135084427767,0.0,0.0,
Go,golang tutorial,2021-01-01,58,5.556643414339191e-07,533,0.108818,5.816135084427767,1.871,1.4908,18.3673
Groovy,groovy tutorial,2021-01-01,11,1.053846164788467e-07,533,0.020638,5.816135084427767,0.3548,0.2567,83.3333
Haskell,haskell tutorial,2021-01-01,15,1.4370629519842733e-07,533,0.028143,5.816135084427767,0.4839,0.4633,50.0
Java,java tutorial,2021-01-01,533,5.106363689384117e-06,533,1.0,5.816135084427767,17.1935,18.3953,-5.1601
JavaScript,javascript tutorial,2021-01-01,106,1.0155244860688864e-06,533,0.198874,5.816135084427767,3.4194,3.5374,30.8642
Julia,julia tutorial,2021-01-01,15,1.4370629519842733e-07,533,0.028143,5.816135084427767,0.4839,0.1487,15.3846
Kotlin,kotlin tutorial,2021-01-01,73,6.993706366323463e-07,533,0.136961,5.816135084427767,2.3548,2.564,-20.6522
Lua,lua tutorial,2021-01-01,71,6.80209797272556e-07,533,0.133208,5.816135084427767,2.2903,1.7149,39.2157
Matlab,matlab tutorial,2021-01-01,24,2.2993007231748374e-07,533,0.045028,5.816135084427767,0.7742,1.1075,-44.186
Objective-C,objective-c tutorial,2021-01-01,0,0.0,533,0.0,5.816135084427767,0.0,0.0,
PHP,php tutorial,2021-01-01,331,3.171118914045296e-06,533,0.621013,5.816135084427767,10.6774,10.5323,-7.0225
Perl,perl tutorial,2021-01-01,8,7.664335743916124e-08,533,0.015009,5.816135084427767,0.2581,0.2671,-46.6667
Powershell,powershell tutorial,2021-01-01,0,0.0,533,0.0,5.816135084427767,0.0,0.1475,
Python,python tutorial,2021-01-01,784,7.511049029037802e-06,533,1.470919,5.816135084427767,25.2903,25.526,-5.6558
R,r language tutorial,2021-01-01,0,0.0,533,0.0,5.816135084427767,0.0,0.0,
Ruby,ruby tutorial,2021-01-01,74,7.089510563122415e-07,533,0.138837,5.816135084427767,2.3871,2.7989,29.8246
Rust,rust tutorial,2021-01-01,62,5.939860201534996e-07,533,0.116323,5.816135084427767,2.0,1.103,121.4286
Scala,scala tutorial,2021-01-01,23,2.203496526375886e-07,533,0.043152,5.816135084427767,0.7419,0.699,15.0
Swift,swift tutorial,2021-01-01,120,1.1496503615874186e-06,533,0.225141,5.816135084427767,3.871,4.1559,-6.9767
TypeScript,typescript tutorial,2021-01-01,35,3.353146887963304e-07,533,0.065666,5.816135084427767,1.129,1.0653,-12.5
VBA,vba tutorial,2021-01-01,13,1.2454545583863704e-07,533,0.02439,5.816135084427767,0.4194,0.5639,18.1818
Visual Basic,visual basic tutorial,2021-01-01,0,0.0,533,0.0,5.816135084427767,0.0,0.1649,-100.0
Zig,zig tutorial,2021-01-01,0,0.0,533,0.0,5.816135084427767,0.0,0.0,
Abap,abap tutorial,2021-02-01,0,0.0,525,0.0,5.933333333333334,0.0,0.0,
Ada,ada tutorial,2021-02-01,0,0.0,525,0.0,5.933333333333334,0.0,0.0,
C#,c# tutorial,2021-02-01,0,0.0,525,0.0,5.933333333333334,0.0,0.0,
C/C++,c++ tutorial,2021-02-01,661,6.612458647680609e-06,525,1.259048,5.933333333333334,21.2199,22.0648,-7.8103
Cobol,cobol tutorial,2021-02-01,0,0.0,525,0.0,5.933333333333334,0.0,0.0,
Dart,dart tutorial,2021-02-01,12,1.2004463505622892e-07,525,0.022857,5.933333333333334,0.3852,0.3427,-55.5556
Delphi/Pascal,delphi tutorial,2021-02-01,0,0.0,525,0.0,5.933333333333334,0.0,0.0,
Go,golang tutorial,2021-02-01,50,5.001859794009539e-07,525,0.095238,5.933333333333334,1.6051,1.4589,-13.7931
Groovy,groovy tutorial,2021-02-01,9,9.00334762921717e-08,525,0.017143,5.933333333333334,0.2889,0.3048,-18.1818
Haskell,haskell tutorial,2021-02-01,16,1.6005951340830524e-07,525,0.030476,5.933333333333334,0.5136,0.4562,6.6667
Java,java tutorial,2021-02-01,525,5.251952783710015e-06,525,1.0,5.933333333333334,16.8539,18.0962,-1.5009
JavaScript,javascript tutorial,2021-02-01,97,9.703608000378505e-07,525,0.184762,5.933333333333334,3.114,3.4077,-8.4906
Julia,julia tutorial,2021-02-01,17,1.7006323299632433e-07,525,0.032381,5.933333333333334,0.5457,0.2396,13.3333
Kotlin,kotlin tutorial,2021-02-01,94,9.403496412737932e-07,525,0.179048,5.933333333333334,3.0177,2.7818,28.7671
Lua,lua tutorial,2021-02-01,39,3.90145063932744e-07,525,0.074286,5.933333333333334,1.252,1.5814,-45.0704
Matlab,matlab tutorial,2021-02-01,59,5.902194556931255e-07,525,0.112381,5.933333333333334,1.8941,1.2878,145.8333
Objective-C,objective-c tutorial,2021-02-01,0,0.0,525,0.0,5.933333333333334,0.0,0.0,
PHP,php tutorial,2021-02-01,353,3.5313130145707346e-06,525,0.672381,5.933333333333334,11.3323,11.2448,6.6465
Perl,perl tutorial,2021-02-01,5,5.0018597940095385e-08,525,0.009524,5.933333333333334,0.1605,0.2939,-37.5
Powershell,powershell tutorial,2021-02-01,9,9.00334762921717e-08,525,0.017143,5.933333333333334,0.2889,0.16,inf
Python,python tutorial,2021-02-01,866,8.66322116322452e-06,525,1.649524,5.933333333333334,27.801,26.2673,10.4592
R,r language tutorial,2021-02-01,0,0.0,525,0.0,5.933333333333334,0.0,0.0,
Ruby,ruby tutorial,2021-02-01,46,4.601711010488775e-07,525,0.087619,5.933333333333334,1.4767,2.2965,-37.8378
Rust,rust tutorial,2021-02-01,60,6.002231752811446e-07,525,0.114286,5.933333333333334,1.9262,1.2173,-3.2258
Scala,scala tutorial,2021-02-01,30,3.001115876405723e-07,525,0.057143,5.933333333333334,0.9631,0.7169,30.4348
Swift,swift tutorial,2021-02-01,105,1.0503905567420032e-06,525,0.2,5.933333333333334,3.3708,4.0761,-12.5
TypeScript,typescript tutorial,2021-02-01,48,4.801785402249157e-07,525,0.091429,5.933333333333334,1.5409,1.1154,37.1429
VBA,vba tutorial,2021-02-01,7,7.002603711613356e-08,525,0.013333,5.933333333333334,0.2247,0.4232,-46.1538
Visual Basic,visual basic tutorial,2021-02-01,7,7.002603711613356e-08,525,0.013333,5.933333333333334,0.2247,0.1667,inf
Zig,zig tutorial,2021-02-01,0,0.0,525,0.0,5.933333333333334,0.0,0.0,
Abap,abap tutorial,2021-03-01,0,0.0,647,0.0,5.1190108191653785,0.0,0.0,
Ada,ada tutorial,2021-03-01,0,0.0,647,0.0,5.1190108191653785,0.0,0.0,
C#,c# tutorial,2021-03-01,0,0.0,647,0.0,5.1190108191653785,0.0,0.0,
C/C++,c++ tutorial,2021-03-01,733,6.733134803549853e-06,647,1.132921,5.1190108191653785,22.1316,22.0783,10.8926
Cobol,cobol tutorial,2021-03-01,0,0.0,647,0.0,5.1190108191653785,0.0,0.0,
Dart,dart tutorial,2021-03-01,23,2.1127162412230097e-07,647,0.035549,5.1190108191653785,0.6944,0.4585,91.6667
Delphi/Pascal,delphi tutorial,2021-03-01,0,0.0,647,0.0,5.1190108191653785,0.0,0.0,
Go,golang tutorial,2021-03-01,82,7.532292686099425e-07,647,0.126739,5.1190108191653785,2.4758,1.6388,64.0
Groovy,groovy tutorial,2021-03-01,21,1.929001785464487e-07,647,0.032457,5.1190108191653785,0.6341,0.4105,133.3333
Haskell,haskell tutorial,2021-03-01,14,1.286001190309658e-07,647,0.021638,5.1190108191653785,0.4227,0.4041,-12.5
Java,java tutorial,2021-03-01,647,5.943162643788205e-06,647,1.0,5.1190108191653785,19.535,18.124,23.2381
JavaScript,javascript tutorial,2021-03-01,128,1.1757725168545443e-06,647,0.197836,5.1190108191653785,3.8647,3.4148,31.9588
Julia,julia tutorial,2021-03-01,18,1.6534301018267034e-07,647,0.027821,5.1190108191653785,0.5435,0.3302,5.8824
Kotlin,kotlin tutorial,2021-03-01,102,9.369437243684652e-07,647,0.157651,5.1190108191653785,3.0797,2.7744,8.5106
Lua,lua tutorial,2021-03-01,66,6.062577040031245e-07,647,0.102009,5.1190108191653785,1.9928,1.6563,69.2308
Matlab,matlab tutorial,2021-03-01,21,1.929001785464487e-07,647,0.032457,5.1190108191653785,0.6341,1.1607,-64.4068
Objective-C,objective-c tutorial,2021-03-01,5,4.592861393963064e-08,647,0.007728,5.1190108191653785,0.151,0.0252,inf
PHP,php tutorial,2021-03-01,291,2.6730453312865033e-06,647,0.449768,5.1190108191653785,8.7862,11.331,-17.5637
Perl,perl tutorial,2021-03-01,0,0.0,647,0.0,5.1190108191653785,0.0,0.2939,-100.0
Powershell,powershell tutorial,2021-03-01,9,8.267150509133517e-08,647,0.01391,5.1190108191653785,0.2717,0.1379,0.0
Python,python tutorial,2021-03-01,849,7.798678646949283e-06,647,1.31221,5.1190108191653785,25.6341,26.1172,-1.963
R,r language tutorial,2021-03-01,0,0.0,647,0.0,5.1190108191653785,0.0,0.0,
Ruby,ruby tutorial,2021-03-01,53,4.868433077600848e-07,647,0.081917,5.1190108191653785,1.6002,2.2264,15.2174
Rust,rust tutorial,2021-03-01,41,3.766146343049713e-07,647,0.063369,5.1190108191653785,1.2379,1.2582,-31.6667
Scala,scala tutorial,2021-03-01,18,1.6534301018267034e-07,647,0.027821,5.1190108191653785,0.5435,0.7095,-40.0
Swift,swift tutorial,2021-03-01,125,1.148215348490766e-06,647,0.193199,5.1190108191653785,3.7742,3.817,19.0476
TypeScript,typescript tutorial,2021-03-01,31,2.8475740642571e-07,647,0.047913,5.1190108191653785,0.936,1.0508,-35.4167
VBA,vba tutorial,2021-03-01,18,1.6534301018267034e-07,647,0.027821,5.1190108191653785,0.5435,0.3912,157.1429
Visual Basic,visual basic tutorial,2021-03-01,17,1.561572873947442e-07,647,0.026275,5.1190108191653785,0.5133,0.191,142.8571
Zig,zig tutorial,2021-03-01,0,0.0,647,0.0,5.1190108191653785,0.0,0.0,
Abap,abap tutorial,2021-04-01,0,0.0,609,0.0,5.706075533661741,0.0,0.0,
Ada,ada tutorial,2021-04-01,0,0.0,609,0.0,5.706075533661741,0.0,0.0,
C#,c# tutorial,2021-04-01,0,0.0,609,0.0,5.706075533661741,0.0,0.0,
C/C++,c++ tutorial,2021-04-01,920,8.534777965970043e-06,609,1.510673,5.706075533661741,26.4748,23.1515,25.5116
Cobol,cobol tutorial,2021-04-01,0,0.0,609,0.0,5.706075533661741,0.0,0.0,
Dart,dart tutorial,2021-04-01,24,2.226463817209577e-07,609,0.039409,5.706075533661741,0.6906,0.4402,4.3478
Delphi/Pascal,delphi tutorial,2021-04-01,0,0.0,609,0.0,5.706075533661741,0.0,0.0,
Go,golang tutorial,2021-04-01,81,7.514315383082322e-07,609,0.133005,5.706075533661741,2.3309,1.8099,-1.2195
Groovy,groovy tutorial,2021-04-01,18,1.6698478629071825e-07,609,0.029557,5.706075533661741,0.518,0.4376,-14.2857
Haskell,haskell tutorial,2021-04-01,10,9.27693257170657e-08,609,0.01642,5.706075533661741,0.2878,0.3879,-28.5714
Java,java tutorial,2021-04-01,609,5.649651936169301e-06,609,1.0,5.706075533661741,17.5252,17.7896,-5.8733
JavaScript,javascript tutorial,2021-04-01,106,9.833548526008965e-07,609,0.174056,5.706075533661741,3.0504,3.281,-17.1875
Julia,julia tutorial,2021-04-01,23,2.1336944914925115e-07,609,0.037767,5.706075533661741,0.6619,0.4405,27.7778
Kotlin,kotlin tutorial,2021-04-01,141,1.3080474926106264e-06,609,0.231527,5.706075533661741,4.0576,3.0753,38.2353
Lua,lua tutorial,2021-04-01,105,9.7407792002919e-07,609,0.172414,5.706075533661741,3.0216,1.9474,59.0909
Matlab,matlab tutorial,2021-04-01,48,4.452927634419154e-07,609,0.078818,5.706075533661741,1.3813,1.1736,128.5714
Objective-C,objective-c tutorial,2021-04-01,0,0.0,609,0.0,5.706075533661741,0.0,0.0252,-100.0
PHP,php tutorial,2021-04-01,293,2.718141243510025e-06,609,0.481117,5.706075533661741,8.4317,10.5331,0.6873
Perl,perl tutorial,2021-04-01,0,0.0,609,0.0,5.706075533661741,0.0,0.2297,
Powershell,powershell tutorial,2021-04-01,13,1.206001234321854e-07,609,0.021346,5.706075533661741,0.3741,0.1558,44.4444
Python,python tutorial,2021-04-01,765,7.096853417355526e-06,609,1.256158,5.706075533661741,22.0144,25.627,-9.894
R,r language tutorial,2021-04-01,0,0.0,609,0.0,5.706075533661741,0.0,0.0,
Ruby,ruby tutorial,2021-04-01,49,4.545696960136219e-07,609,0.08046,5.706075533661741,1.4101,1.9427,-7.5472
Rust,rust tutorial,2021-04-01,38,3.525234377248497e-07,609,0.062397,5.706075533661741,1.0935,1.3269,-7.3171
Scala,scala tutorial,2021-04-01,18,1.6698478629071825e-07,609,0.029557,5.706075533661741,0.518,0.6624,0.0
Swift,swift tutorial,2021-04-01,148,1.3729860206125725e-06,609,0.243021,5.706075533661741,4.259,3.7908,18.4
TypeScript,typescript tutorial,2021-04-01,37,3.432465051531431e-07,609,0.060755,5.706075533661741,1.0647,1.1048,19.3548
VBA,vba tutorial,2021-04-01,19,1.7626171886242486e-07,609,0.031199,5.706075533661741,0.5468,0.428,5.5556
Visual Basic,visual basic tutorial,2021-04-01,10,9.27693257170657e-08,609,0.01642,5.706075533661741,0.2878,0.239,-41.1765
Zig,zig tutorial,2021-04-01,0,0.0,609,0.0,5.706075533661741,0.0,0.0,
Abap,abap tutorial,2021-05-01,0,0.0,484,0.0,5.8615702479338845,0.0,0.0,
Ada,ada tutorial,2021-05-01,0,0.0,484,0.0,5.8615702479338845,0.0,0.0,
C#,c# tutorial,2021-05-01,0,0.0,484,0.0,5.8615702479338845,0.0,0.0,
C/C++,c++ tutorial,2021-05-01,662,6.416321205011052e-06,484,1.367769,5.8615702479338845,23.3345,23.4528,-28.0435
Cobol,cobol tutorial,2021-05-01,0,0.0,484,0.0,5.8615702479338845,0.0,0.0,
Dart,dart tutorial,2021-05-01,18,1.744619058764334e-07,484,0.03719,5.8615702479338845,0.6345,0.546,-25.0
Delphi/Pascal,delphi tutorial,2021-05-01,0,0.0,484,0.0,5.8615702479338845,0.0,0.0,
Go,golang tutorial,2021-05-01,58,5.621550300462854e-07,484,0.119835,5.8615702479338845,2.0444,1.9776,-28.3951
Groovy,groovy tutorial,2021-05-01,7,6.784629672972411e-08,484,0.014463,5.8615702479338845,0.2467,0.3718,-61.1111
Haskell,haskell tutorial,2021-05-01,18,1.744619058764334e-07,484,0.03719,5.8615702479338845,0.6345,0.4427,80.0
Java,java tutorial,2021-05-01,484,4.69108680245521e-06,484,1.0,5.8615702479338845,17.0603,17.6355,-20.5255
JavaScript,javascript tutorial,2021-05-01,106,1.0273867790501078e-06,484,0.219008,5.8615702479338845,3.7363,3.288,0.0
Julia,julia tutorial,2021-05-01,16,1.550772496679408e-07,484,0.033058,5.8615702479338845,0.564,0.5345,-30.4348
Kotlin,kotlin tutorial,2021-05-01,87,8.432325450694281e-07,484,0.179752,5.8615702479338845,3.0666,3.0775,-38.2979
Lua,lua tutorial,2021-05-01,52,5.040010614208077e-07,484,0.107438,5.8615702479338845,1.8329,1.9985,-50.4762
Matlab,matlab tutorial,2021-05-01,42,4.070777803783447e-07,484,0.086777,5.8615702479338845,1.4804,1.2524,-12.5
Objective-C,objective-c tutorial,2021-05-01,12,1.1630793725095561e-07,484,0.024793,5.8615702479338845,0.423,0.0957,inf
PHP,php tutorial,2021-05-01,260,2.5200053071040384e-06,484,0.53719,5.8615702479338845,9.1646,9.9283,-11.2628
Perl,perl tutorial,2021-05-01,0,0.0,484,0.0,5.8615702479338845,0.0,0.1483,
Powershell,powershell tutorial,2021-05-01,10,9.692328104246303e-08,484,0.020661,5.8615702479338845,0.3525,0.2145,-23.0769
Python,python tutorial,2021-05-01,705,6.8330913134936415e-06,484,1.456612,5.8615702479338845,24.8502,25.2802,-7.8431
R,r language tutorial,2021-05-01,0,0.0,484,0.0,5.8615702479338845,0.0,0.0,
Ruby,ruby tutorial,2021-05-01,44,4.264624365868372e-07,484,0.090909,5.8615702479338845,1.5509,1.7025,-10.2041
Rust,rust tutorial,2021-05-01,55,5.330780457335465e-07,484,0.113636,5.8615702479338845,1.9387,1.5126,44.7368
Scala,scala tutorial,2021-05-01,36,3.489238117528668e-07,484,0.07438,5.8615702479338845,1.2689,0.7772,100.0
Swift,swift tutorial,2021-05-01,111,1.0758484195713395e-06,484,0.229339,5.8615702479338845,3.9126,3.873,-25.0
TypeScript,typescript tutorial,2021-05-01,36,3.489238117528668e-07,484,0.07438,5.8615702479338845,1.2689,1.1993,-2.7027
VBA,vba tutorial,2021-05-01,7,6.784629672972411e-08,484,0.014463,5.8615702479338845,0.2467,0.3877,-63.1579
Visual Basic,visual basic tutorial,2021-05-01,11,1.066156091467093e-07,484,0.022727,5.8615702479338845,0.3877,0.3036,10.0
Zig,zig tutorial,2021-05-01,0,0.0,484,0.0,5.8615702479338845,0.0,0.0,
Abap,abap tutorial,2021-06-01,0,0.0,470,0.0,5.608510638297872,0.0,0.0,
Ada,ada tutorial,2021-06-01,0,0.0,470,0.0,5.608510638297872,0.0,0.0,
C#,c# tutorial,2021-06-01,0,0.0,470,0.0,5.608510638297872,0.0,0.0,
C/C++,c++ tutorial,2021-06-01,652,6.5718589775347195e-06,470,1.387234,5.608510638297872,24.7344,23.5041,-1.5106
Cobol,cobol tutorial,2021-06-01,0,0.0,470,0.0,5.608510638297872,0.0,0.0,
Dart,dart tutorial,2021-06-01,21,2.11670304491149e-07,470,0.044681,5.608510638297872,0.7967,0.6787,16.6667
Delphi/Pascal,delphi tutorial,2021-06-01,0,0.0,470,0.0,5.608510638297872,0.0,0.0,
Go,golang tutorial,2021-06-01,47,4.7373830052780966e-07,470,0.1,5.608510638297872,1.783,2.0184,-18.9655
Groovy,groovy tutorial,2021-06-01,23,2.318293811093536e-07,470,0.048936,5.608510638297872,0.8725,0.4858,228.5714
Haskell,haskell tutorial,2021-06-01,5,5.039769154551167e-08,470,0.010638,5.608510638297872,0.1897,0.422,-72.2222
Java,java tutorial,2021-06-01,470,4.737383005278096e-06,470,1.0,5.608510638297872,17.83,17.6663,-2.8926
JavaScript,javascript tutorial,2021-06-01,112,1.1289082906194611e-06,470,0.238298,5.608510638297872,4.2489,3.5723,5.6604
Julia,julia tutorial,2021-06-01,9,9.0715844781921e-08,470,0.019149,5.608510638297872,0.3414,0.5234,-43.75
Kotlin,kotlin tutorial,2021-06-01,75,7.559653731826748e-07,470,0.159574,5.608510638297872,2.8452,3.0703,-13.7931
Lua,lua tutorial,2021-06-01,54,5.44295068691526e-07,470,0.114894,5.608510638297872,2.0486,2.073,3.8462
Matlab,matlab tutorial,2021-06-01,29,2.923066109639677e-07,470,0.061702,5.608510638297872,1.1002,1.2107,-30.9524
Objective-C,objective-c tutorial,2021-06-01,0,0.0,470,0.0,5.608510638297872,0.0,0.0957,-100.0
PHP,php tutorial,2021-06-01,231,2.3283733494026386e-06,470,0.491489,5.608510638297872,8.7633,9.5259,-11.1538
Perl,perl tutorial,2021-06-01,0,0.0,470,0.0,5.608510638297872,0.0,0.0698,
Powershell,powershell tutorial,2021-06-01,6,6.0477229854614e-08,470,0.012766,5.608510638297872,0.2276,0.2525,-40.0
Python,python tutorial,2021-06-01,647,6.5214612859892085e-06,470,1.376596,5.608510638297872,24.5448,25.0224,-8.227
R,r language tutorial,2021-06-01,0,0.0,470,0.0,5.608510638297872,0.0,0.0,
Ruby,ruby tutorial,2021-06-01,45,4.535792239096049e-07,470,0.095745,5.608510638297872,1.7071,1.6887,2.2727
Rust,rust tutorial,2021-06-01,48,4.838178388369119e-07,470,0.102128,5.608510638297872,1.8209,1.6695,-12.7273
Scala,scala tutorial,2021-06-01,20,2.0159076618204667e-07,470,0.042553,5.608510638297872,0.7587,0.799,-44.4444
Swift,swift tutorial,2021-06-01,85,8.567607562736982e-07,470,0.180851,5.608510638297872,3.2246,3.7353,-23.4234
TypeScript,typescript tutorial,2021-06-01,48,4.838178388369119e-07,470,0.102128,5.608510638297872,1.8209,1.2934,33.3333
VBA,vba tutorial,2021-06-01,9,9.0715844781921e-08,470,0.019149,5.608510638297872,0.3414,0.3871,28.5714
Visual Basic,visual basic tutorial,2021-06-01,0,0.0,470,0.0,5.608510638297872,0.0,0.2356,-100.0
Zig,zig tutorial,2021-06-01,0,0.0,470,0.0,5.608510638297872,0.0,0.0,
Abap,abap tutorial,2021-07-01,0,0.0,467,0.0,5.897216274089936,0.0,0.0,
Ada,ada tutorial,2021-07-01,0,0.0,467,0.0,5.897216274089936,0.0,0.0,
C#,c# tutorial,2021-07-01,0,0.0,467,0.0,5.897216274089936,0.0,0.0,
C/C++,c++ tutorial,2021-07-01,621,6.40134871836563e-06,467,1.329764,5.897216274089936,22.549,23.4074,-4.7546
Cobol,cobol tutorial,2021-07-01,0,0.0,467,0.0,5.897216274089936,0.0,0.0,
Dart,dart tutorial,2021-07-01,10,1.0308129981265105e-07,467,0.021413,5.897216274089936,0.3631,0.5941,-52.381
Delphi/Pascal,delphi tutorial,2021-07-01,0,0.0,467,0.0,5.897216274089936,0.0,0.0,
Go,golang tutorial,2021-07-01,76,7.83417878576148e-07,467,0.162741,5.897216274089936,2.7596,2.1665,61.7021
Groovy,groovy tutorial,2021-07-01,9,9.277316983138594e-08,467,0.019272,5.897216274089936,0.3268,0.4812,-60.8696
Haskell,haskell tutorial,2021-07-01,14,1.443138197377115e-07,467,0.029979,5.897216274089936,0.5084,0.4261,180.0
Java,java tutorial,2021-07-01,467,4.813896701250804e-06,467,1.0,5.897216274089936,16.9572,17.6269,-0.6383
JavaScript,javascript tutorial,2021-07-01,301,3.1027471243607964e-06,467,0.64454,5.897216274089936,10.9296,4.824,168.75
Julia,julia tutorial,2021-07-01,14,1.443138197377115e-07,467,0.029979,5.897216274089936,0.5084,0.5275,55.5556
Kotlin,kotlin tutorial,2021-07-01,81,8.349585284824735e-07,467,0.173448,5.897216274089936,2.9412,3.168,8.0
Lua,lua tutorial,2021-07-01,29,2.989357694566881e-07,467,0.062099,5.897216274089936,1.053,1.8668,-46.2963
Matlab,matlab tutorial,2021-07-01,23,2.370869895690974e-07,467,0.049251,5.897216274089936,0.8351,1.2209,-20.6897
Objective-C,objective-c tutorial,2021-07-01,0,0.0,467,0.0,5.897216274089936,0.0,0.0957,
PHP,php tutorial,2021-07-01,174,1.7936146167401282e-06,467,0.372591,5.897216274089936,6.3181,8.7994,-24.6753
Perl,perl tutorial,2021-07-01,0,0.0,467,0.0,5.897216274089936,0.0,0.0268,
Powershell,powershell tutorial,2021-07-01,16,1.6493007970024166e-07,467,0.034261,5.897216274089936,0.581,0.3493,166.6667
Python,python tutorial,2021-07-01,660,6.803365787634969e-06,467,1.413276,5.897216274089936,23.9651,24.8016,2.0093
R,r language tutorial,2021-07-01,0,0.0,467,0.0,5.897216274089936,0.0,0.0,
Ruby,ruby tutorial,2021-07-01,52,5.360227590257854e-07,467,0.111349,5.897216274089936,1.8882,1.6055,15.5556
Rust,rust tutorial,2021-07-01,58,5.978715389133761e-07,467,0.124197,5.897216274089936,2.106,1.6872,20.8333
Scala,scala tutorial,2021-07-01,15,1.5462194971897657e-07,467,0.03212,5.897216274089936,0.5447,0.7661,-25.0
Swift,swift tutorial,2021-07-01,112,1.1545105579016918e-06,467,0.239829,5.897216274089936,4.0668,3.768,31.7647
TypeScript,typescript tutorial,2021-07-01,22,2.267788595878323e-07,467,0.047109,5.897216274089936,0.7988,1.2384,-54.1667
VBA,vba tutorial,2021-07-01,0,0.0,467,0.0,5.897216274089936,0.0,0.3172,-100.0
Visual Basic,visual basic tutorial,2021-07-01,0,0.0,467,0.0,5.897216274089936,0.0,0.2356,
Zig,zig tutorial,2021-07-01,0,0.0,467,0.0,5.897216274089936,0.0,0.0,
Abap,abap tutorial,2021-08-01,0,0.0,510,0.0,5.801960784313725,0.0,0.0,
Ada,ada tutorial,2021-08-01,0,0.0,510,0.0,5.801960784313725,0.0,0.0,
C#,c# tutorial,2021-08-01,0,0.0,510,0.0,5.801960784313725,0.0,0.0,
C/C++,c++ tutorial,2021-08-01,608,6.0644877172161894e-06,510,1.192157,5.801960784313725,20.5475,23.2953,-2.0934
Cobol,cobol tutorial,2021-08-01,0,0.0,510,0.0,5.801960784313725,0.0,0.0,
Dart,dart tutorial,2021-08-01,24,2.393876730480075e-07,510,0.047059,5.801960784313725,0.8111,0.6651,140.0
Delphi/Pascal,delphi tutorial,2021-08-01,0,0.0,510,0.0,5.801960784313725,0.0,0.0,
Go,golang tutorial,2021-08-01,63,6.283926417510196e-07,510,0.123529,5.801960784313725,2.1291,2.2538,-17.1053
Groovy,groovy tutorial,2021-08-01,8,7.97958910160025e-08,510,0.015686,5.801960784313725,0.2704,0.4781,-11.1111
Haskell,haskell tutorial,2021-08-01,14,1.396428092780044e-07,510,0.027451,5.801960784313725,0.4731,0.4194,0.0
Java,java tutorial,2021-08-01,510,5.0869880522701595e-06,510,1.0,5.801960784313725,17.2356,17.6905,9.2077
JavaScript,javascript tutorial,2021-08-01,371,3.700534445867117e-06,510,0.727451,5.801960784313725,12.538,6.3946,23.2558
Julia,julia tutorial,2021-08-01,19,1.8951524116300595e-07,510,0.037255,5.801960784313725,0.6421,0.5435,35.7143
Kotlin,kotlin tutorial,2021-08-01,109,1.087219015093034e-06,510,0.213725,5.801960784313725,3.6837,3.279,34.5679
Lua,lua tutorial,2021-08-01,73,7.281375055210228e-07,510,0.143137,5.801960784313725,2.467,2.0693,151.7241
Matlab,matlab tutorial,2021-08-01,29,2.892601049330091e-07,510,0.056863,5.801960784313725,0.9801,1.0685,26.087
Objective-C,objective-c tutorial,2021-08-01,0,0.0,510,0.0,5.801960784313725,0.0,0.0957,
PHP,php tutorial,2021-08-01,157,1.5659943611890492e-06,510,0.307843,5.801960784313725,5.3058,7.795,-9.7701
Perl,perl tutorial,2021-08-01,0,0.0,510,0.0,5.801960784313725,0.0,0.0,
Powershell,powershell tutorial,2021-08-01,6,5.984691826200189e-08,510,0.011765,5.801960784313725,0.2028,0.3349,-62.5
Python,python tutorial,2021-08-01,634,6.323824363018198e-06,510,1.243137,5.801960784313725,21.4262,23.7391,-3.9394
R,r language tutorial,2021-08-01,0,0.0,510,0.0,5.801960784313725,0.0,0.0,
Ruby,ruby tutorial,2021-08-01,60,5.984691826200188e-07,510,0.117647,5.801960784313725,2.0277,1.6974,15.3846
Rust,rust tutorial,2021-08-01,85,8.478313420450266e-07,510,0.166667,5.801960784313725,2.8726,1.8449,46.5517
Scala,scala tutorial,2021-08-01,11,1.0971935014700345e-07,510,0.021569,5.801960784313725,0.3717,0.6676,-26.6667
Swift,swift tutorial,2021-08-01,133,1.3266066881410416e-06,510,0.260784,5.801960784313725,4.4948,3.9553,18.75
TypeScript,typescript tutorial,2021-08-01,26,2.593366458020081e-07,510,0.05098,5.801960784313725,0.8787,1.128,18.1818
VBA,vba tutorial,2021-08-01,19,1.8951524116300595e-07,510,0.037255,5.801960784313725,0.6421,0.3868,inf
Visual Basic,visual basic tutorial,2021-08-01,0,0.0,510,0.0,5.801960784313725,0.0,0.1981,
Zig,zig tutorial,2021-08-01,0,0.0,510,0.0,5.801960784313725,0.0,0.0,
Abap,abap tutorial,2021-09-01,0,0.0,683,0.0,6.641288433382138,0.0,0.0,
Ada,ada tutorial,2021-09-01,0,0.0,683,0.0,6.641288433382138,0.0,0.0,
C#,c# tutorial,2021-09-01,0,0.0,683,0.0,6.641288433382138,0.0,0.0,
C/C++,c++ tutorial,2021-09-01,1199,1.1192826497893717e-05,683,1.75549,6.641288433382138,26.433,24.0122,97.2039
Cobol,cobol tutorial,2021-09-01,0,0.0,683,0.0,6.641288433382138,0.0,0.0,
Dart,dart tutorial,2021-09-01,62,5.787783510170229e-07,683,0.090776,6.641288433382138,1.3668,0.7771,158.3333
Delphi/Pascal,delphi tutorial,2021-09-01,0,0.0,683,0.0,6.641288433382138,0.0,0.0,
Go,golang tutorial,2021-09-01,101,9.42848604076118e-07,683,0.147877,6.641288433382138,2.2266,2.2123,60.3175
Groovy,groovy tutorial,2021-09-01,19,1.7736755918263605e-07,683,0.027818,6.641288433382138,0.4189,0.4422,137.5
Haskell,haskell tutorial,2021-09-01,11,1.0268648163205245e-07,683,0.016105,6.641288433382138,0.2425,0.3893,-21.4286
Java,java tutorial,2021-09-01,683,6.375896995881075e-06,683,1.0,6.641288433382138,15.0573,16.9443,33.9216
JavaScript,javascript tutorial,2021-09-01,206,1.9230377469275277e-06,683,0.301611,6.641288433382138,4.5414,6.5074,-44.4744
Julia,julia tutorial,2021-09-01,9,8.401621224440657e-08,683,0.013177,6.641288433382138,0.1984,0.486,-52.6316
Kotlin,kotlin tutorial,2021-09-01,129,1.2042323755031603e-06,683,0.188873,6.641288433382138,2.8439,3.2397,18.3486
Lua,lua tutorial,2021-09-01,69,6.441242938737836e-07,683,0.101025,6.641288433382138,1.5212,1.9907,-5.4795
Matlab,matlab tutorial,2021-09-01,160,1.493621551011672e-06,683,0.234261,6.641288433382138,3.5273,1.5507,451.7241
Objective-C,objective-c tutorial,2021-09-01,0,0.0,683,0.0,6.641288433382138,0.0,0.0705,
PHP,php tutorial,2021-09-01,466,4.350172767321495e-06,683,0.682284,6.641288433382138,10.2734,8.0428,196.8153
Perl,perl tutorial,2021-09-01,33,3.080594448961573e-07,683,0.048316,6.641288433382138,0.7275,0.1213,inf
Powershell,powershell tutorial,2021-09-01,14,1.3069188571352128e-07,683,0.020498,6.641288433382138,0.3086,0.3411,133.3333
Python,python tutorial,2021-09-01,957,8.933723901988564e-06,683,1.401171,6.641288433382138,21.0979,22.9831,50.9464
R,r language tutorial,2021-09-01,0,0.0,683,0.0,6.641288433382138,0.0,0.0,
Ruby,ruby tutorial,2021-09-01,95,8.868377959131802e-07,683,0.139092,6.641288433382138,2.0944,1.7797,58.3333
Rust,rust tutorial,2021-09-01,58,5.414378122417311e-07,683,0.084919,6.641288433382138,1.2787,1.8517,-31.7647
Scala,scala tutorial,2021-09-01,24,2.240432326517508e-07,683,0.035139,6.641288433382138,0.5291,0.6652,118.1818
Swift,swift tutorial,2021-09-01,181,1.689659379581954e-06,683,0.265007,6.641288433382138,3.9903,3.9913,36.0902
TypeScript,typescript tutorial,2021-09-01,38,3.547351183652721e-07,683,0.055637,6.641288433382138,0.8377,1.1116,46.1538
VBA,vba tutorial,2021-09-01,22,2.053729632641049e-07,683,0.032211,6.641288433382138,0.485,0.377,15.7895
Visual Basic,visual basic tutorial,2021-09-01,0,0.0,683,0.0,6.641288433382138,0.0,0.1126,
Zig,zig tutorial,2021-09-01,0,0.0,683,0.0,6.641288433382138,0.0,0.0,
Abap,abap tutorial,2021-10-01,20,1.7586303012853497e-07,662,0.030211,5.805135951661631,0.5204,0.0867,inf
Ada,ada tutorial,2021-10-01,0,0.0,662,0.0,5.805135951661631,0.0,0.0,
C#,c# tutorial,2021-10-01,0,0.0,662,0.0,5.805135951661631,0.0,0.0,
C/C++,c++ tutorial,2021-10-01,949,8.344700779598984e-06,662,1.433535,5.805135951661631,24.6942,23.7154,-20.8507
Cobol,cobol tutorial,2021-10-01,0,0.0,662,0.0,5.805135951661631,0.0,0.0,
Dart,dart tutorial,2021-10-01,33,2.9017399971208266e-07,662,0.049849,5.805135951661631,0.8587,0.8051,-46.7742
Delphi/Pascal,delphi tutorial,2021-10-01,0,0.0,662,0.0,5.805135951661631,0.0,0.0,
Go,golang tutorial,2021-10-01,88,7.737973325655539e-07,662,0.132931,5.805135951661631,2.2899,2.2054,-12.8713
Groovy,groovy tutorial,2021-10-01,15,1.318972725964012e-07,662,0.022659,5.805135951661631,0.3903,0.4209,-21.0526
Haskell,haskell tutorial,2021-10-01,16,1.4069042410282797e-07,662,0.024169,5.805135951661631,0.4163,0.4107,45.4545
Java,java tutorial,2021-10-01,662,5.821066297254506e-06,662,1.0,5.805135951661631,17.2261,16.8944,-3.0747
JavaScript,javascript tutorial,2021-10-01,132,1.1606959988483309e-06,662,0.199396,5.805135951661631,3.4348,6.5715,-35.9223
Julia,julia tutorial,2021-10-01,19,1.670698786221082e-07,662,0.028701,5.805135951661631,0.4944,0.4581,111.1111
Kotlin,kotlin tutorial,2021-10-01,105,9.232809081748084e-07,662,0.15861,5.805135951661631,2.7322,3.0188,-18.6047
Lua,lua tutorial,2021-10-01,56,4.924164843598979e-07,662,0.084592,5.805135951661631,1.4572,1.73,-18.8406
Matlab,matlab tutorial,2021-10-01,49,4.308644238149107e-07,662,0.074018,5.805135951661631,1.275,1.533,-69.375
Objective-C,objective-c tutorial,2021-10-01,0,0.0,662,0.0,5.805135951661631,0.0,0.0705,
PHP,php tutorial,2021-10-01,314,2.7610495730179987e-06,662,0.47432,5.805135951661631,8.1707,7.9993,-32.618
Perl,perl tutorial,2021-10-01,23,2.022424846478152e-07,662,0.034743,5.805135951661631,0.5985,0.221,-30.303
Powershell,powershell tutorial,2021-10-01,9,7.913836355784074e-08,662,0.013595,5.805135951661631,0.2342,0.3178,-35.7143
Python,python tutorial,2021-10-01,982,8.634874779311067e-06,662,1.483384,5.805135951661631,25.553,23.5728,2.6123
R,r language tutorial,2021-10-01,0,0.0,662,0.0,5.805135951661631,0.0,0.0,
Ruby,ruby tutorial,2021-10-01,67,5.891411509305921e-07,662,0.101208,5.805135951661631,1.7434,1.8353,-29.4737
Rust,rust tutorial,2021-10-01,54,4.748301813470444e-07,662,0.081571,5.805135951661631,1.4052,1.9037,-6.8966
Scala,scala tutorial,2021-10-01,32,2.81380848205656e-07,662,0.048338,5.805135951661631,0.8327,0.7176,33.3333
Swift,swift tutorial,2021-10-01,163,1.43328369554756e-06,662,0.246224,5.805135951661631,4.2415,3.9884,-9.9448
TypeScript,typescript tutorial,2021-10-01,45,3.956918177892036e-07,662,0.067976,5.805135951661631,1.171,1.1294,18.4211
VBA,vba tutorial,2021-10-01,10,8.793151506426748e-08,662,0.015106,5.805135951661631,0.2602,0.3292,-54.5455
Visual Basic,visual basic tutorial,2021-10-01,0,0.0,662,0.0,5.805135951661631,0.0,0.0646,
Zig,zig tutorial,2021-10-01,0,0.0,662,0.0,5.805135951661631,0.0,0.0,
Abap,abap tutorial,2021-11-01,12,1.0354602912463718e-07,666,0.018018,5.9324324324324325,0.3037,0.1374,-40.0
Ada,ada tutorial,2021-11-01,0,0.0,666,0.0,5.9324324324324325,0.0,0.0,
C#,c# tutorial,2021-11-01,0,0.0,666,0.0,5.9324324324324325,0.0,0.0,
C/C++,c++ tutorial,2021-11-01,931,8.033446092919768e-06,666,1.397898,5.9324324324324325,23.5637,23.7536,-1.8967
Cobol,cobol tutorial,2021-11-01,0,0.0,666,0.0,5.9324324324324325,0.0,0.0,
Dart,dart tutorial,2021-11-01,29,2.5023623705120653e-07,666,0.043544,5.9324324324324325,0.734,0.8217,-12.1212
Delphi/Pascal,delphi tutorial,2021-11-01,0,0.0,666,0.0,5.9324324324324325,0.0,0.0,
Go,golang tutorial,2021-11-01,85,7.334510396328467e-07,666,0.127628,5.9324324324324325,2.1514,2.2233,-3.4091
Groovy,groovy tutorial,2021-11-01,14,1.2080370064541004e-07,666,0.021021,5.9324324324324325,0.3543,0.4389,-6.6667
Haskell,haskell tutorial,2021-11-01,22,1.898343867285015e-07,666,0.033033,5.9324324324324325,0.5568,0.3978,37.5
Java,java tutorial,2021-11-01,666,5.746804616417364e-06,666,1.0,5.9324324324324325,16.8565,16.8604,0.6042
JavaScript,javascript tutorial,2021-11-01,180,1.5531904368695575e-06,666,0.27027,5.9324324324324325,4.5558,6.7081,36.3636
Julia,julia tutorial,2021-11-01,61,5.263589813835724e-07,666,0.091592,5.9324324324324325,1.5439,0.6214,221.0526
Kotlin,kotlin tutorial,2021-11-01,121,1.0440891270067584e-06,666,0.181682,5.9324324324324325,3.0625,3.0181,15.2381
Lua,lua tutorial,2021-11-01,49,4.228129522589352e-07,666,0.073574,5.9324324324324325,1.2402,1.6312,-12.5
Matlab,matlab tutorial,2021-11-01,37,3.19266923134298e-07,666,0.055556,5.9324324324324325,0.9365,1.4424,-24.4898
Objective-C,objective-c tutorial,2021-11-01,0,0.0,666,0.0,5.9324324324324325,0.0,0.0,
PHP,php tutorial,2021-11-01,280,2.4160740129082012e-06,666,0.42042,5.9324324324324325,7.0868,7.653,-10.828
Perl,perl tutorial,2021-11-01,4,3.451534304154573e-08,666,0.006006,5.9324324324324325,0.1012,0.2379,-82.6087
Powershell,powershell tutorial,2021-11-01,16,1.3806137216618292e-07,666,0.024024,5.9324324324324325,0.405,0.3265,77.7778
Python,python tutorial,2021-11-01,1067,9.206967756332322e-06,666,1.602102,5.9324324324324325,27.0058,23.9321,8.6558
R,r language tutorial,2021-11-01,0,0.0,666,0.0,5.9324324324324325,0.0,0.0,
Ruby,ruby tutorial,2021-11-01,82,7.075645323516875e-07,666,0.123123,5.9324324324324325,2.0754,1.9227,22.3881
Rust,rust tutorial,2021-11-01,74,6.385338462685959e-07,666,0.111111,5.9324324324324325,1.8729,1.8927,37.037
Scala,scala tutorial,2021-11-01,21,1.8120555096811506e-07,666,0.031532,5.9324324324324325,0.5315,0.5947,-34.375
Swift,swift tutorial,2021-11-01,151,1.3029541998183512e-06,666,0.226727,5.9324324324324325,3.8218,3.9733,-7.362
TypeScript,typescript tutorial,2021-11-01,39,3.365245946550709e-07,666,0.058559,5.9324324324324325,0.9871,1.0824,-13.3333
VBA,vba tutorial,2021-11-01,10,8.628835760386434e-08,666,0.015015,5.9324324324324325,0.2531,0.3303,0.0
Visual Basic,visual basic tutorial,2021-11-01,0,0.0,666,0.0,5.9324324324324325,0.0,0.0,
Zig,zig tutorial,2021-11-01,0,0.0,666,0.0,5.9324324324324325,0.0,0.0,
Abap,abap tutorial,2021-12-01,17,1.4346721108294157e-07,623,0.027287,6.306581059390048,0.4327,0.2095,41.6667
Ada,ada tutorial,2021-12-01,0,0.0,623,0.0,6.306581059390048,0.0,0.0,
C#,c# tutorial,2021-12-01,0,0.0,623,0.0,6.306581059390048,0.0,0.0,
C/C++,c++ tutorial,2021-12-01,941,7.941332095826354e-06,623,1.510433,6.306581059390048,23.9501,23.6229,1.0741
Cobol,cobol tutorial,2021-12-01,0,0.0,623,0.0,6.306581059390048,0.0,0.0,
Dart,dart tutorial,2021-12-01,50,4.2196238553806346e-07,623,0.080257,6.306581059390048,1.2726,0.9011,72.4138
Delphi/Pascal,delphi tutorial,2021-12-01,15,1.2658871566141904e-07,623,0.024077,6.306581059390048,0.3818,0.0636,inf
Go,golang tutorial,2021-12-01,64,5.401118534887212e-07,623,0.102729,6.306581059390048,1.6289,2.1976,-24.7059
Groovy,groovy tutorial,2021-12-01,8,6.751398168609015e-08,623,0.012841,6.306581059390048,0.2036,0.3274,-42.8571
Haskell,haskell tutorial,2021-12-01,25,2.1098119276903173e-07,623,0.040128,6.306581059390048,0.6363,0.4722,13.6364
Java,java tutorial,2021-12-01,623,5.257651323804271e-06,623,1.0,6.306581059390048,15.8565,16.5315,-6.4565
JavaScript,javascript tutorial,2021-12-01,145,1.223690918060384e-06,623,0.232745,6.306581059390048,3.6905,6.615,-19.4444
Julia,julia tutorial,2021-12-01,15,1.2658871566141904e-07,623,0.024077,6.306581059390048,0.3818,0.6282,-75.4098
Kotlin,kotlin tutorial,2021-12-01,168,1.4177936154078932e-06,623,0.269663,6.306581059390048,4.2759,3.2566,38.843
Lua,lua tutorial,2021-12-01,89,7.510930462577529e-07,623,0.142857,6.306581059390048,2.2652,1.6673,81.6327
Matlab,matlab tutorial,2021-12-01,23,1.941026973475092e-07,623,0.036918,6.306581059390048,0.5854,1.3566,-37.8378
Objective-C,objective-c tutorial,2021-12-01,0,0.0,623,0.0,6.306581059390048,0.0,0.0,
PHP,php tutorial,2021-12-01,371,3.1309609006924306e-06,623,0.595506,6.306581059390048,9.4426,7.7662,32.5
Perl,perl tutorial,2021-12-01,12,1.0127097252913523e-07,623,0.019262,6.306581059390048,0.3054,0.2888,200.0
Powershell,powershell tutorial,2021-12-01,7,5.907473397532889e-08,623,0.011236,6.306581059390048,0.1782,0.3183,-56.25
Python,python tutorial,2021-12-01,954,8.051042316066251e-06,623,1.5313,6.306581059390048,24.281,23.8882,-10.5904
R,r language tutorial,2021-12-01,0,0.0,623,0.0,6.306581059390048,0.0,0.0,
Ruby,ruby tutorial,2021-12-01,88,7.426537985469917e-07,623,0.141252,6.306581059390048,2.2398,2.0115,7.3171
Rust,rust tutorial,2021-12-01,74,6.245043305963339e-07,623,0.11878,6.306581059390048,1.8834,1.9031,0.0
Scala,scala tutorial,2021-12-01,20,1.687849542152254e-07,623,0.032103,6.306581059390048,0.509,0.5531,-4.7619
Swift,swift tutorial,2021-12-01,134,1.1308591932420102e-06,623,0.215088,6.306581059390048,3.4105,4.0043,-11.2583
TypeScript,typescript tutorial,2021-12-01,51,4.3040163324882475e-07,623,0.081862,6.306581059390048,1.298,0.9952,30.7692
VBA,vba tutorial,2021-12-01,18,1.5190645879370286e-07,623,0.028892,6.306581059390048,0.4581,0.3498,80.0
Visual Basic,visual basic tutorial,2021-12-01,17,1.4346721108294157e-07,623,0.027287,6.306581059390048,0.4327,0.0721,inf
Zig,zig tutorial,2021-12-01,0,0.0,623,0.0,6.306581059390048,0.0,0.0,
Abap,abap tutorial,2022-01-01,17,1.4259530412322877e-07,709,0.023977,5.318758815232722,0.4508,0.2846,0.0
Ada,ada tutorial,2022-01-01,0,0.0,709,0.0,5.318758815232722,0.0,0.0,
C#,c# tutorial,2022-01-01,0,0.0,709,0.0,5.318758815232722,0.0,0.0,
C/C++,c++ tutorial,2022-01-01,899,7.54077520039898e-06,709,1.267983,5.318758815232722,23.8398,23.8381,-4.4633
Cobol,cobol tutorial,2022-01-01,0,0.0,709,0.0,5.318758815232722,0.0,0.0,
Dart,dart tutorial,2022-01-01,50,4.1939795330361403e-07,709,0.070522,5.318758815232722,1.3259,1.0615,0.0
Delphi/Pascal,delphi tutorial,2022-01-01,19,1.5937122225537333e-07,709,0.026798,5.318758815232722,0.5038,0.1476,26.6667
Go,golang tutorial,2022-01-01,78,6.542608071536379e-07,709,0.110014,5.318758815232722,2.0684,2.0824,21.875
Groovy,groovy tutorial,2022-01-01,3,2.5163877198216844e-08,709,0.004231,5.318758815232722,0.0796,0.2862,-62.5
Haskell,haskell tutorial,2022-01-01,23,1.9292305851966245e-07,709,0.03244,5.318758815232722,0.6099,0.4892,-8.0
Java,java tutorial,2022-01-01,709,5.947062977845247e-06,709,1.0,5.318758815232722,18.8014,16.8389,13.8042
JavaScript,javascript tutorial,2022-01-01,124,1.0401069241929627e-06,709,0.174894,5.318758815232722,3.2883,5.3415,-14.4828
Julia,julia tutorial,2022-01-01,13,1.0904346785893966e-07,709,0.018336,5.318758815232722,0.3447,0.6009,-13.3333
Kotlin,kotlin tutorial,2022-01-01,120,1.0065550879286736e-06,709,0.169252,5.318758815232722,3.1822,3.2967,-28.5714
Lua,lua tutorial,2022-01-01,80,6.710367252857825e-07,709,0.112835,5.318758815232722,2.1215,1.8454,-10.1124
Matlab,matlab tutorial,2022-01-01,21,1.761471403875179e-07,709,0.029619,5.318758815232722,0.5569,1.3102,-8.6957
Objective-C,objective-c tutorial,2022-01-01,0,0.0,709,0.0,5.318758815232722,0.0,0.0,
PHP,php tutorial,2022-01-01,290,2.4325081291609614e-06,709,0.409027,5.318758815232722,7.6903,7.9949,-21.8329
Perl,perl tutorial,2022-01-01,7,5.871571346250596e-08,709,0.009873,5.318758815232722,0.1856,0.3197,-41.6667
Powershell,powershell tutorial,2022-01-01,8,6.710367252857825e-08,709,0.011283,5.318758815232722,0.2121,0.2568,14.2857
Python,python tutorial,2022-01-01,994,8.337631311675847e-06,709,1.401975,5.318758815232722,26.3591,24.2871,4.1929
R,r language tutorial,2022-01-01,0,0.0,709,0.0,5.318758815232722,0.0,0.0,
Ruby,ruby tutorial,2022-01-01,51,4.277859123696863e-07,709,0.071932,5.318758815232722,1.3524,1.9222,-42.0455
Rust,rust tutorial,2022-01-01,85,7.129765206161438e-07,709,0.119887,5.318758815232722,2.254,1.9278,14.8649
Scala,scala tutorial,2022-01-01,21,1.761471403875179e-07,709,0.029619,5.318758815232722,0.5569,0.5552,5.0
Swift,swift tutorial,2022-01-01,129,1.0820467195233242e-06,709,0.181946,5.318758815232722,3.4208,3.8966,-3.7313
TypeScript,typescript tutorial,2022-01-01,30,2.516387719821684e-07,709,0.042313,5.318758815232722,0.7955,0.9947,-41.1765
VBA,vba tutorial,2022-01-01,0,0.0,709,0.0,5.318758815232722,0.0,0.3498,-100.0
Visual Basic,visual basic tutorial,2022-01-01,0,0.0,709,0.0,5.318758815232722,0.0,0.0721,-100.0
Zig,zig tutorial,2022-01-01,0,0.0,709,0.0,5.318758815232722,0.0,0.0,
Abap,abap tutorial,2022-02-01,12,1.0160834927192877e-07,758,0.015831,5.038258575197889,0.3142,0.337,-29.4118
Ada,ada tutorial,2022-02-01,0,0.0,758,0.0,5.038258575197889,0.0,0.0,
C#,c# tutorial,2022-02-01,0,0.0,758,0.0,5.038258575197889,0.0,0.0,
C/C++,c++ tutorial,2022-02-01,851,7.2057254358676145e-06,758,1.122691,5.038258575197889,22.2833,24.1274,-5.3393
Cobol,cobol tutorial,2022-02-01,0,0.0,758,0.0,5.038258575197889,0.0,0.0,
Dart,dart tutorial,2022-02-01,21,1.7781461122587536e-07,758,0.027704,5.038258575197889,0.5499,1.018,-58.0
Delphi/Pascal,delphi tutorial,2022-02-01,13,1.1007571171125617e-07,758,0.01715,5.038258575197889,0.3404,0.2043,-31.5789
Go,golang tutorial,2022-02-01,107,9.060077810080316e-07,758,0.141161,5.038258575197889,2.8018,2.1945,37.1795
Groovy,groovy tutorial,2022-02-01,6,5.0804174635964386e-08,758,0.007916,5.038258575197889,0.1571,0.2673,100.0
Haskell,haskell tutorial,2022-02-01,14,1.1854307415058357e-07,758,0.01847,5.038258575197889,0.3666,0.4714,-39.1304
Java,java tutorial,2022-02-01,758,6.418260729010167e-06,758,1.0,5.038258575197889,19.8481,17.2743,6.9111
JavaScript,javascript tutorial,2022-02-01,134,1.1346265668698712e-06,758,0.176781,5.038258575197889,3.5088,3.8366,8.0645
Julia,julia tutorial,2022-02-01,0,0.0,758,0.0,5.038258575197889,0.0,0.4939,-100.0
Kotlin,kotlin tutorial,2022-02-01,122,1.0330182175979426e-06,758,0.16095,5.038258575197889,3.1946,3.2152,1.6667
Lua,lua tutorial,2022-02-01,56,4.7417229660233427e-07,758,0.073879,5.038258575197889,1.4664,1.6786,-30.0
Matlab,matlab tutorial,2022-02-01,39,3.302271351337685e-07,758,0.051451,5.038258575197889,1.0212,1.3171,85.7143
Objective-C,objective-c tutorial,2022-02-01,0,0.0,758,0.0,5.038258575197889,0.0,0.0,
PHP,php tutorial,2022-02-01,257,2.1761121469071414e-06,758,0.33905,5.038258575197889,6.7295,8.2322,-11.3793
Perl,perl tutorial,2022-02-01,0,0.0,758,0.0,5.038258575197889,0.0,0.3197,-100.0
Powershell,powershell tutorial,2022-02-01,20,1.6934724878654793e-07,758,0.026385,5.038258575197889,0.5237,0.3103,150.0
Python,python tutorial,2022-02-01,1105,9.356435495456774e-06,758,1.457784,5.038258575197889,28.9343,25.5385,11.167
R,r language tutorial,2022-02-01,0,0.0,758,0.0,5.038258575197889,0.0,0.0,
Ruby,ruby tutorial,2022-02-01,62,5.249764712382987e-07,758,0.081794,5.038258575197889,1.6235,1.8548,21.5686
Rust,rust tutorial,2022-02-01,65,5.503785585562808e-07,758,0.085752,5.038258575197889,1.702,1.7327,-23.5294
Scala,scala tutorial,2022-02-01,25,2.1168406098318493e-07,758,0.032982,5.038258575197889,0.6546,0.6023,19.0476
Swift,swift tutorial,2022-02-01,120,1.0160834927192878e-06,758,0.158311,5.038258575197889,3.1422,3.6712,-6.9767
TypeScript,typescript tutorial,2022-02-01,32,2.709555980584767e-07,758,0.042216,5.038258575197889,0.8379,0.9879,6.6667
VBA,vba tutorial,2022-02-01,0,0.0,758,0.0,5.038258575197889,0.0,0.2427,
Visual Basic,visual basic tutorial,2022-02-01,0,0.0,758,0.0,5.038258575197889,0.0,0.0721,
Zig,zig tutorial,2022-02-01,0,0.0,758,0.0,5.038258575197889,0.0,0.0,
Abap,abap tutorial,2022-03-01,20,1.5689383975893437e-07,790,0.025316,5.439240506329114,0.4654,0.4145,66.6667
Ada,ada tutorial,2022-03-01,0,0.0,790,0.0,5.439240506329114,0.0,0.0,
C#,c# tutorial,2022-03-01,0,0.0,790,0.0,5.439240506329114,0.0,0.0,
C/C++,c++ tutorial,2022-03-01,909,7.1308250170435654e-06,790,1.150633,5.439240506329114,21.1543,23.2476,6.8155
Cobol,cobol tutorial,2022-03-01,0,0.0,790,0.0,5.439240506329114,0.0,0.0,
Dart,dart tutorial,2022-03-01,32,2.5103014361429496e-07,790,0.040506,5.439240506329114,0.7447,0.9143,52.381
Delphi/Pascal,delphi tutorial,2022-03-01,26,2.0396199168661465e-07,790,0.032911,5.439240506329114,0.6051,0.3052,100.0
Go,golang tutorial,2022-03-01,70,5.491284391562703e-07,790,0.088608,5.439240506329114,1.629,2.0949,-34.5794
Groovy,groovy tutorial,2022-03-01,0,0.0,790,0.0,5.439240506329114,0.0,0.1975,-100.0
Haskell,haskell tutorial,2022-03-01,34,2.667195275901884e-07,790,0.043038,5.439240506329114,0.7912,0.5629,142.8571
Java,java tutorial,2022-03-01,790,6.197306670477907e-06,790,1.0,5.439240506329114,18.3849,17.8289,4.2216
JavaScript,javascript tutorial,2022-03-01,126,9.884311904812864e-07,790,0.159494,5.439240506329114,2.9323,3.5684,-5.9701
Julia,julia tutorial,2022-03-01,0,0.0,790,0.0,5.439240506329114,0.0,0.4608,
Kotlin,kotlin tutorial,2022-03-01,108,8.472267346982455e-07,790,0.136709,5.439240506329114,2.5134,3.1601,-11.4754
Lua,lua tutorial,2022-03-01,63,4.942155952406432e-07,790,0.079747,5.439240506329114,1.4661,1.6694,12.5
Matlab,matlab tutorial,2022-03-01,39,3.05942987529922e-07,790,0.049367,5.439240506329114,0.9076,0.8804,0.0
Objective-C,objective-c tutorial,2022-03-01,9,7.060222789152047e-08,790,0.011392,5.439240506329114,0.2094,0.0349,inf
PHP,php tutorial,2022-03-01,378,2.965293571443859e-06,790,0.478481,5.439240506329114,8.7968,7.9861,47.0817
Perl,perl tutorial,2022-03-01,0,0.0,790,0.0,5.439240506329114,0.0,0.1985,
Powershell,powershell tutorial,2022-03-01,12,9.413630385536061e-08,790,0.01519,5.439240506329114,0.2793,0.3054,-40.0
Python,python tutorial,2022-03-01,1262,9.900001288788758e-06,790,1.597468,5.439240506329114,29.3693,26.9171,14.2081
R,r language tutorial,2022-03-01,0,0.0,790,0.0,5.439240506329114,0.0,0.0,
Ruby,ruby tutorial,2022-03-01,92,7.21711662891098e-07,790,0.116456,5.439240506329114,2.141,1.8626,48.3871
Rust,rust tutorial,2022-03-01,97,7.609351228308316e-07,790,0.122785,5.439240506329114,2.2574,1.8958,49.2308
Scala,scala tutorial,2022-03-01,14,1.0982568783125404e-07,790,0.017722,5.439240506329114,0.3258,0.5684,-44.0
Swift,swift tutorial,2022-03-01,174,1.3649764059027289e-06,790,0.220253,5.439240506329114,4.0493,3.681,45.0
TypeScript,typescript tutorial,2022-03-01,42,3.2947706349376213e-07,790,0.053165,5.439240506329114,0.9774,1.0112,31.25
VBA,vba tutorial,2022-03-01,0,0.0,790,0.0,5.439240506329114,0.0,0.1619,
Visual Basic,visual basic tutorial,2022-03-01,0,0.0,790,0.0,5.439240506329114,0.0,0.0721,
Zig,zig tutorial,2022-03-01,0,0.0,790,0.0,5.439240506329114,0.0,0.0,
Abap,abap tutorial,2022-04-01,6,5.0198322041504694e-08,691,0.008683,5.937771345875543,0.1462,0.3522,-70.0
Ada,ada tutorial,2022-04-01,0,0.0,691,0.0,5.937771345875543,0.0,0.0,
C#,c# tutorial,2022-04-01,0,0.0,691,0.0,5.937771345875543,0.0,0.0,
C/C++,c++ tutorial,2022-04-01,909,7.605045789287961e-06,691,1.315485,5.937771345875543,22.1545,22.8243,0.0
Cobol,cobol tutorial,2022-04-01,0,0.0,691,0.0,5.937771345875543,0.0,0.0,
Dart,dart tutorial,2022-04-01,21,1.756941271452664e-07,691,0.030391,5.937771345875543,0.5118,0.8565,-34.375
Delphi/Pascal,delphi tutorial,2022-04-01,35,2.928235452421107e-07,691,0.050651,5.937771345875543,0.853,0.4474,34.6154
Go,golang tutorial,2022-04-01,79,6.609445735464785e-07,691,0.114327,5.937771345875543,1.9254,2.0342,12.8571
Groovy,groovy tutorial,2022-04-01,12,1.0039664408300939e-07,691,0.017366,5.937771345875543,0.2925,0.1812,inf
Haskell,haskell tutorial,2022-04-01,23,1.9242690115910134e-07,691,0.033285,5.937771345875543,0.5606,0.5869,-32.3529
Java,java tutorial,2022-04-01,691,5.781173421779957e-06,691,1.0,5.937771345875543,16.8413,17.7648,-12.5316
JavaScript,javascript tutorial,2022-04-01,159,1.3302555340998743e-06,691,0.230101,5.937771345875543,3.8752,3.6418,26.1905
Julia,julia tutorial,2022-04-01,0,0.0,691,0.0,5.937771345875543,0.0,0.3784,
Kotlin,kotlin tutorial,2022-04-01,134,1.121095858926938e-06,691,0.193922,5.937771345875543,3.2659,3.2491,24.0741
Lua,lua tutorial,2022-04-01,92,7.697076046364053e-07,691,0.13314,5.937771345875543,2.2423,1.8003,46.0317
Matlab,matlab tutorial,2022-04-01,38,3.17922706262863e-07,691,0.054993,5.937771345875543,0.9262,0.8223,-2.5641
Objective-C,objective-c tutorial,2022-04-01,0,0.0,691,0.0,5.937771345875543,0.0,0.0349,-100.0
PHP,php tutorial,2022-04-01,258,2.1585278477847016e-06,691,0.373372,5.937771345875543,6.2881,7.6724,-31.746
Perl,perl tutorial,2022-04-01,28,2.3425883619368858e-07,691,0.040521,5.937771345875543,0.6824,0.2125,inf
Powershell,powershell tutorial,2022-04-01,7,5.8564709048422146e-08,691,0.01013,5.937771345875543,0.1706,0.2948,-41.6667
Python,python tutorial,2022-04-01,1224,1.0240457696466956e-05,691,1.771346,5.937771345875543,29.8318,27.6302,-3.0111
R,r language tutorial,2022-04-01,0,0.0,691,0.0,5.937771345875543,0.0,0.0,
Ruby,ruby tutorial,2022-04-01,61,5.103496074219644e-07,691,0.088278,5.937771345875543,1.4867,1.8198,-33.6957
Rust,rust tutorial,2022-04-01,80,6.693109605533959e-07,691,0.115774,5.937771345875543,1.9498,1.9866,-17.5258
Scala,scala tutorial,2022-04-01,16,1.3386219211067917e-07,691,0.023155,5.937771345875543,0.39,0.4946,14.2857
Swift,swift tutorial,2022-04-01,142,1.1880269549822777e-06,691,0.205499,5.937771345875543,3.4609,3.5509,-18.3908
TypeScript,typescript tutorial,2022-04-01,54,4.517848983735423e-07,691,0.078148,5.937771345875543,1.3161,1.0354,28.5714
VBA,vba tutorial,2022-04-01,34,2.844571582351933e-07,691,0.049204,5.937771345875543,0.8287,0.2566,inf
Visual Basic,visual basic tutorial,2022-04-01,0,0.0,691,0.0,5.937771345875543,0.0,0.0721,
Zig,zig tutorial,2022-04-01,0,0.0,691,0.0,5.937771345875543,0.0,0.0,
Abap,abap tutorial,2022-05-01,9,7.543067203169623e-08,678,0.013274,6.033923303834809,0.22,0.3382,50.0
Ada,ada tutorial,2022-05-01,0,0.0,678,0.0,6.033923303834809,0.0,0.0,
C#,c# tutorial,2022-05-01,0,0.0,678,0.0,6.033923303834809,0.0,0.0,
C/C++,c++ tutorial,2022-05-01,991,8.305755109267885e-06,678,1.461652,6.033923303834809,24.2239,22.9343,9.0209
Cobol,cobol tutorial,2022-05-01,0,0.0,678,0.0,6.033923303834809,0.0,0.0,
Dart,dart tutorial,2022-05-01,17,1.424801582820929e-07,678,0.025074,6.033923303834809,0.4155,0.8034,-19.0476
Delphi/Pascal,delphi tutorial,2022-05-01,16,1.3409897250079332e-07,678,0.023599,6.033923303834809,0.3911,0.5125,-54.2857
Go,golang tutorial,2022-05-01,64,5.363958900031733e-07,678,0.094395,6.033923303834809,1.5644,1.9363,-18.9873
Groovy,groovy tutorial,2022-05-01,11,9.21930435942954e-08,678,0.016224,6.033923303834809,0.2689,0.1669,-8.3333
Haskell,haskell tutorial,2022-05-01,8,6.704948625039666e-08,678,0.011799,6.033923303834809,0.1956,0.5267,-65.2174
Java,java tutorial,2022-05-01,678,5.682443959721116e-06,678,1.0,6.033923303834809,16.573,17.7175,-1.8813
JavaScript,javascript tutorial,2022-05-01,128,1.0727917800063466e-06,678,0.188791,6.033923303834809,3.1288,3.404,-19.4969
Julia,julia tutorial,2022-05-01,0,0.0,678,0.0,6.033923303834809,0.0,0.1211,
Kotlin,kotlin tutorial,2022-05-01,161,1.3493709107892328e-06,678,0.237463,6.033923303834809,3.9355,3.3946,20.1493
Lua,lua tutorial,2022-05-01,75,6.285889335974687e-07,678,0.110619,6.033923303834809,1.8333,1.8991,-18.4783
Matlab,matlab tutorial,2022-05-01,46,3.855345459397808e-07,678,0.067847,6.033923303834809,1.1244,0.8536,21.0526
Objective-C,objective-c tutorial,2022-05-01,0,0.0,678,0.0,6.033923303834809,0.0,0.0349,
PHP,php tutorial,2022-05-01,303,2.5394992917337733e-06,678,0.446903,6.033923303834809,7.4065,7.7256,17.4419
Perl,perl tutorial,2022-05-01,17,1.424801582820929e-07,678,0.025074,6.033923303834809,0.4155,0.2648,-39.2857
Powershell,powershell tutorial,2022-05-01,7,5.866830046909707e-08,678,0.010324,6.033923303834809,0.1711,0.2558,0.0
Python,python tutorial,2022-05-01,1227,1.0283714953654586e-05,678,1.809735,6.033923303834809,29.9927,28.128,0.2451
R,r language tutorial,2022-05-01,0,0.0,678,0.0,6.033923303834809,0.0,0.0,
Ruby,ruby tutorial,2022-05-01,47,3.939157317210803e-07,678,0.069322,6.033923303834809,1.1489,1.6654,-22.9508
Rust,rust tutorial,2022-05-01,97,8.129750207860594e-07,678,0.143068,6.033923303834809,2.3711,2.0696,21.25
Scala,scala tutorial,2022-05-01,11,9.21930435942954e-08,678,0.016224,6.033923303834809,0.2689,0.4509,-31.25
Swift,swift tutorial,2022-05-01,134,1.123078894694144e-06,678,0.19764,6.033923303834809,3.2755,3.4599,-5.6338
TypeScript,typescript tutorial,2022-05-01,21,1.7600490140729124e-07,678,0.030973,6.033923303834809,0.5133,0.9564,-61.1111
VBA,vba tutorial,2022-05-01,12,1.0057422937559498e-07,678,0.017699,6.033923303834809,0.2933,0.2634,-64.7059
Visual Basic,visual basic tutorial,2022-05-01,11,9.21930435942954e-08,678,0.016224,6.033923303834809,0.2689,0.1169,inf
Zig,zig tutorial,2022-05-01,0,0.0,678,0.0,6.033923303834809,0.0,0.0,
Abap,abap tutorial,2022-06-01,13,1.212889986917821e-07,661,0.019667,17.82299546142209,0.1103,0.2845,44.4444
Ada,ada tutorial,2022-06-01,0,0.0,661,0.0,17.82299546142209,0.0,0.0,
C#,c# tutorial,2022-06-01,0,0.0,661,0.0,17.82299546142209,0.0,0.0,
C/C++,c++ tutorial,2022-06-01,920,8.583529138187656e-06,661,1.391831,17.82299546142209,7.8092,20.2442,-7.1645
Cobol,cobol tutorial,2022-06-01,0,0.0,661,0.0,17.82299546142209,0.0,0.0,
Dart,dart tutorial,2022-06-01,31,2.8922761226501884e-07,661,0.046899,17.82299546142209,0.2631,0.6352,82.3529
Delphi/Pascal,delphi tutorial,2022-06-01,28,2.612378433361461e-07,661,0.04236,17.82299546142209,0.2377,0.4885,75.0
Go,golang tutorial,2022-06-01,57,5.318056096485829e-07,661,0.086233,17.82299546142209,0.4838,1.7455,-10.9375
Groovy,groovy tutorial,2022-06-01,10,9.329922976290929e-08,661,0.015129,17.82299546142209,0.0849,0.1471,-9.0909
Haskell,haskell tutorial,2022-06-01,13,1.212889986917821e-07,661,0.019667,17.82299546142209,0.1103,0.439,62.5
Java,java tutorial,2022-06-01,661,6.167079087328305e-06,661,1.0,17.82299546142209,5.6107,16.0099,-2.5074
JavaScript,javascript tutorial,2022-06-01,144,1.3435089085858938e-06,661,0.217852,17.82299546142209,1.2223,2.9926,12.5
Julia,julia tutorial,2022-06-01,14,1.3061892166807306e-07,661,0.02118,17.82299546142209,0.1188,0.0773,inf
Kotlin,kotlin tutorial,2022-06-01,140,1.3061892166807302e-06,661,0.2118,17.82299546142209,1.1884,2.88,-13.0435
Lua,lua tutorial,2022-06-01,87,8.11703298937311e-07,661,0.131619,17.82299546142209,0.7385,1.6447,16.0
Matlab,matlab tutorial,2022-06-01,61,5.691253015537467e-07,661,0.092284,17.82299546142209,0.5178,0.8423,32.6087
Objective-C,objective-c tutorial,2022-06-01,0,0.0,661,0.0,17.82299546142209,0.0,0.0349,
PHP,php tutorial,2022-06-01,244,2.2765012062149868e-06,661,0.369138,17.82299546142209,2.0711,6.4971,-19.4719
Perl,perl tutorial,2022-06-01,9,8.396930678661836e-08,661,0.013616,17.82299546142209,0.0764,0.2267,-47.0588
Powershell,powershell tutorial,2022-06-01,20,1.8659845952581858e-07,661,0.030257,17.82299546142209,0.1698,0.2544,185.7143
Python,python tutorial,2022-06-01,8960,8.359610986756674e-05,661,13.555219,17.82299546142209,76.0547,36.757,630.2363
R,r language tutorial,2022-06-01,0,0.0,661,0.0,17.82299546142209,0.0,0.0,
Ruby,ruby tutorial,2022-06-01,68,6.344347623877832e-07,661,0.102874,17.82299546142209,0.5772,1.3883,44.6809
Rust,rust tutorial,2022-06-01,81,7.557237610795652e-07,661,0.122542,17.82299546142209,0.6875,1.8703,-16.4948
Scala,scala tutorial,2022-06-01,20,1.8659845952581858e-07,661,0.030257,17.82299546142209,0.1698,0.3943,81.8182
Swift,swift tutorial,2022-06-01,119,1.1102608341786206e-06,661,0.18003,17.82299546142209,1.0101,3.0598,-11.194
TypeScript,typescript tutorial,2022-06-01,58,5.411355326248739e-07,661,0.087746,17.82299546142209,0.4923,0.8221,176.1905
VBA,vba tutorial,2022-06-01,15,1.3994884464436398e-07,661,0.022693,17.82299546142209,0.1273,0.2082,25.0
Visual Basic,visual basic tutorial,2022-06-01,8,7.463938381032743e-08,661,0.012103,17.82299546142209,0.0679,0.0561,-27.2727
Zig,zig tutorial,2022-06-01,0,0.0,661,0.0,17.82299546142209,0.0,0.0,
Abap,abap tutorial,2022-07-01,7,6.712960640820236e-08,697,0.010043,10.226685796269727,0.0982,0.2257,-46.1538
Ada,ada tutorial,2022-07-01,0,0.0,697,0.0,10.226685796269727,0.0,0.0,
C#,c# tutorial,2022-07-01,0,0.0,697,0.0,10.226685796269727,0.0,0.0,
C/C++,c++ tutorial,2022-07-01,817,7.834984062214475e-06,697,1.172166,10.226685796269727,11.4618,18.1812,-11.1957
Cobol,cobol tutorial,2022-07-01,5,4.794971886300168e-08,697,0.007174,10.226685796269727,0.0701,0.0117,inf
Dart,dart tutorial,2022-07-01,9,8.630949395340302e-08,697,0.012912,10.226685796269727,0.1263,0.4352,-70.9677
Delphi/Pascal,delphi tutorial,2022-07-01,10,9.589943772600336e-08,697,0.014347,10.226685796269727,0.1403,0.4279,-64.2857
Go,golang tutorial,2022-07-01,85,8.151452206710286e-07,697,0.121951,10.226685796269727,1.1925,1.5995,49.1228
Groovy,groovy tutorial,2022-07-01,13,1.2466926904380437e-07,697,0.018651,10.226685796269727,0.1824,0.1643,30.0
Haskell,haskell tutorial,2022-07-01,9,8.630949395340302e-08,697,0.012912,10.226685796269727,0.1263,0.3584,-30.7692
Java,java tutorial,2022-07-01,697,6.684190809502435e-06,697,1.0,10.226685796269727,9.7783,14.5061,5.4463
JavaScript,javascript tutorial,2022-07-01,105,1.0069440961230353e-06,697,0.150646,10.226685796269727,1.4731,2.6901,-27.0833
Julia,julia tutorial,2022-07-01,6,5.7539662635602025e-08,697,0.008608,10.226685796269727,0.0842,0.0338,-57.1429
Kotlin,kotlin tutorial,2022-07-01,96,9.206346021696324e-07,697,0.137733,10.226685796269727,1.3468,2.5741,-31.4286
Lua,lua tutorial,2022-07-01,105,1.0069440961230353e-06,697,0.150646,10.226685796269727,1.4731,1.5366,20.6897
Matlab,matlab tutorial,2022-07-01,48,4.603173010848162e-07,697,0.068867,10.226685796269727,0.6734,0.8618,-21.3115
Objective-C,objective-c tutorial,2022-07-01,0,0.0,697,0.0,10.226685796269727,0.0,0.0349,
PHP,php tutorial,2022-07-01,169,1.6207004975694569e-06,697,0.242468,10.226685796269727,2.3709,5.6105,-30.7377
Perl,perl tutorial,2022-07-01,0,0.0,697,0.0,10.226685796269727,0.0,0.1957,-100.0
Powershell,powershell tutorial,2022-07-01,11,1.054893814986037e-07,697,0.015782,10.226685796269727,0.1543,0.2448,-45.0
Python,python tutorial,2022-07-01,4584,4.396030225359994e-05,697,6.576758,10.226685796269727,64.3098,43.0821,-48.8393
R,r language tutorial,2022-07-01,0,0.0,697,0.0,10.226685796269727,0.0,0.0,
Ruby,ruby tutorial,2022-07-01,64,6.137564014464215e-07,697,0.091822,10.226685796269727,0.8979,1.3125,-5.8824
Rust,rust tutorial,2022-07-01,98,9.39814489714833e-07,697,0.140603,10.226685796269727,1.3749,1.7238,20.9877
Scala,scala tutorial,2022-07-01,7,6.712960640820236e-08,697,0.010043,10.226685796269727,0.0982,0.3179,-65.0
Swift,swift tutorial,2022-07-01,116,1.112433477621639e-06,697,0.166428,10.226685796269727,1.6274,2.7609,-2.521
TypeScript,typescript tutorial,2022-07-01,44,4.219575259944148e-07,697,0.063128,10.226685796269727,0.6173,0.7924,-24.1379
VBA,vba tutorial,2022-07-01,11,1.054893814986037e-07,697,0.015782,10.226685796269727,0.1543,0.2339,-26.6667
Visual Basic,visual basic tutorial,2022-07-01,12,1.1507932527120405e-07,697,0.017217,10.226685796269727,0.1684,0.0842,50.0
Zig,zig tutorial,2022-07-01,0,0.0,697,0.0,10.226685796269727,0.0,0.0,
Abap,abap tutorial,2022-08-01,13,1.2065905557344732e-07,547,0.023766,6.588665447897624,0.3607,0.2335,85.7143
Ada,ada tutorial,2022-08-01,0,0.0,547,0.0,6.588665447897624,0.0,0.0,
C#,c# tutorial,2022-08-01,0,0.0,547,0.0,6.588665447897624,0.0,0.0,
C/C++,c++ tutorial,2022-08-01,844,7.833557146460734e-06,547,1.542962,6.588665447897624,23.4184,18.3704,3.3048
Cobol,cobol tutorial,2022-08-01,0,0.0,547,0.0,6.588665447897624,0.0,0.0117,-100.0
Dart,dart tutorial,2022-08-01,16,1.4850345301347367e-07,547,0.02925,6.588665447897624,0.444,0.4176,77.7778
Delphi/Pascal,delphi tutorial,2022-08-01,8,7.425172650673683e-08,547,0.014625,6.588665447897624,0.222,0.4082,-20.0
Go,golang tutorial,2022-08-01,80,7.425172650673682e-07,547,0.146252,6.588665447897624,2.2198,1.5025,-5.8824
Groovy,groovy tutorial,2022-08-01,16,1.4850345301347367e-07,547,0.02925,6.588665447897624,0.444,0.2121,23.0769
Haskell,haskell tutorial,2022-08-01,20,1.8562931626684207e-07,547,0.036563,6.588665447897624,0.5549,0.3898,122.2222
Java,java tutorial,2022-08-01,547,5.07696179989813e-06,547,1.0,6.588665447897624,15.1776,13.7276,-21.5208
JavaScript,javascript tutorial,2022-08-01,135,1.2529978848011838e-06,547,0.246801,6.588665447897624,3.7458,2.7296,28.5714
Julia,julia tutorial,2022-08-01,11,1.0209612394676314e-07,547,0.02011,6.588665447897624,0.3052,0.0847,83.3333
Kotlin,kotlin tutorial,2022-08-01,147,1.3643754745612891e-06,547,0.268739,6.588665447897624,4.0788,2.7215,53.125
Lua,lua tutorial,2022-08-01,79,7.332357992540261e-07,547,0.144424,6.588665447897624,2.192,1.6575,-24.7619
Matlab,matlab tutorial,2022-08-01,23,2.1347371370686833e-07,547,0.042048,6.588665447897624,0.6382,0.7979,-52.0833
Objective-C,objective-c tutorial,2022-08-01,0,0.0,547,0.0,6.588665447897624,0.0,0.0349,
PHP,php tutorial,2022-08-01,186,1.726352641281631e-06,547,0.340037,6.588665447897624,5.1609,5.3491,10.0592
Perl,perl tutorial,2022-08-01,0,0.0,547,0.0,6.588665447897624,0.0,0.1957,
Powershell,powershell tutorial,2022-08-01,10,9.281465813342103e-08,547,0.018282,6.588665447897624,0.2775,0.2038,-9.0909
Python,python tutorial,2022-08-01,1076,9.986857215156104e-06,547,1.967093,6.588665447897624,29.8557,43.2357,-76.5271
R,r language tutorial,2022-08-01,0,0.0,547,0.0,6.588665447897624,0.0,0.0,
Ruby,ruby tutorial,2022-08-01,66,6.125767436805788e-07,547,0.120658,6.588665447897624,1.8313,1.3472,3.125
Rust,rust tutorial,2022-08-01,116,1.076650034347684e-06,547,0.212066,6.588665447897624,3.2186,1.9765,18.3673
Scala,scala tutorial,2022-08-01,0,0.0,547,0.0,6.588665447897624,0.0,0.2088,-100.0
Swift,swift tutorial,2022-08-01,160,1.4850345301347363e-06,547,0.292505,6.588665447897624,4.4395,2.9771,37.931
TypeScript,typescript tutorial,2022-08-01,41,3.805400983470262e-07,547,0.074954,6.588665447897624,1.1376,0.8423,-6.8182
VBA,vba tutorial,2022-08-01,10,9.281465813342103e-08,547,0.018282,6.588665447897624,0.2775,0.2802,-9.0909
Visual Basic,visual basic tutorial,2022-08-01,0,0.0,547,0.0,6.588665447897624,0.0,0.0842,-100.0
Zig,zig tutorial,2022-08-01,0,0.0,547,0.0,6.588665447897624,0.0,0.0,
Abap,abap tutorial,2022-09-01,7,5.987765005589416e-08,671,0.010432,47.991058122205665,0.0217,0.1595,-46.1538
Ada,ada tutorial,2022-09-01,0,0.0,671,0.0,47.991058122205665,0.0,0.0,
C#,c# tutorial,2022-09-01,0,0.0,671,0.0,47.991058122205665,0.0,0.0,
C/C++,c++ tutorial,2022-09-01,1025,8.767798758184499e-06,671,1.527571,47.991058122205665,3.183,15.3752,21.4455
Cobol,cobol tutorial,2022-09-01,0,0.0,671,0.0,47.991058122205665,0.0,0.0117,
Dart,dart tutorial,2022-09-01,12,1.0264740009581853e-07,671,0.017884,47.991058122205665,0.0373,0.2997,-25.0
Delphi/Pascal,delphi tutorial,2022-09-01,2,1.7107900015969755e-08,671,0.002981,47.991058122205665,0.0062,0.3084,-75.0
Go,golang tutorial,2022-09-01,77,6.586541506148355e-07,671,0.114754,47.991058122205665,0.2391,1.2708,-3.75
Groovy,groovy tutorial,2022-09-01,12,1.0264740009581853e-07,671,0.017884,47.991058122205665,0.0373,0.2183,-25.0
Haskell,haskell tutorial,2022-09-01,12,1.0264740009581853e-07,671,0.017884,47.991058122205665,0.0373,0.2642,-40.0
Java,java tutorial,2022-09-01,671,5.739700455357853e-06,671,1.0,47.991058122205665,2.0837,11.0108,22.6691
JavaScript,javascript tutorial,2022-09-01,123,1.05213585098214e-06,671,0.183308,47.991058122205665,0.382,2.3045,-8.8889
Julia,julia tutorial,2022-09-01,19,1.6252505015171268e-07,671,0.028316,47.991058122205665,0.059,0.0945,72.7273
Kotlin,kotlin tutorial,2022-09-01,135,1.1547832510779584e-06,671,0.201192,47.991058122205665,0.4192,2.3724,-8.1633
Lua,lua tutorial,2022-09-01,67,5.731146505349867e-07,671,0.099851,47.991058122205665,0.2081,1.4479,-15.1899
Matlab,matlab tutorial,2022-09-01,43,3.678198503433498e-07,671,0.064083,47.991058122205665,0.1335,0.6689,86.9565
Objective-C,objective-c tutorial,2022-09-01,0,0.0,671,0.0,47.991058122205665,0.0,0.0,
PHP,php tutorial,2022-09-01,319,2.728710052547176e-06,671,0.47541,47.991058122205665,0.9906,4.048,71.5054
Perl,perl tutorial,2022-09-01,0,0.0,671,0.0,47.991058122205665,0.0,0.1957,
Powershell,powershell tutorial,2022-09-01,18,1.539711001437278e-07,671,0.026826,47.991058122205665,0.0559,0.1665,80.0
Python,python tutorial,2022-09-01,29320,0.0002508018142341,671,43.695976,47.991058122205665,91.0502,53.5158,2624.9071
R,r language tutorial,2022-09-01,0,0.0,671,0.0,47.991058122205665,0.0,0.0,
Ruby,ruby tutorial,2022-09-01,46,3.934817003673043e-07,671,0.068554,47.991058122205665,0.1428,1.0141,-30.303
Rust,rust tutorial,2022-09-01,101,8.639489508064726e-07,671,0.150522,47.991058122205665,0.3136,1.6526,-12.931
Scala,scala tutorial,2022-09-01,0,0.0,671,0.0,47.991058122205665,0.0,0.1545,
Swift,swift tutorial,2022-09-01,140,1.197553001117883e-06,671,0.208644,47.991058122205665,0.4348,2.3747,-12.5
TypeScript,typescript tutorial,2022-09-01,41,3.5071195032738e-07,671,0.061103,47.991058122205665,0.1273,0.7007,0.0
VBA,vba tutorial,2022-09-01,12,1.0264740009581853e-07,671,0.017884,47.991058122205665,0.0373,0.2864,20.0
Visual Basic,visual basic tutorial,2022-09-01,0,0.0,671,0.0,47.991058122205665,0.0,0.0842,
Zig,zig tutorial,2022-09-01,0,0.0,671,0.0,47.991058122205665,0.0,0.0,
Abap,abap tutorial,2022-10-01,8,6.46838845428622e-08,761,0.010512,26.6622864651774,0.0394,0.1417,14.2857
Ada,ada tutorial,2022-10-01,0,0.0,761,0.0,26.6622864651774,0.0,0.0,
C#,c# tutorial,2022-10-01,0,0.0,761,0.0,26.6622864651774,0.0,0.0,
C/C++,c++ tutorial,2022-10-01,1188,9.605556854615035e-06,761,1.561104,26.6622864651774,5.8551,12.6586,15.9024
Cobol,cobol tutorial,2022-10-01,0,0.0,761,0.0,26.6622864651774,0.0,0.0117,
Dart,dart tutorial,2022-10-01,23,1.859661680607288e-07,761,0.030223,26.6622864651774,0.1134,0.2333,91.6667
Delphi/Pascal,delphi tutorial,2022-10-01,7,5.6598398975004415e-08,761,0.009198,26.6622864651774,0.0345,0.172,250.0
Go,golang tutorial,2022-10-01,143,1.1562244362036616e-06,761,0.187911,26.6622864651774,0.7048,1.0674,85.7143
Groovy,groovy tutorial,2022-10-01,18,1.4553874022143993e-07,761,0.023653,26.6622864651774,0.0887,0.1843,50.0
Haskell,haskell tutorial,2022-10-01,9,7.276937011071996e-08,761,0.011827,26.6622864651774,0.0444,0.1781,-25.0
Java,java tutorial,2022-10-01,761,6.153054517139766e-06,761,1.0,26.6622864651774,3.7506,8.829,13.4128
JavaScript,javascript tutorial,2022-10-01,182,1.4715583733501148e-06,761,0.239159,26.6622864651774,0.897,1.8082,47.9675
Julia,julia tutorial,2022-10-01,19,1.536242257892977e-07,761,0.024967,26.6622864651774,0.0936,0.1101,0.0
Kotlin,kotlin tutorial,2022-10-01,176,1.423045459942968e-06,761,0.231275,26.6622864651774,0.8674,1.9727,30.3704
Lua,lua tutorial,2022-10-01,86,6.953517588357685e-07,761,0.113009,26.6622864651774,0.4239,1.1448,28.3582
Matlab,matlab tutorial,2022-10-01,81,6.549243309964797e-07,761,0.106439,26.6622864651774,0.3992,0.5811,88.3721
Objective-C,objective-c tutorial,2022-10-01,0,0.0,761,0.0,26.6622864651774,0.0,0.0,
PHP,php tutorial,2022-10-01,434,3.509100736450274e-06,761,0.570302,26.6622864651774,2.139,3.3565,36.0502
Perl,perl tutorial,2022-10-01,0,0.0,761,0.0,26.6622864651774,0.0,0.082,
Powershell,powershell tutorial,2022-10-01,15,1.212822835178666e-07,761,0.019711,26.6622864651774,0.0739,0.1504,-16.6667
Python,python tutorial,2022-10-01,16775,0.0001356340204008,761,22.043364,26.6622864651774,82.6762,62.3232,-42.7865
R,r language tutorial,2022-10-01,0,0.0,761,0.0,26.6622864651774,0.0,0.0,
Ruby,ruby tutorial,2022-10-01,61,4.932146196393242e-07,761,0.080158,26.6622864651774,0.3006,0.8165,32.6087
Rust,rust tutorial,2022-10-01,96,7.762066145143463e-07,761,0.12615,26.6622864651774,0.4731,1.4065,-4.9505
Scala,scala tutorial,2022-10-01,24,1.9405165362858657e-07,761,0.031537,26.6622864651774,0.1183,0.1092,inf
Swift,swift tutorial,2022-10-01,109,8.813179268964974e-07,761,0.143233,26.6622864651774,0.5372,1.8874,-22.1429
TypeScript,typescript tutorial,2022-10-01,39,3.153339371464532e-07,761,0.051248,26.6622864651774,0.1922,0.5133,-4.878
VBA,vba tutorial,2022-10-01,24,1.9405165362858657e-07,761,0.031537,26.6622864651774,0.1183,0.168,100.0
Visual Basic,visual basic tutorial,2022-10-01,12,9.702582681429329e-08,761,0.015769,26.6622864651774,0.0591,0.094,inf
Zig,zig tutorial,2022-10-01,0,0.0,761,0.0,26.6622864651774,0.0,0.0,
Abap,abap tutorial,2022-11-01,0,0.0,766,0.0,9.637075718015666,0.0,0.1051,-100.0
Ada,ada tutorial,2022-11-01,0,0.0,766,0.0,9.637075718015666,0.0,0.0,
C#,c# tutorial,2022-11-01,0,0.0,766,0.0,9.637075718015666,0.0,0.0,
C/C++,c++ tutorial,2022-11-01,1316,1.0429402351680303e-05,766,1.718016,9.637075718015666,17.8271,11.5925,10.7744
Cobol,cobol tutorial,2022-11-01,0,0.0,766,0.0,9.637075718015666,0.0,0.0117,
Dart,dart tutorial,2022-11-01,36,2.853027998939901e-07,766,0.046997,9.637075718015666,0.4877,0.2453,56.5217
Delphi/Pascal,delphi tutorial,2022-11-01,16,1.2680124439732892e-07,766,0.020888,9.637075718015666,0.2167,0.1429,128.5714
Go,golang tutorial,2022-11-01,94,7.449573108343074e-07,766,0.122715,9.637075718015666,1.2734,1.0189,-34.2657
Groovy,groovy tutorial,2022-11-01,13,1.0302601107282977e-07,766,0.016971,9.637075718015666,0.1761,0.1689,-27.7778
Haskell,haskell tutorial,2022-11-01,29,2.298272554701587e-07,766,0.037859,9.637075718015666,0.3928,0.211,222.2222
Java,java tutorial,2022-11-01,766,6.070609575522122e-06,766,1.0,9.637075718015666,10.3766,7.7963,0.657
JavaScript,javascript tutorial,2022-11-01,134,1.0619604218276298e-06,766,0.174935,9.637075718015666,1.8152,1.5892,-26.3736
Julia,julia tutorial,2022-11-01,15,1.1887616662249587e-07,766,0.019582,9.637075718015666,0.2032,0.144,-21.0526
Kotlin,kotlin tutorial,2022-11-01,201,1.5929406327414444e-06,766,0.262402,9.637075718015666,2.7228,1.7706,14.2045
Lua,lua tutorial,2022-11-01,78,6.181560664369785e-07,766,0.101828,9.637075718015666,1.0566,1.0153,-9.3023
Matlab,matlab tutorial,2022-11-01,49,3.8832881096681977e-07,766,0.063969,9.637075718015666,0.6638,0.5043,-39.5062
Objective-C,objective-c tutorial,2022-11-01,0,0.0,766,0.0,9.637075718015666,0.0,0.0,
PHP,php tutorial,2022-11-01,361,2.8609530767147334e-06,766,0.471279,9.637075718015666,4.8903,2.9371,-16.8203
Perl,perl tutorial,2022-11-01,14,1.1095108884766281e-07,766,0.018277,9.637075718015666,0.1897,0.0443,inf
Powershell,powershell tutorial,2022-11-01,9,7.132569997349754e-08,766,0.011749,9.637075718015666,0.1219,0.1422,-40.0
Python,python tutorial,2022-11-01,3792,3.005189492216695e-05,766,4.950392,9.637075718015666,51.3682,65.8858,-77.3949
R,r language tutorial,2022-11-01,0,0.0,766,0.0,9.637075718015666,0.0,0.0,
Ruby,ruby tutorial,2022-11-01,45,3.5662849986748757e-07,766,0.058747,9.637075718015666,0.6096,0.7266,-26.2295
Rust,rust tutorial,2022-11-01,118,9.351591774303008e-07,766,0.154047,9.637075718015666,1.5985,1.2777,22.9167
Scala,scala tutorial,2022-11-01,34,2.69452644344324e-07,766,0.044386,9.637075718015666,0.4606,0.1411,41.6667
Swift,swift tutorial,2022-11-01,147,1.1649864329004595e-06,766,0.191906,9.637075718015666,1.9913,1.6734,34.8624
TypeScript,typescript tutorial,2022-11-01,78,6.181560664369785e-07,766,0.101828,9.637075718015666,1.0566,0.6039,100.0
VBA,vba tutorial,2022-11-01,26,2.0605202214565954e-07,766,0.033943,9.637075718015666,0.3522,0.1778,8.3333
Visual Basic,visual basic tutorial,2022-11-01,0,0.0,766,0.0,9.637075718015666,0.0,0.0492,-100.0
Zig,zig tutorial,2022-11-01,11,8.717585552316364e-08,766,0.01436,9.637075718015666,0.149,0.0248,inf
Abap,abap tutorial,2022-12-01,0,0.0,672,0.0,8.918154761904763,0.0,0.0867,
Ada,ada tutorial,2022-12-01,0,0.0,672,0.0,8.918154761904763,0.0,0.0,
C#,c# tutorial,2022-12-01,0,0.0,672,0.0,8.918154761904763,0.0,0.0,
C/C++,c++ tutorial,2022-12-01,1219,9.689985450490024e-06,672,1.813988,8.918154761904763,20.3404,13.681,-7.3708
Cobol,cobol tutorial,2022-12-01,0,0.0,672,0.0,8.918154761904763,0.0,0.0117,
Dart,dart tutorial,2022-12-01,35,2.782194345915922e-07,672,0.052083,8.918154761904763,0.584,0.2988,-2.7778
Delphi/Pascal,delphi tutorial,2022-12-01,12,9.538952043140305e-08,672,0.017857,8.918154761904763,0.2002,0.1367,-25.0
Go,golang tutorial,2022-12-01,86,6.836248964250552e-07,672,0.127976,8.918154761904763,1.435,1.1774,-8.5106
Groovy,groovy tutorial,2022-12-01,0,0.0,672,0.0,8.918154761904763,0.0,0.1547,-100.0
Haskell,haskell tutorial,2022-12-01,12,9.538952043140305e-08,672,0.017857,8.918154761904763,0.2002,0.226,-58.6207
Java,java tutorial,2022-12-01,672,5.341813144158571e-06,672,1.0,8.918154761904763,11.2131,8.73,-12.2715
JavaScript,javascript tutorial,2022-12-01,138,1.096979484961135e-06,672,0.205357,8.918154761904763,2.3027,1.7693,2.9851
Julia,julia tutorial,2022-12-01,13,1.0333864713401997e-07,672,0.019345,8.918154761904763,0.2169,0.1604,-13.3333
Kotlin,kotlin tutorial,2022-12-01,141,1.1208268650689858e-06,672,0.209821,8.918154761904763,2.3527,1.9646,-29.8507
Lua,lua tutorial,2022-12-01,86,6.836248964250552e-07,672,0.127976,8.918154761904763,1.435,1.1314,10.2564
Matlab,matlab tutorial,2022-12-01,31,2.4642292778112455e-07,672,0.046131,8.918154761904763,0.5173,0.5042,-36.7347
Objective-C,objective-c tutorial,2022-12-01,0,0.0,672,0.0,8.918154761904763,0.0,0.0,
PHP,php tutorial,2022-12-01,367,2.9173294998604097e-06,672,0.546131,8.918154761904763,6.1238,3.6126,1.662
Perl,perl tutorial,2022-12-01,21,1.6693166075495534e-07,672,0.03125,8.918154761904763,0.3504,0.09,50.0
Powershell,powershell tutorial,2022-12-01,9,7.154214032355229e-08,672,0.013393,8.918154761904763,0.1502,0.139,0.0
Python,python tutorial,2022-12-01,2820,2.2416537301379716e-05,672,4.196429,8.918154761904763,47.0549,61.0525,-25.6329
R,r language tutorial,2022-12-01,0,0.0,672,0.0,8.918154761904763,0.0,0.0,
Ruby,ruby tutorial,2022-12-01,56,4.451510953465476e-07,672,0.083333,8.918154761904763,0.9344,0.7861,24.4444
Rust,rust tutorial,2022-12-01,96,7.631161634512244e-07,672,0.142857,8.918154761904763,1.6019,1.4301,-18.6441
Scala,scala tutorial,2022-12-01,22,1.7488078745757226e-07,672,0.032738,8.918154761904763,0.3671,0.174,-35.2941
Swift,swift tutorial,2022-12-01,105,8.346583037747767e-07,672,0.15625,8.918154761904763,1.752,1.797,-28.5714
TypeScript,typescript tutorial,2022-12-01,35,2.782194345915922e-07,672,0.052083,8.918154761904763,0.584,0.6192,-55.1282
VBA,vba tutorial,2022-12-01,17,1.3513515394448766e-07,672,0.025298,8.918154761904763,0.2837,0.2039,-34.6154
Visual Basic,visual basic tutorial,2022-12-01,0,0.0,672,0.0,8.918154761904763,0.0,0.0379,
Zig,zig tutorial,2022-12-01,0,0.0,672,0.0,8.918154761904763,0.0,0.0248,-100.0
Abap,abap tutorial,2023-01-01,0,0.0,721,0.0,8.915395284327323,0.0,0.0703,
Ada,ada tutorial,2023-01-01,0,0.0,721,0.0,8.915395284327323,0.0,0.0,
C#,c# tutorial,2023-01-01,0,0.0,721,0.0,8.915395284327323,0.0,0.0,
C/C++,c++ tutorial,2023-01-01,1138,9.2324920147777e-06,721,1.578363,8.915395284327323,17.7038,14.7213,-6.6448
Cobol,cobol tutorial,2023-01-01,0,0.0,721,0.0,8.915395284327323,0.0,0.0,
Dart,dart tutorial,2023-01-01,46,3.731938775744941e-07,721,0.0638,8.915395284327323,0.7156,0.397,31.4286
Delphi/Pascal,delphi tutorial,2023-01-01,0,0.0,721,0.0,8.915395284327323,0.0,0.1133,-100.0
Go,golang tutorial,2023-01-01,118,9.573234250823978e-07,721,0.163662,8.915395284327323,1.8357,1.2846,37.2093
Groovy,groovy tutorial,2023-01-01,0,0.0,721,0.0,8.915395284327323,0.0,0.1243,
Haskell,haskell tutorial,2023-01-01,35,2.839518633718977e-07,721,0.048544,8.915395284327323,0.5445,0.2957,191.6667
Java,java tutorial,2023-01-01,721,5.849408385461091e-06,721,1.0,8.915395284327323,11.2166,8.9697,7.2917
JavaScript,javascript tutorial,2023-01-01,137,1.111468722341428e-06,721,0.190014,8.915395284327323,2.1313,1.879,-0.7246
Julia,julia tutorial,2023-01-01,20,1.6225820764108438e-07,721,0.027739,8.915395284327323,0.3111,0.1982,53.8462
Kotlin,kotlin tutorial,2023-01-01,147,1.1925978261619702e-06,721,0.203883,8.915395284327323,2.2869,2.1213,4.2553
Lua,lua tutorial,2023-01-01,81,6.571457409463916e-07,721,0.112344,8.915395284327323,1.2601,1.0959,-5.814
Matlab,matlab tutorial,2023-01-01,25,2.028227595513555e-07,721,0.034674,8.915395284327323,0.3889,0.4568,-19.3548
Objective-C,objective-c tutorial,2023-01-01,0,0.0,721,0.0,8.915395284327323,0.0,0.0,
PHP,php tutorial,2023-01-01,333,2.7015991572240545e-06,721,0.461859,8.915395284327323,5.1805,4.0808,-9.2643
Perl,perl tutorial,2023-01-01,11,8.92420142025964e-08,721,0.015257,8.915395284327323,0.1711,0.1185,-47.619
Powershell,powershell tutorial,2023-01-01,10,8.112910382054219e-08,721,0.01387,8.915395284327323,0.1556,0.1392,11.1111
Python,python tutorial,2023-01-01,3213,2.606678105754021e-05,721,4.456311,8.915395284327323,49.9844,58.6649,13.9362
R,r language tutorial,2023-01-01,0,0.0,721,0.0,8.915395284327323,0.0,0.0,
Ruby,ruby tutorial,2023-01-01,56,4.543229813950363e-07,721,0.07767,8.915395284327323,0.8712,0.7817,0.0
Rust,rust tutorial,2023-01-01,139,1.1276945431055363e-06,721,0.192788,8.915395284327323,2.1624,1.5614,44.7917
Scala,scala tutorial,2023-01-01,18,1.4603238687697592e-07,721,0.024965,8.915395284327323,0.28,0.2043,-18.1818
Swift,swift tutorial,2023-01-01,117,9.492105147003436e-07,721,0.162275,8.915395284327323,1.8202,1.8292,11.4286
TypeScript,typescript tutorial,2023-01-01,63,5.111133540694157e-07,721,0.087379,8.915395284327323,0.9801,0.6796,80.0
VBA,vba tutorial,2023-01-01,0,0.0,721,0.0,8.915395284327323,0.0,0.1781,-100.0
Visual Basic,visual basic tutorial,2023-01-01,0,0.0,721,0.0,8.915395284327323,0.0,0.0099,
Zig,zig tutorial,2023-01-01,0,0.0,721,0.0,8.915395284327323,0.0,0.0248,
Abap,abap tutorial,2023-02-01,0,0.0,737,0.0,6.477611940298508,0.0,0.0102,
Ada,ada tutorial,2023-02-01,0,0.0,737,0.0,6.477611940298508,0.0,0.0,
C#,c# tutorial,2023-02-01,0,0.0,737,0.0,6.477611940298508,0.0,0.0,
C/C++,c++ tutorial,2023-02-01,1172,1.027013483247639e-05,737,1.590231,6.477611940298508,24.5496,14.9099,2.9877
Cobol,cobol tutorial,2023-02-01,0,0.0,737,0.0,6.477611940298508,0.0,0.0,
Dart,dart tutorial,2023-02-01,24,2.103099283100967e-07,737,0.032564,6.477611940298508,0.5027,0.4068,-47.8261
Delphi/Pascal,delphi tutorial,2023-02-01,0,0.0,737,0.0,6.477611940298508,0.0,0.0763,
Go,golang tutorial,2023-02-01,104,9.113430226770856e-07,737,0.141113,6.477611940298508,2.1785,1.2777,-11.8644
Groovy,groovy tutorial,2023-02-01,0,0.0,737,0.0,6.477611940298508,0.0,0.0503,
Haskell,haskell tutorial,2023-02-01,17,1.4896953255298518e-07,737,0.023066,6.477611940298508,0.3561,0.2625,-51.4286
Java,java tutorial,2023-02-01,737,6.458267381855886e-06,737,1.0,6.477611940298508,15.4378,9.0131,2.2191
JavaScript,javascript tutorial,2023-02-01,149,1.3056741382585168e-06,737,0.202171,6.477611940298508,3.1211,1.7749,8.7591
Julia,julia tutorial,2023-02-01,5,4.3814568397936813e-08,737,0.006784,6.477611940298508,0.1047,0.1648,-75.0
Kotlin,kotlin tutorial,2023-02-01,111,9.726834184341971e-07,737,0.150611,6.477611940298508,2.3251,1.829,-24.4898
Lua,lua tutorial,2023-02-01,80,7.010330943669889e-07,737,0.108548,6.477611940298508,1.6757,1.0099,-1.2346
Matlab,matlab tutorial,2023-02-01,25,2.190728419896841e-07,737,0.033921,6.477611940298508,0.5237,0.4377,0.0
Objective-C,objective-c tutorial,2023-02-01,0,0.0,737,0.0,6.477611940298508,0.0,0.0,
PHP,php tutorial,2023-02-01,390,3.417536335039071e-06,737,0.529172,6.477611940298508,8.1693,4.5822,17.1171
Perl,perl tutorial,2023-02-01,12,1.0515496415504835e-07,737,0.016282,6.477611940298508,0.2514,0.1604,9.0909
Powershell,powershell tutorial,2023-02-01,8,7.01033094366989e-08,737,0.010855,6.477611940298508,0.1676,0.1208,-20.0
Python,python tutorial,2023-02-01,1645,1.4414993002921213e-05,737,2.232022,6.477611940298508,34.4575,59.4319,-48.8017
R,r language tutorial,2023-02-01,0,0.0,737,0.0,6.477611940298508,0.0,0.0,
Ruby,ruby tutorial,2023-02-01,30,2.628874103876209e-07,737,0.040706,6.477611940298508,0.6284,0.5812,-46.4286
Rust,rust tutorial,2023-02-01,88,7.711364038036879e-07,737,0.119403,6.477611940298508,1.8433,1.3321,-36.6906
Scala,scala tutorial,2023-02-01,18,1.577324462325725e-07,737,0.024423,6.477611940298508,0.377,0.2672,0.0
Swift,swift tutorial,2023-02-01,103,9.025801089974984e-07,737,0.139756,6.477611940298508,2.1575,1.4488,-11.9658
TypeScript,typescript tutorial,2023-02-01,56,4.907231660568923e-07,737,0.075984,6.477611940298508,1.173,0.6855,-11.1111
VBA,vba tutorial,2023-02-01,0,0.0,737,0.0,6.477611940298508,0.0,0.1319,
Visual Basic,visual basic tutorial,2023-02-01,0,0.0,737,0.0,6.477611940298508,0.0,0.0099,
Zig,zig tutorial,2023-02-01,0,0.0,737,0.0,6.477611940298508,0.0,0.0248,
Abap,abap tutorial,2023-03-01,0,0.0,809,0.0,7.517923362175526,0.0,0.0066,
Ada,ada tutorial,2023-03-01,0,0.0,809,0.0,7.517923362175526,0.0,0.0,
C#,c# tutorial,2023-03-01,0,0.0,809,0.0,7.517923362175526,0.0,0.0,
C/C++,c++ tutorial,2023-03-01,1202,9.662834093296693e-06,809,1.485785,7.517923362175526,19.7632,17.6732,2.5597
Cobol,cobol tutorial,2023-03-01,5,4.0194817359803206e-08,809,0.00618,7.517923362175526,0.0822,0.0137,inf
Dart,dart tutorial,2023-03-01,41,3.2959750235038633e-07,809,0.05068,7.517923362175526,0.6741,0.5129,70.8333
Delphi/Pascal,delphi tutorial,2023-03-01,24,1.9293512332705538e-07,809,0.029666,7.517923362175526,0.3946,0.141,inf
Go,golang tutorial,2023-03-01,110,8.842859819156706e-07,809,0.13597,7.517923362175526,1.8086,1.5393,5.7692
Groovy,groovy tutorial,2023-03-01,0,0.0,809,0.0,7.517923362175526,0.0,0.0441,
Haskell,haskell tutorial,2023-03-01,15,1.2058445207940962e-07,809,0.018541,7.517923362175526,0.2466,0.2974,-11.7647
Java,java tutorial,2023-03-01,809,6.503521448816159e-06,809,1.0,7.517923362175526,13.3015,10.8827,9.7693
JavaScript,javascript tutorial,2023-03-01,160,1.2862341555137026e-06,809,0.197775,7.517923362175526,2.6307,2.1497,7.3826
Julia,julia tutorial,2023-03-01,15,1.2058445207940962e-07,809,0.018541,7.517923362175526,0.2466,0.196,200.0
Kotlin,kotlin tutorial,2023-03-01,203,1.6319095848080104e-06,809,0.250927,7.517923362175526,3.3377,2.3154,82.8829
Lua,lua tutorial,2023-03-01,77,6.190001873409695e-07,809,0.095179,7.517923362175526,1.266,1.1862,-3.75
Matlab,matlab tutorial,2023-03-01,34,2.7332475804666184e-07,809,0.042027,7.517923362175526,0.559,0.5086,36.0
Objective-C,objective-c tutorial,2023-03-01,0,0.0,809,0.0,7.517923362175526,0.0,0.0,
PHP,php tutorial,2023-03-01,390,3.1351957540646503e-06,809,0.482077,7.517923362175526,6.4124,5.4859,0.0
Perl,perl tutorial,2023-03-01,29,2.3312994068685866e-07,809,0.035847,7.517923362175526,0.4768,0.2399,141.6667
Powershell,powershell tutorial,2023-03-01,18,1.4470134249529157e-07,809,0.02225,7.517923362175526,0.296,0.1609,125.0
Python,python tutorial,2023-03-01,2551,2.05073958169716e-05,809,3.153276,7.517923362175526,41.9434,51.2474,55.076
R,r language tutorial,2023-03-01,5,4.0194817359803206e-08,809,0.00618,7.517923362175526,0.0822,0.0137,inf
Ruby,ruby tutorial,2023-03-01,53,4.260650640139141e-07,809,0.065513,7.517923362175526,0.8714,0.7026,76.6667
Rust,rust tutorial,2023-03-01,121,9.727145801072375e-07,809,0.149567,7.517923362175526,1.9895,1.6115,37.5
Scala,scala tutorial,2023-03-01,19,1.527403059672522e-07,809,0.023486,7.517923362175526,0.3124,0.3192,5.5556
Swift,swift tutorial,2023-03-01,131,1.053104214826844e-06,809,0.161928,7.517923362175526,2.1539,1.7354,27.1845
TypeScript,typescript tutorial,2023-03-01,70,5.627274430372449e-07,809,0.086527,7.517923362175526,1.1509,0.8561,25.0
VBA,vba tutorial,2023-03-01,0,0.0,809,0.0,7.517923362175526,0.0,0.1257,
Visual Basic,visual basic tutorial,2023-03-01,0,0.0,809,0.0,7.517923362175526,0.0,0.0099,
Zig,zig tutorial,2023-03-01,0,0.0,809,0.0,7.517923362175526,0.0,0.0248,
Abap,abap tutorial,2023-04-01,0,0.0,724,0.0,22.21132596685083,0.0,0.0,
Ada,ada tutorial,2023-04-01,0,0.0,724,0.0,22.21132596685083,0.0,0.0,
C#,c# tutorial,2023-04-01,0,0.0,724,0.0,22.21132596685083,0.0,0.0,
C/C++,c++ tutorial,2023-04-01,1233,1.0681407283622086e-05,724,1.703039,22.21132596685083,7.6674,17.9753,2.579
Cobol,cobol tutorial,2023-04-01,0,0.0,724,0.0,22.21132596685083,0.0,0.0137,-100.0
Dart,dart tutorial,2023-04-01,23,1.9924766222490514e-07,724,0.031768,22.21132596685083,0.143,0.5179,-43.9024
Delphi/Pascal,delphi tutorial,2023-04-01,6,5.1977651015192636e-08,724,0.008287,22.21132596685083,0.0373,0.1415,-75.0
Go,golang tutorial,2023-04-01,87,7.536759397202931e-07,724,0.120166,22.21132596685083,0.541,1.512,-20.9091
Groovy,groovy tutorial,2023-04-01,40,3.4651767343461757e-07,724,0.055249,22.21132596685083,0.2487,0.0708,inf
Haskell,haskell tutorial,2023-04-01,14,1.2128118570211614e-07,724,0.019337,22.21132596685083,0.0871,0.3046,-6.6667
Java,java tutorial,2023-04-01,724,6.271969889166577e-06,724,1.0,22.21132596685083,4.5022,11.008,-10.5068
JavaScript,javascript tutorial,2023-04-01,153,1.3254301008874122e-06,724,0.211326,22.21132596685083,0.9514,2.1587,-4.375
Julia,julia tutorial,2023-04-01,7,6.064059285105807e-08,724,0.009669,22.21132596685083,0.0435,0.1877,-53.3333
Kotlin,kotlin tutorial,2023-04-01,99,8.576312417506785e-07,724,0.13674,22.21132596685083,0.6156,2.2735,-51.2315
Lua,lua tutorial,2023-04-01,84,7.276871142126968e-07,724,0.116022,22.21132596685083,0.5224,1.2026,9.0909
Matlab,matlab tutorial,2023-04-01,22,1.905847203890397e-07,724,0.030387,22.21132596685083,0.1368,0.4649,-35.2941
Objective-C,objective-c tutorial,2023-04-01,0,0.0,724,0.0,22.21132596685083,0.0,0.0,
PHP,php tutorial,2023-04-01,280,2.425623714042323e-06,724,0.38674,22.21132596685083,1.7412,5.4196,-28.2051
Perl,perl tutorial,2023-04-01,7,6.064059285105807e-08,724,0.009669,22.21132596685083,0.0435,0.2471,-75.8621
Powershell,powershell tutorial,2023-04-01,23,1.9924766222490514e-07,724,0.031768,22.21132596685083,0.143,0.1724,27.7778
Python,python tutorial,2023-04-01,12983,0.000112470973855,724,17.93232,22.21132596685083,80.735,50.9239,408.9377
R,r language tutorial,2023-04-01,0,0.0,724,0.0,22.21132596685083,0.0,0.0137,-100.0
Ruby,ruby tutorial,2023-04-01,39,3.378547315987521e-07,724,0.053867,22.21132596685083,0.2425,0.6929,-26.4151
Rust,rust tutorial,2023-04-01,91,7.883277070637549e-07,724,0.125691,22.21132596685083,0.5659,1.6269,-24.7934
Scala,scala tutorial,2023-04-01,14,1.2128118570211614e-07,724,0.019337,22.21132596685083,0.0871,0.314,-26.3158
Swift,swift tutorial,2023-04-01,104,9.009459509300056e-07,724,0.143646,22.21132596685083,0.6467,1.7536,-20.6107
TypeScript,typescript tutorial,2023-04-01,48,4.158212081215411e-07,724,0.066298,22.21132596685083,0.2985,0.8739,-31.4286
VBA,vba tutorial,2023-04-01,0,0.0,724,0.0,22.21132596685083,0.0,0.106,
Visual Basic,visual basic tutorial,2023-04-01,0,0.0,724,0.0,22.21132596685083,0.0,0.0,
Zig,zig tutorial,2023-04-01,0,0.0,724,0.0,22.21132596685083,0.0,0.0248,
Abap,abap tutorial,2023-05-01,0,0.0,668,0.0,10.793413173652695,0.0,0.0,
Ada,ada tutorial,2023-05-01,0,0.0,668,0.0,10.793413173652695,0.0,0.0,
C#,c# tutorial,2023-05-01,0,0.0,668,0.0,10.793413173652695,0.0,0.0,
C/C++,c++ tutorial,2023-05-01,1214,1.073206470297806e-05,668,1.817365,10.793413173652695,16.8377,17.8104,-1.541
Cobol,cobol tutorial,2023-05-01,0,0.0,668,0.0,10.793413173652695,0.0,0.0137,
Dart,dart tutorial,2023-05-01,69,6.099773183735471e-07,668,0.103293,10.793413173652695,0.957,0.5961,200.0
Delphi/Pascal,delphi tutorial,2023-05-01,43,3.801307926096018e-07,668,0.064371,10.793413173652695,0.5964,0.2048,616.6667
Go,golang tutorial,2023-05-01,63,5.569358124280213e-07,668,0.094311,10.793413173652695,0.8738,1.4454,-27.5862
Groovy,groovy tutorial,2023-05-01,7,6.18817569364468e-08,668,0.010479,10.793413173652695,0.0971,0.0576,-82.5
Haskell,haskell tutorial,2023-05-01,0,0.0,668,0.0,10.793413173652695,0.0,0.2391,-100.0
Java,java tutorial,2023-05-01,668,5.905287661935209e-06,668,1.0,10.793413173652695,9.2649,10.8227,-7.7348
JavaScript,javascript tutorial,2023-05-01,109,9.63587358010386e-07,668,0.163174,10.793413173652695,1.5118,2.1082,-28.7582
Julia,julia tutorial,2023-05-01,21,1.8564527080934042e-07,668,0.031437,10.793413173652695,0.2913,0.2024,200.0
Kotlin,kotlin tutorial,2023-05-01,152,1.3437181506199878e-06,668,0.227545,10.793413173652695,2.1082,2.171,53.5354
Lua,lua tutorial,2023-05-01,94,8.309835931465714e-07,668,0.140719,10.793413173652695,1.3037,1.2438,11.9048
Matlab,matlab tutorial,2023-05-01,28,2.475270277457872e-07,668,0.041916,10.793413173652695,0.3883,0.419,27.2727
Objective-C,objective-c tutorial,2023-05-01,0,0.0,668,0.0,10.793413173652695,0.0,0.0,
PHP,php tutorial,2023-05-01,317,2.802359564121948e-06,668,0.474551,10.793413173652695,4.3967,5.3373,13.2143
Perl,perl tutorial,2023-05-01,17,1.5028426684565653e-07,668,0.025449,10.793413173652695,0.2358,0.2548,142.8571
Powershell,powershell tutorial,2023-05-01,23,2.0332577279118237e-07,668,0.034431,10.793413173652695,0.319,0.2052,0.0
Python,python tutorial,2023-05-01,4033,3.565273224638428e-05,668,6.037425,10.793413173652695,55.9362,51.6852,-68.9363
R,r language tutorial,2023-05-01,0,0.0,668,0.0,10.793413173652695,0.0,0.0137,
Ruby,ruby tutorial,2023-05-01,50,4.420125495460486e-07,668,0.07485,10.793413173652695,0.6935,0.7069,28.2051
Rust,rust tutorial,2023-05-01,114,1.0077886129649909e-06,668,0.170659,10.793413173652695,1.5811,1.624,25.2747
Scala,scala tutorial,2023-05-01,9,7.956225891828875e-08,668,0.013473,10.793413173652695,0.1248,0.2581,-35.7143
Swift,swift tutorial,2023-05-01,97,8.575043461193343e-07,668,0.14521,10.793413173652695,1.3454,1.646,-6.7308
TypeScript,typescript tutorial,2023-05-01,58,5.127345574734164e-07,668,0.086826,10.793413173652695,0.8044,0.8318,20.8333
VBA,vba tutorial,2023-05-01,0,0.0,668,0.0,10.793413173652695,0.0,0.0473,
Visual Basic,visual basic tutorial,2023-05-01,24,2.1216602378210335e-07,668,0.035928,10.793413173652695,0.3329,0.0555,inf
Zig,zig tutorial,2023-05-01,0,0.0,668,0.0,10.793413173652695,0.0,0.0,
Abap,abap tutorial,2023-06-01,0,0.0,581,0.0,8.080895008605852,0.0,0.0,
Ada,ada tutorial,2023-06-01,0,0.0,581,0.0,8.080895008605852,0.0,0.0,
C#,c# tutorial,2023-06-01,0,0.0,581,0.0,8.080895008605852,0.0,0.0,
C/C++,c++ tutorial,2023-06-01,1006,9.812599778051614e-06,581,1.731497,8.080895008605852,21.4271,17.9915,-17.1334
Cobol,cobol tutorial,2023-06-01,0,0.0,581,0.0,8.080895008605852,0.0,0.0137,
Dart,dart tutorial,2023-06-01,35,3.413926364133266e-07,581,0.060241,8.080895008605852,0.7455,0.623,-49.2754
Delphi/Pascal,delphi tutorial,2023-06-01,20,1.950815065219009e-07,581,0.034423,8.080895008605852,0.426,0.2424,-53.4884
Go,golang tutorial,2023-06-01,73,7.120474988049383e-07,581,0.125645,8.080895008605852,1.5548,1.4654,15.873
Groovy,groovy tutorial,2023-06-01,0,0.0,581,0.0,8.080895008605852,0.0,0.0576,-100.0
Haskell,haskell tutorial,2023-06-01,15,1.4631112989142566e-07,581,0.025818,8.080895008605852,0.3195,0.259,inf
Java,java tutorial,2023-06-01,581,5.6671177644612204e-06,581,1.0,8.080895008605852,12.3749,11.0163,-13.024
JavaScript,javascript tutorial,2023-06-01,137,1.3363083196750211e-06,581,0.2358,8.080895008605852,2.918,2.2107,25.6881
Julia,julia tutorial,2023-06-01,0,0.0,581,0.0,8.080895008605852,0.0,0.1662,-100.0
Kotlin,kotlin tutorial,2023-06-01,108,1.0534401352182649e-06,581,0.185886,8.080895008605852,2.3003,2.1623,-28.9474
Lua,lua tutorial,2023-06-01,73,7.120474988049383e-07,581,0.125645,8.080895008605852,1.5548,1.2638,-22.3404
Matlab,matlab tutorial,2023-06-01,77,7.510638001093185e-07,581,0.13253,8.080895008605852,1.64,0.6061,175.0
Objective-C,objective-c tutorial,2023-06-01,0,0.0,581,0.0,8.080895008605852,0.0,0.0,
PHP,php tutorial,2023-06-01,226,2.20442102369748e-06,581,0.388985,8.080895008605852,4.8136,5.1189,-28.7066
Perl,perl tutorial,2023-06-01,18,1.755733558697108e-07,581,0.030981,8.080895008605852,0.3834,0.2603,5.8824
Powershell,powershell tutorial,2023-06-01,17,1.658192805436158e-07,581,0.02926,8.080895008605852,0.3621,0.2405,-26.087
Python,python tutorial,2023-06-01,1907,1.860102164686325e-05,581,3.282272,8.080895008605852,40.6177,50.6124,-52.7151
R,r language tutorial,2023-06-01,0,0.0,581,0.0,8.080895008605852,0.0,0.0137,
Ruby,ruby tutorial,2023-06-01,35,3.413926364133266e-07,581,0.060241,8.080895008605852,0.7455,0.6754,-30.0
Rust,rust tutorial,2023-06-01,170,1.6581928054361575e-06,581,0.292599,8.080895008605852,3.6209,1.9605,49.1228
Scala,scala tutorial,2023-06-01,7,6.827852728266531e-08,581,0.012048,8.080895008605852,0.1491,0.2217,-22.2222
Swift,swift tutorial,2023-06-01,105,1.0241779092399798e-06,581,0.180723,8.080895008605852,2.2364,1.7267,8.2474
TypeScript,typescript tutorial,2023-06-01,76,7.413097247832233e-07,581,0.130809,8.080895008605852,1.6187,1.0043,31.0345
VBA,vba tutorial,2023-06-01,0,0.0,581,0.0,8.080895008605852,0.0,0.0,
Visual Basic,visual basic tutorial,2023-06-01,9,8.77866779348554e-08,581,0.015491,8.080895008605852,0.1917,0.0874,-62.5
Zig,zig tutorial,2023-06-01,0,0.0,581,0.0,8.080895008605852,0.0,0.0,
Abap,abap tutorial,2023-07-01,0,0.0,547,0.0,7.8574040219378425,0.0,0.0,
Ada,ada tutorial,2023-07-01,0,0.0,547,0.0,7.8574040219378425,0.0,0.0,
C#,c# tutorial,2023-07-01,0,0.0,547,0.0,7.8574040219378425,0.0,0.0,
C/C++,c++ tutorial,2023-07-01,1097,1.0875219686166516e-05,547,2.005484,7.8574040219378425,25.5235,19.2948,9.0457
Cobol,cobol tutorial,2023-07-01,0,0.0,547,0.0,7.8574040219378425,0.0,0.0137,
Dart,dart tutorial,2023-07-01,61,6.04729627033872e-07,547,0.111517,7.8574040219378425,1.4193,0.7403,74.2857
Delphi/Pascal,delphi tutorial,2023-07-01,37,3.668032163975945e-07,547,0.067642,7.8574040219378425,0.8609,0.3859,85.0
Go,golang tutorial,2023-07-01,86,8.525696381133276e-07,547,0.157221,7.8574040219378425,2.0009,1.4929,17.8082
Groovy,groovy tutorial,2023-07-01,0,0.0,547,0.0,7.8574040219378425,0.0,0.0576,
Haskell,haskell tutorial,2023-07-01,12,1.1896320531813877e-07,547,0.021938,7.8574040219378425,0.2792,0.2147,-20.0
Java,java tutorial,2023-07-01,547,5.4227394424184905e-06,547,1.0,7.8574040219378425,12.7268,11.268,-5.852
JavaScript,javascript tutorial,2023-07-01,124,1.2292864549541005e-06,547,0.226691,7.8574040219378425,2.8851,2.3363,-9.4891
Julia,julia tutorial,2023-07-01,0,0.0,547,0.0,7.8574040219378425,0.0,0.1144,
Kotlin,kotlin tutorial,2023-07-01,108,1.0706688478632487e-06,547,0.197441,7.8574040219378425,2.5128,2.2,0.0
Lua,lua tutorial,2023-07-01,110,1.0904960487496051e-06,547,0.201097,7.8574040219378425,2.5593,1.4803,50.6849
Matlab,matlab tutorial,2023-07-01,20,1.982720088635646e-07,547,0.036563,7.8574040219378425,0.4653,0.6189,-74.026
Objective-C,objective-c tutorial,2023-07-01,0,0.0,547,0.0,7.8574040219378425,0.0,0.0,
PHP,php tutorial,2023-07-01,171,1.695225675783477e-06,547,0.312614,7.8574040219378425,3.9786,4.9186,-24.3363
Perl,perl tutorial,2023-07-01,9,8.922240398860407e-08,547,0.016453,7.8574040219378425,0.2094,0.2667,-50.0
Powershell,powershell tutorial,2023-07-01,7,6.93952031022476e-08,547,0.012797,7.8574040219378425,0.1629,0.2418,-58.8235
Python,python tutorial,2023-07-01,1452,1.4394547843494788e-05,547,2.654479,7.8574040219378425,33.7832,47.9122,-23.8595
R,r language tutorial,2023-07-01,0,0.0,547,0.0,7.8574040219378425,0.0,0.0137,
Ruby,ruby tutorial,2023-07-01,61,6.04729627033872e-07,547,0.111517,7.8574040219378425,1.4193,0.7668,74.2857
Rust,rust tutorial,2023-07-01,138,1.3680768611585956e-06,547,0.252285,7.8574040219378425,3.2108,2.1352,-18.8235
Scala,scala tutorial,2023-07-01,10,9.91360044317823e-08,547,0.018282,7.8574040219378425,0.2327,0.2138,42.8571
Swift,swift tutorial,2023-07-01,167,1.6555712740107642e-06,547,0.305302,7.8574040219378425,3.8855,2.0709,59.0476
TypeScript,typescript tutorial,2023-07-01,62,6.146432274770502e-07,547,0.113346,7.8574040219378425,1.4425,1.0814,-18.4211
VBA,vba tutorial,2023-07-01,0,0.0,547,0.0,7.8574040219378425,0.0,0.0,
Visual Basic,visual basic tutorial,2023-07-01,8,7.930880354542582e-08,547,0.014625,7.8574040219378425,0.1861,0.1184,-11.1111
Zig,zig tutorial,2023-07-01,11,1.0904960487496053e-07,547,0.02011,7.8574040219378425,0.2559,0.0427,inf
Abap,abap tutorial,2023-08-01,0,0.0,625,0.0,6.1168000000000005,0.0,0.0,
Ada,ada tutorial,2023-08-01,8,7.964060805002563e-08,625,0.0128,6.1168000000000005,0.2093,0.0349,inf
C#,c# tutorial,2023-08-01,0,0.0,625,0.0,6.1168000000000005,0.0,0.0,
C/C++,c++ tutorial,2023-08-01,913,9.088984393709173e-06,625,1.4608,6.1168000000000005,23.8818,19.1835,-16.773
Cobol,cobol tutorial,2023-08-01,0,0.0,625,0.0,6.1168000000000005,0.0,0.0137,
Dart,dart tutorial,2023-08-01,20,1.9910152012506405e-07,625,0.032,6.1168000000000005,0.5231,0.7437,-67.2131
Delphi/Pascal,delphi tutorial,2023-08-01,14,1.393710640875448e-07,625,0.0224,6.1168000000000005,0.3662,0.4469,-62.1622
Go,golang tutorial,2023-08-01,112,1.1149685127003584e-06,625,0.1792,6.1168000000000005,2.9296,1.6181,30.2326
Groovy,groovy tutorial,2023-08-01,0,0.0,625,0.0,6.1168000000000005,0.0,0.0576,
Haskell,haskell tutorial,2023-08-01,14,1.393710640875448e-07,625,0.0224,6.1168000000000005,0.3662,0.2164,16.6667
Java,java tutorial,2023-08-01,625,6.221922503908252e-06,625,1.0,6.1168000000000005,16.3484,11.4198,14.2596
JavaScript,javascript tutorial,2023-08-01,111,1.1050134366941054e-06,625,0.1776,6.1168000000000005,2.9035,2.3001,-10.4839
Julia,julia tutorial,2023-08-01,0,0.0,625,0.0,6.1168000000000005,0.0,0.0969,
Kotlin,kotlin tutorial,2023-08-01,134,1.333980184837929e-06,625,0.2144,6.1168000000000005,3.5051,2.3966,24.0741
Lua,lua tutorial,2023-08-01,115,1.144833740719118e-06,625,0.184,6.1168000000000005,3.0081,1.7024,4.5455
Matlab,matlab tutorial,2023-08-01,34,3.384725842126089e-07,625,0.0544,6.1168000000000005,0.8894,0.6798,70.0
Objective-C,objective-c tutorial,2023-08-01,0,0.0,625,0.0,6.1168000000000005,0.0,0.0,
PHP,php tutorial,2023-08-01,173,1.722228149081804e-06,625,0.2768,6.1168000000000005,4.5252,4.3113,1.1696
Perl,perl tutorial,2023-08-01,0,0.0,625,0.0,6.1168000000000005,0.0,0.2248,-100.0
Powershell,powershell tutorial,2023-08-01,0,0.0,625,0.0,6.1168000000000005,0.0,0.2138,-100.0
Python,python tutorial,2023-08-01,1206,1.2005821663541362e-05,625,1.9296,6.1168000000000005,31.5459,47.4269,-16.9421
R,r language tutorial,2023-08-01,0,0.0,625,0.0,6.1168000000000005,0.0,0.0137,
Ruby,ruby tutorial,2023-08-01,47,4.678885722939005e-07,625,0.0752,6.1168000000000005,1.2294,0.8669,-22.9508
Rust,rust tutorial,2023-08-01,145,1.4434860209067142e-06,625,0.232,6.1168000000000005,3.7928,2.4602,5.0725
Scala,scala tutorial,2023-08-01,11,1.0950583606878524e-07,625,0.0176,6.1168000000000005,0.2877,0.199,10.0
Swift,swift tutorial,2023-08-01,99,9.85552524619067e-07,625,0.1584,6.1168000000000005,2.5896,2.1429,-40.7186
TypeScript,typescript tutorial,2023-08-01,42,4.181131922626345e-07,625,0.0672,6.1168000000000005,1.0986,1.069,-32.2581
VBA,vba tutorial,2023-08-01,0,0.0,625,0.0,6.1168000000000005,0.0,0.0,
Visual Basic,visual basic tutorial,2023-08-01,0,0.0,625,0.0,6.1168000000000005,0.0,0.1184,-100.0
Zig,zig tutorial,2023-08-01,0,0.0,625,0.0,6.1168000000000005,0.0,0.0427,-100.0
Abap,abap tutorial,2023-09-01,0,0.0,580,0.0,7.468965517241379,0.0,0.0,
Ada,ada tutorial,2023-09-01,0,0.0,580,0.0,7.468965517241379,0.0,0.0349,-100.0
C#,c# tutorial,2023-09-01,0,0.0,580,0.0,7.468965517241379,0.0,0.0,
C/C++,c++ tutorial,2023-09-01,1103,1.0256113491211374e-05,580,1.901724,7.468965517241379,25.4617,20.1332,20.8105
Cobol,cobol tutorial,2023-09-01,0,0.0,580,0.0,7.468965517241379,0.0,0.0,
Dart,dart tutorial,2023-09-01,26,2.417578882787813e-07,580,0.044828,7.468965517241379,0.6002,0.7314,30.0
Delphi/Pascal,delphi tutorial,2023-09-01,0,0.0,580,0.0,7.468965517241379,0.0,0.3811,-100.0
Go,golang tutorial,2023-09-01,80,7.438704254731731e-07,580,0.137931,7.468965517241379,1.8467,1.6245,-28.5714
Groovy,groovy tutorial,2023-09-01,0,0.0,580,0.0,7.468965517241379,0.0,0.0576,
Haskell,haskell tutorial,2023-09-01,7,6.508866222890266e-08,580,0.012069,7.468965517241379,0.1616,0.2023,-50.0
Java,java tutorial,2023-09-01,580,5.393060584680505e-06,580,1.0,7.468965517241379,13.3887,11.4343,-7.2
JavaScript,javascript tutorial,2023-09-01,106,9.856283137519542e-07,580,0.182759,7.468965517241379,2.4469,2.2694,-4.5045
Julia,julia tutorial,2023-09-01,29,2.696530292340253e-07,580,0.05,7.468965517241379,0.6694,0.1674,inf
Kotlin,kotlin tutorial,2023-09-01,126,1.1715959201202475e-06,580,0.217241,7.468965517241379,2.9086,2.3251,-5.9701
Lua,lua tutorial,2023-09-01,75,6.973785238810998e-07,580,0.12931,7.468965517241379,1.7313,1.7799,-34.7826
Matlab,matlab tutorial,2023-09-01,45,4.184271143286599e-07,580,0.077586,7.468965517241379,1.0388,0.7598,32.3529
Objective-C,objective-c tutorial,2023-09-01,0,0.0,580,0.0,7.468965517241379,0.0,0.0,
PHP,php tutorial,2023-09-01,308,2.8639011380717165e-06,580,0.531034,7.468965517241379,7.1099,4.4275,78.0347
Perl,perl tutorial,2023-09-01,0,0.0,580,0.0,7.468965517241379,0.0,0.1453,
Powershell,powershell tutorial,2023-09-01,15,1.3947570477621994e-07,580,0.025862,7.468965517241379,0.3463,0.2222,inf
Python,python tutorial,2023-09-01,1409,1.310141786864626e-05,580,2.42931,7.468965517241379,32.5254,45.8572,16.8325
R,r language tutorial,2023-09-01,6,5.579028191048798e-08,580,0.010345,7.468965517241379,0.1385,0.0231,inf
Ruby,ruby tutorial,2023-09-01,48,4.4632225528390386e-07,580,0.082759,7.468965517241379,1.108,0.9064,2.1277
Rust,rust tutorial,2023-09-01,183,1.7016035982698836e-06,580,0.315517,7.468965517241379,4.2244,2.8327,26.2069
Scala,scala tutorial,2023-09-01,15,1.3947570477621994e-07,580,0.025862,7.468965517241379,0.3463,0.2046,36.3636
Swift,swift tutorial,2023-09-01,93,8.647493696125636e-07,580,0.160345,7.468965517241379,2.1468,2.1417,-6.0606
TypeScript,typescript tutorial,2023-09-01,51,4.742173962391479e-07,580,0.087931,7.468965517241379,1.1773,1.0734,21.4286
VBA,vba tutorial,2023-09-01,16,1.4877408509463462e-07,580,0.027586,7.468965517241379,0.3693,0.0616,inf
Visual Basic,visual basic tutorial,2023-09-01,0,0.0,580,0.0,7.468965517241379,0.0,0.1184,
Zig,zig tutorial,2023-09-01,11,1.022821835025613e-07,580,0.018966,7.468965517241379,0.2539,0.085,inf
Abap,abap tutorial,2023-10-01,0,0.0,615,0.0,7.639024390243902,0.0,0.0,
Ada,ada tutorial,2023-10-01,0,0.0,615,0.0,7.639024390243902,0.0,0.0349,
C#,c# tutorial,2023-10-01,0,0.0,615,0.0,7.639024390243902,0.0,0.0,
C/C++,c++ tutorial,2023-10-01,1246,1.0445904124067605e-05,615,2.026016,7.639024390243902,26.5219,23.2756,12.9646
Cobol,cobol tutorial,2023-10-01,0,0.0,615,0.0,7.639024390243902,0.0,0.0,
Dart,dart tutorial,2023-10-01,33,2.7665717182522545e-07,615,0.053659,7.639024390243902,0.7024,0.8246,26.9231
Delphi/Pascal,delphi tutorial,2023-10-01,0,0.0,615,0.0,7.639024390243902,0.0,0.3749,
Go,golang tutorial,2023-10-01,92,7.712866608460831e-07,615,0.149593,7.639024390243902,1.9583,1.8607,15.0
Groovy,groovy tutorial,2023-10-01,0,0.0,615,0.0,7.639024390243902,0.0,0.0162,
Haskell,haskell tutorial,2023-10-01,9,7.545195595233423e-08,615,0.014634,7.639024390243902,0.1916,0.2197,28.5714
Java,java tutorial,2023-10-01,615,5.155883656742839e-06,615,1.0,7.639024390243902,13.0907,12.8657,6.0345
JavaScript,javascript tutorial,2023-10-01,142,1.1904641939146066e-06,615,0.230894,7.639024390243902,3.0226,2.6146,33.9623
Julia,julia tutorial,2023-10-01,10,8.383550661370469e-08,615,0.01626,7.639024390243902,0.2129,0.1956,-65.5172
Kotlin,kotlin tutorial,2023-10-01,151,1.2659161498669408e-06,615,0.245528,7.639024390243902,3.2141,2.7582,19.8413
Lua,lua tutorial,2023-10-01,100,8.383550661370468e-07,615,0.162602,7.639024390243902,2.1286,2.0476,33.3333
Matlab,matlab tutorial,2023-10-01,46,3.856433304230416e-07,615,0.074797,7.639024390243902,0.9791,0.9002,2.2222
Objective-C,objective-c tutorial,2023-10-01,0,0.0,615,0.0,7.639024390243902,0.0,0.0,
PHP,php tutorial,2023-10-01,343,2.875557876850071e-06,615,0.557724,7.639024390243902,7.301,5.3542,11.3636
Perl,perl tutorial,2023-10-01,0,0.0,615,0.0,7.639024390243902,0.0,0.1381,
Powershell,powershell tutorial,2023-10-01,16,1.341368105819275e-07,615,0.026016,7.639024390243902,0.3406,0.2551,6.6667
Python,python tutorial,2023-10-01,1515,1.270107925197626e-05,615,2.463415,7.639024390243902,32.2478,37.776,7.5231
R,r language tutorial,2023-10-01,0,0.0,615,0.0,7.639024390243902,0.0,0.0231,-100.0
Ruby,ruby tutorial,2023-10-01,34,2.8504072248659596e-07,615,0.055285,7.639024390243902,0.7237,0.9866,-29.1667
Rust,rust tutorial,2023-10-01,154,1.2910668018510523e-06,615,0.250407,7.639024390243902,3.278,3.2847,-15.847
Scala,scala tutorial,2023-10-01,23,1.928216652115208e-07,615,0.037398,7.639024390243902,0.4896,0.2717,53.3333
Swift,swift tutorial,2023-10-01,101,8.467386167984175e-07,615,0.164228,7.639024390243902,2.1499,2.3923,8.6022
TypeScript,typescript tutorial,2023-10-01,41,3.437255771161892e-07,615,0.066667,7.639024390243902,0.8727,1.1691,-19.6078
VBA,vba tutorial,2023-10-01,21,1.7605456388877987e-07,615,0.034146,7.639024390243902,0.447,0.1361,31.25
Visual Basic,visual basic tutorial,2023-10-01,0,0.0,615,0.0,7.639024390243902,0.0,0.1184,
Zig,zig tutorial,2023-10-01,6,5.030130396822282e-08,615,0.009756,7.639024390243902,0.1277,0.1063,-45.4545
Abap,abap tutorial,2023-11-01,0,0.0,634,0.0,7.6545741324921135,0.0,0.0,
Ada,ada tutorial,2023-11-01,0,0.0,634,0.0,7.6545741324921135,0.0,0.0349,
C#,c# tutorial,2023-11-01,0,0.0,634,0.0,7.6545741324921135,0.0,0.0,
C/C++,c++ tutorial,2023-11-01,1324,1.1281650769116411e-05,634,2.088328,7.6545741324921135,27.2821,25.0163,6.26
Cobol,cobol tutorial,2023-11-01,0,0.0,634,0.0,7.6545741324921135,0.0,0.0,
Dart,dart tutorial,2023-11-01,38,3.237936021347612e-07,634,0.059937,7.6545741324921135,0.783,0.7956,15.1515
Delphi/Pascal,delphi tutorial,2023-11-01,0,0.0,634,0.0,7.6545741324921135,0.0,0.2755,
Go,golang tutorial,2023-11-01,112,9.543390378708748e-07,634,0.176656,7.6545741324921135,2.3079,2.0997,21.7391
Groovy,groovy tutorial,2023-11-01,13,1.1077149546715515e-07,634,0.020505,7.6545741324921135,0.2679,0.0446,inf
Haskell,haskell tutorial,2023-11-01,13,1.1077149546715515e-07,634,0.020505,7.6545741324921135,0.2679,0.2643,44.4444
Java,java tutorial,2023-11-01,634,5.4022406250904885e-06,634,1.0,7.6545741324921135,13.0641,13.4989,3.0894
JavaScript,javascript tutorial,2023-11-01,144,1.2270073344054107e-06,634,0.227129,7.6545741324921135,2.9672,2.8572,1.4085
Julia,julia tutorial,2023-11-01,11,9.372972693374665e-08,634,0.01735,7.6545741324921135,0.2267,0.1848,10.0
Kotlin,kotlin tutorial,2023-11-01,201,1.7126977376075522e-06,634,0.317035,7.6545741324921135,4.1418,3.0971,33.1126
Lua,lua tutorial,2023-11-01,77,6.561080885362265e-07,634,0.121451,7.6545741324921135,1.5866,2.0948,-23.0
Matlab,matlab tutorial,2023-11-01,36,3.067518336013527e-07,634,0.056782,7.6545741324921135,0.7418,0.9591,-21.7391
Objective-C,objective-c tutorial,2023-11-01,0,0.0,634,0.0,7.6545741324921135,0.0,0.0,
PHP,php tutorial,2023-11-01,374,3.1868107157473856e-06,634,0.589905,7.6545741324921135,7.7066,5.9058,9.0379
Perl,perl tutorial,2023-11-01,13,1.1077149546715515e-07,634,0.020505,7.6545741324921135,0.2679,0.1434,inf
Powershell,powershell tutorial,2023-11-01,30,2.556265280011272e-07,634,0.047319,7.6545741324921135,0.6182,0.305,87.5
Python,python tutorial,2023-11-01,1506,1.2832451705656586e-05,634,2.375394,7.6545741324921135,31.0324,33.6254,-0.5941
R,r language tutorial,2023-11-01,0,0.0,634,0.0,7.6545741324921135,0.0,0.0231,
Ruby,ruby tutorial,2023-11-01,55,4.686486346687332e-07,634,0.086751,7.6545741324921135,1.1333,1.0599,61.7647
Rust,rust tutorial,2023-11-01,133,1.133277607471664e-06,634,0.209779,7.6545741324921135,2.7406,3.4779,-13.6364
Scala,scala tutorial,2023-11-01,6,5.1125305600225444e-08,634,0.009464,7.6545741324921135,0.1236,0.2715,-73.913
Swift,swift tutorial,2023-11-01,81,6.901916256030435e-07,634,0.12776,7.6545741324921135,1.6691,2.4462,-19.802
TypeScript,typescript tutorial,2023-11-01,33,2.8118918080124e-07,634,0.05205,7.6545741324921135,0.68,1.1483,-19.5122
VBA,vba tutorial,2023-11-01,19,1.6189680106738057e-07,634,0.029968,7.6545741324921135,0.3915,0.2013,-9.5238
Visual Basic,visual basic tutorial,2023-11-01,0,0.0,634,0.0,7.6545741324921135,0.0,0.063,
Zig,zig tutorial,2023-11-01,0,0.0,634,0.0,7.6545741324921135,0.0,0.1063,-100.0
Abap,abap tutorial,2023-12-01,0,0.0,535,0.0,7.867289719626169,0.0,0.0,
Ada,ada tutorial,2023-12-01,0,0.0,535,0.0,7.867289719626169,0.0,0.0349,
C#,c# tutorial,2023-12-01,0,0.0,535,0.0,7.867289719626169,0.0,0.0,
C/C++,c++ tutorial,2023-12-01,1130,9.46665622288397e-06,535,2.11215,7.867289719626169,26.8472,25.9197,-14.6526
Cobol,cobol tutorial,2023-12-01,0,0.0,535,0.0,7.867289719626169,0.0,0.0,
Dart,dart tutorial,2023-12-01,19,1.5917386569450927e-07,535,0.035514,7.867289719626169,0.4514,0.7466,-50.0
Delphi/Pascal,delphi tutorial,2023-12-01,0,0.0,535,0.0,7.867289719626169,0.0,0.2045,
Go,golang tutorial,2023-12-01,115,9.634207660457138e-07,535,0.214953,7.867289719626169,2.7322,2.2959,2.6786
Groovy,groovy tutorial,2023-12-01,19,1.5917386569450927e-07,535,0.035514,7.867289719626169,0.4514,0.1199,46.1538
Haskell,haskell tutorial,2023-12-01,15,1.2566357817987574e-07,535,0.028037,7.867289719626169,0.3564,0.2705,15.3846
Java,java tutorial,2023-12-01,535,4.482000955082234e-06,535,1.0,7.867289719626169,12.7109,13.5549,-15.6151
JavaScript,javascript tutorial,2023-12-01,95,7.958693284725461e-07,535,0.17757,7.867289719626169,2.2571,2.7471,-34.0278
Julia,julia tutorial,2023-12-01,9,7.539814690792544e-08,535,0.016822,7.867289719626169,0.2138,0.2205,-18.1818
Kotlin,kotlin tutorial,2023-12-01,168,1.4074320756146078e-06,535,0.314019,7.867289719626169,3.9914,3.379,-16.4179
Lua,lua tutorial,2023-12-01,67,5.612973158701116e-07,535,0.125234,7.867289719626169,1.5918,2.101,-12.987
Matlab,matlab tutorial,2023-12-01,42,3.51858018903652e-07,535,0.078505,7.867289719626169,0.9979,0.852,16.6667
Objective-C,objective-c tutorial,2023-12-01,0,0.0,535,0.0,7.867289719626169,0.0,0.0,
PHP,php tutorial,2023-12-01,246,2.0608826821499618e-06,535,0.459813,7.867289719626169,5.8446,6.0776,-34.2246
Perl,perl tutorial,2023-12-01,8,6.702057502926706e-08,535,0.014953,7.867289719626169,0.1901,0.1112,-38.4615
Powershell,powershell tutorial,2023-12-01,14,1.1728600630121733e-07,535,0.026168,7.867289719626169,0.3326,0.3001,-53.3333
Python,python tutorial,2023-12-01,1374,1.1510783761276616e-05,535,2.568224,7.867289719626169,32.6443,32.2965,-8.7649
R,r language tutorial,2023-12-01,0,0.0,535,0.0,7.867289719626169,0.0,0.0231,
Ruby,ruby tutorial,2023-12-01,48,4.021234501756023e-07,535,0.08972,7.867289719626169,1.1404,1.1257,-12.7273
Rust,rust tutorial,2023-12-01,158,1.3236563568280245e-06,535,0.295327,7.867289719626169,3.7539,3.5001,18.797
Scala,scala tutorial,2023-12-01,11,9.215329066524219e-08,535,0.020561,7.867289719626169,0.2613,0.2902,83.3333
Swift,swift tutorial,2023-12-01,76,6.36695462778037e-07,535,0.142056,7.867289719626169,1.8057,2.3744,-6.1728
TypeScript,typescript tutorial,2023-12-01,46,3.8536830641828553e-07,535,0.085981,7.867289719626169,1.0929,1.0607,39.3939
VBA,vba tutorial,2023-12-01,14,1.1728600630121733e-07,535,0.026168,7.867289719626169,0.3326,0.2567,-26.3158
Visual Basic,visual basic tutorial,2023-12-01,0,0.0,535,0.0,7.867289719626169,0.0,0.031,
Zig,zig tutorial,2023-12-01,0,0.0,535,0.0,7.867289719626169,0.0,0.1063,
Abap,abap tutorial,2024-01-01,0,0.0,594,0.0,6.86026936026936,0.0,0.0,
Ada,ada tutorial,2024-01-01,0,0.0,594,0.0,6.86026936026936,0.0,0.0349,
C#,c# tutorial,2024-01-01,0,0.0,594,0.0,6.86026936026936,0.0,0.0,
C/C++,c++ tutorial,2024-01-01,1207,1.0012308357952957e-05,594,2.031987,6.86026936026936,29.6196,26.6024,6.8142
Cobol,cobol tutorial,2024-01-01,0,0.0,594,0.0,6.86026936026936,0.0,0.0,
Dart,dart tutorial,2024-01-01,26,2.1567524217628575e-07,594,0.043771,6.86026936026936,0.638,0.6164,36.8421
Delphi/Pascal,delphi tutorial,2024-01-01,0,0.0,594,0.0,6.86026936026936,0.0,0.061,
Go,golang tutorial,2024-01-01,120,9.9542419465978e-07,594,0.20202,6.86026936026936,2.9448,2.4533,4.3478
Groovy,groovy tutorial,2024-01-01,18,1.4931362919896705e-07,594,0.030303,6.86026936026936,0.4417,0.1935,-5.2632
Haskell,haskell tutorial,2024-01-01,10,8.295201622164837e-08,594,0.016835,6.86026936026936,0.2454,0.2648,-33.3333
Java,java tutorial,2024-01-01,594,4.9273497635659125e-06,594,1.0,6.86026936026936,14.5767,13.8632,11.028
JavaScript,javascript tutorial,2024-01-01,93,7.714537508613298e-07,594,0.156566,6.86026936026936,2.2822,2.6466,-2.1053
Julia,julia tutorial,2024-01-01,0,0.0,594,0.0,6.86026936026936,0.0,0.2205,-100.0
Kotlin,kotlin tutorial,2024-01-01,146,1.211099436836066e-06,594,0.245791,6.86026936026936,3.5828,3.5573,-13.0952
Lua,lua tutorial,2024-01-01,70,5.806641135515385e-07,594,0.117845,6.86026936026936,1.7178,1.9607,4.4776
Matlab,matlab tutorial,2024-01-01,38,3.1521766164226376e-07,594,0.063973,6.86026936026936,0.9325,0.9299,-9.5238
Objective-C,objective-c tutorial,2024-01-01,0,0.0,594,0.0,6.86026936026936,0.0,0.0,
PHP,php tutorial,2024-01-01,235,1.949372381208736e-06,594,0.395623,6.86026936026936,5.7669,6.3757,-4.4715
Perl,perl tutorial,2024-01-01,8,6.636161297731869e-08,594,0.013468,6.86026936026936,0.1963,0.109,0.0
Powershell,powershell tutorial,2024-01-01,10,8.295201622164837e-08,594,0.016835,6.86026936026936,0.2454,0.3138,-28.5714
Python,python tutorial,2024-01-01,1114,9.240854607091626e-06,594,1.875421,6.86026936026936,27.3374,31.2222,-18.9229
R,r language tutorial,2024-01-01,0,0.0,594,0.0,6.86026936026936,0.0,0.0231,
Ruby,ruby tutorial,2024-01-01,41,3.401032665087583e-07,594,0.069024,6.86026936026936,1.0061,1.0568,-14.5833
Rust,rust tutorial,2024-01-01,183,1.518021896856165e-06,594,0.308081,6.86026936026936,4.4908,3.7134,15.8228
Scala,scala tutorial,2024-01-01,18,1.4931362919896705e-07,594,0.030303,6.86026936026936,0.4417,0.325,63.6364
Swift,swift tutorial,2024-01-01,79,6.553209281510221e-07,594,0.132997,6.86026936026936,1.9387,2.0499,3.9474
TypeScript,typescript tutorial,2024-01-01,47,3.898744762417473e-07,594,0.079125,6.86026936026936,1.1534,1.0125,2.1739
VBA,vba tutorial,2024-01-01,18,1.4931362919896705e-07,594,0.030303,6.86026936026936,0.4417,0.3304,28.5714
Visual Basic,visual basic tutorial,2024-01-01,0,0.0,594,0.0,6.86026936026936,0.0,0.0,
Zig,zig tutorial,2024-01-01,0,0.0,594,0.0,6.86026936026936,0.0,0.0636,
Abap,abap tutorial,2024-02-01,0,0.0,549,0.0,7.90528233151184,0.0,0.0,
Ada,ada tutorial,2024-02-01,0,0.0,549,0.0,7.90528233151184,0.0,0.0,
C#,c# tutorial,2024-02-01,0,0.0,549,0.0,7.90528233151184,0.0,0.0,
C/C++,c++ tutorial,2024-02-01,1175,1.0464575676087146e-05,549,2.140255,7.90528233151184,27.0737,27.1344,-2.6512
Cobol,cobol tutorial,2024-02-01,0,0.0,549,0.0,7.90528233151184,0.0,0.0,
Dart,dart tutorial,2024-02-01,71,6.323275514912234e-07,549,0.129326,7.90528233151184,1.6359,0.8018,173.0769
Delphi/Pascal,delphi tutorial,2024-02-01,0,0.0,549,0.0,7.90528233151184,0.0,0.0,
Go,golang tutorial,2024-02-01,88,7.837299229750375e-07,549,0.160291,7.90528233151184,2.0276,2.3029,-26.6667
Groovy,groovy tutorial,2024-02-01,9,8.015419666790156e-08,549,0.016393,7.90528233151184,0.2074,0.2281,-50.0
Haskell,haskell tutorial,2024-02-01,11,9.796624037187969e-08,549,0.020036,7.90528233151184,0.2535,0.246,10.0
Java,java tutorial,2024-02-01,549,4.889405996741995e-06,549,1.0,7.90528233151184,12.6498,13.2468,-7.5758
JavaScript,javascript tutorial,2024-02-01,147,1.309185212242392e-06,549,0.26776,7.90528233151184,3.3871,2.7272,58.0645
Julia,julia tutorial,2024-02-01,0,0.0,549,0.0,7.90528233151184,0.0,0.2205,
Kotlin,kotlin tutorial,2024-02-01,181,1.61198995521002e-06,549,0.32969,7.90528233151184,4.1705,3.6682,23.9726
Lua,lua tutorial,2024-02-01,72,6.412335733432124e-07,549,0.131148,7.90528233151184,1.659,1.7359,2.8571
Matlab,matlab tutorial,2024-02-01,34,3.028047429676281e-07,549,0.061931,7.90528233151184,0.7834,0.9123,-10.5263
Objective-C,objective-c tutorial,2024-02-01,9,8.015419666790156e-08,549,0.016393,7.90528233151184,0.2074,0.0346,inf
PHP,php tutorial,2024-02-01,331,2.9478932330083794e-06,549,0.602914,7.90528233151184,7.6267,6.8926,40.8511
Perl,perl tutorial,2024-02-01,0,0.0,549,0.0,7.90528233151184,0.0,0.109,-100.0
Powershell,powershell tutorial,2024-02-01,12,1.0687226222386873e-07,549,0.021858,7.90528233151184,0.2765,0.3599,20.0
Python,python tutorial,2024-02-01,1320,1.175594884462556e-05,549,2.404372,7.90528233151184,30.4147,31.0337,18.4919
R,r language tutorial,2024-02-01,0,0.0,549,0.0,7.90528233151184,0.0,0.0231,
Ruby,ruby tutorial,2024-02-01,45,4.0077098333950777e-07,549,0.081967,7.90528233151184,1.0369,1.0247,9.7561
Rust,rust tutorial,2024-02-01,141,1.2557490811304576e-06,549,0.256831,7.90528233151184,3.2488,3.6227,-22.9508
Scala,scala tutorial,2024-02-01,12,1.0687226222386873e-07,549,0.021858,7.90528233151184,0.2765,0.3232,-33.3333
Swift,swift tutorial,2024-02-01,68,6.056094859352562e-07,549,0.123862,7.90528233151184,1.5668,1.8795,-13.9241
TypeScript,typescript tutorial,2024-02-01,47,4.1858302704348593e-07,549,0.08561,7.90528233151184,1.0829,1.0099,0.0
VBA,vba tutorial,2024-02-01,9,8.015419666790156e-08,549,0.016393,7.90528233151184,0.2074,0.3649,-50.0
Visual Basic,visual basic tutorial,2024-02-01,0,0.0,549,0.0,7.90528233151184,0.0,0.0,
Zig,zig tutorial,2024-02-01,9,8.015419666790156e-08,549,0.016393,7.90528233151184,0.2074,0.0982,inf
Abap,abap tutorial,2024-03-01,0,0.0,506,0.0,8.66600790513834,0.0,0.0,
Ada,ada tutorial,2024-03-01,0,0.0,506,0.0,8.66600790513834,0.0,0.0,
C#,c# tutorial,2024-03-01,0,0.0,506,0.0,8.66600790513834,0.0,0.0,
C/C++,c++ tutorial,2024-03-01,1101,9.54698224435394e-06,506,2.175889,8.66600790513834,25.1083,27.0755,-6.2979
Cobol,cobol tutorial,2024-03-01,0,0.0,506,0.0,8.66600790513834,0.0,0.0,
Dart,dart tutorial,2024-03-01,36,3.121629071723359e-07,506,0.071146,8.66600790513834,0.821,0.8386,-49.2958
Delphi/Pascal,delphi tutorial,2024-03-01,0,0.0,506,0.0,8.66600790513834,0.0,0.0,
Go,golang tutorial,2024-03-01,90,7.804072679308398e-07,506,0.177866,8.66600790513834,2.0525,2.3372,2.2727
Groovy,groovy tutorial,2024-03-01,6,5.202715119538933e-08,506,0.011858,8.66600790513834,0.1368,0.2509,-33.3333
Haskell,haskell tutorial,2024-03-01,18,1.5608145358616798e-07,506,0.035573,8.66600790513834,0.4105,0.2875,63.6364
Java,java tutorial,2024-03-01,506,4.387623084144499e-06,506,1.0,8.66600790513834,11.5393,12.9386,-7.8324
JavaScript,javascript tutorial,2024-03-01,120,1.0405430239077863e-06,506,0.237154,8.66600790513834,2.7366,2.7755,-18.3673
Julia,julia tutorial,2024-03-01,0,0.0,506,0.0,8.66600790513834,0.0,0.1089,
Kotlin,kotlin tutorial,2024-03-01,141,1.2226380530916492e-06,506,0.278656,8.66600790513834,3.2155,3.7194,-22.0994
Lua,lua tutorial,2024-03-01,99,8.584479947239237e-07,506,0.195652,8.66600790513834,2.2577,1.8236,37.5
Matlab,matlab tutorial,2024-03-01,41,3.5551886650182706e-07,506,0.081028,8.66600790513834,0.935,0.895,20.5882
Objective-C,objective-c tutorial,2024-03-01,0,0.0,506,0.0,8.66600790513834,0.0,0.0346,-100.0
PHP,php tutorial,2024-03-01,327,2.8354797401487182e-06,506,0.646245,8.66600790513834,7.4572,6.9505,-1.2085
Perl,perl tutorial,2024-03-01,0,0.0,506,0.0,8.66600790513834,0.0,0.109,
Powershell,powershell tutorial,2024-03-01,24,2.081086047815573e-07,506,0.047431,8.66600790513834,0.5473,0.3934,100.0
Python,python tutorial,2024-03-01,1229,1.0656894803188912e-05,506,2.428854,8.66600790513834,28.0274,30.284,-6.8939
R,r language tutorial,2024-03-01,0,0.0,506,0.0,8.66600790513834,0.0,0.0,
Ruby,ruby tutorial,2024-03-01,55,4.769155526244021e-07,506,0.108696,8.66600790513834,1.2543,1.0491,22.2222
Rust,rust tutorial,2024-03-01,364,3.1563138391869525e-06,506,0.719368,8.66600790513834,8.301,4.3022,158.156
Scala,scala tutorial,2024-03-01,0,0.0,506,0.0,8.66600790513834,0.0,0.2655,-100.0
Swift,swift tutorial,2024-03-01,155,1.3440347392142245e-06,506,0.306324,8.66600790513834,3.5348,2.1108,127.9412
TypeScript,typescript tutorial,2024-03-01,41,3.5551886650182706e-07,506,0.081028,8.66600790513834,0.935,0.9695,-12.766
VBA,vba tutorial,2024-03-01,17,1.4741026172026974e-07,506,0.033597,8.66600790513834,0.3877,0.368,88.8889
Visual Basic,visual basic tutorial,2024-03-01,0,0.0,506,0.0,8.66600790513834,0.0,0.0,
Zig,zig tutorial,2024-03-01,15,1.3006787798847334e-07,506,0.029644,8.66600790513834,0.3421,0.1129,66.6667
Abap,abap tutorial,2024-04-01,0,0.0,470,0.0,8.027659574468084,0.0,0.0,
Ada,ada tutorial,2024-04-01,0,0.0,470,0.0,8.027659574468084,0.0,0.0,
C#,c# tutorial,2024-04-01,0,0.0,470,0.0,8.027659574468084,0.0,0.0,
C/C++,c++ tutorial,2024-04-01,968,8.922964317990067e-06,470,2.059574,8.027659574468084,25.656,26.9312,-12.0799
Cobol,cobol tutorial,2024-04-01,7,6.452556841521743e-08,470,0.014894,8.027659574468084,0.1855,0.0309,inf
Dart,dart tutorial,2024-04-01,39,3.594995954562114e-07,470,0.082979,8.027659574468084,1.0337,0.8938,8.3333
Delphi/Pascal,delphi tutorial,2024-04-01,0,0.0,470,0.0,8.027659574468084,0.0,0.0,
Go,golang tutorial,2024-04-01,114,1.050844971333541e-06,470,0.242553,8.027659574468084,3.0215,2.5144,26.6667
Groovy,groovy tutorial,2024-04-01,13,1.198331984854038e-07,470,0.02766,8.027659574468084,0.3446,0.3083,116.6667
Haskell,haskell tutorial,2024-04-01,0,0.0,470,0.0,8.027659574468084,0.0,0.2556,-100.0
Java,java tutorial,2024-04-01,470,4.332431022164599e-06,470,1.0,8.027659574468084,12.4569,12.8329,-7.1146
JavaScript,javascript tutorial,2024-04-01,107,9.863194029183235e-07,470,0.22766,8.027659574468084,2.8359,2.7444,-10.8333
Julia,julia tutorial,2024-04-01,14,1.2905113683043486e-07,470,0.029787,8.027659574468084,0.3711,0.1353,inf
Kotlin,kotlin tutorial,2024-04-01,134,1.235203738234162e-06,470,0.285106,8.027659574468084,3.5516,3.7756,-4.9645
Lua,lua tutorial,2024-04-01,69,6.360377458071432e-07,470,0.146809,8.027659574468084,1.8288,1.7736,-30.303
Matlab,matlab tutorial,2024-04-01,31,2.857560886959629e-07,470,0.065957,8.027659574468084,0.8216,0.8687,-24.3902
Objective-C,objective-c tutorial,2024-04-01,0,0.0,470,0.0,8.027659574468084,0.0,0.0346,
PHP,php tutorial,2024-04-01,269,2.4796254148133554e-06,470,0.57234,8.027659574468084,7.1296,6.9219,-17.737
Perl,perl tutorial,2024-04-01,10,9.217938345031061e-08,470,0.021277,8.027659574468084,0.265,0.1532,inf
Powershell,powershell tutorial,2024-04-01,24,2.2123052028074545e-07,470,0.051064,8.027659574468084,0.6361,0.4427,0.0
Python,python tutorial,2024-04-01,1081,9.964591350978576e-06,470,2.3,8.027659574468084,28.6509,29.6845,-12.0423
R,r language tutorial,2024-04-01,0,0.0,470,0.0,8.027659574468084,0.0,0.0,
Ruby,ruby tutorial,2024-04-01,26,2.3966639697080757e-07,470,0.055319,8.027659574468084,0.6891,1.0434,-52.7273
Rust,rust tutorial,2024-04-01,236,2.1754334494273303e-06,470,0.502128,8.027659574468084,6.255,4.7983,-35.1648
Scala,scala tutorial,2024-04-01,17,1.5670495186552805e-07,470,0.03617,8.027659574468084,0.4506,0.259,inf
Swift,swift tutorial,2024-04-01,88,8.111785743627333e-07,470,0.187234,8.027659574468084,2.3324,2.1412,-43.2258
TypeScript,typescript tutorial,2024-04-01,43,3.963713488363356e-07,470,0.091489,8.027659574468084,1.1397,1.014,4.878
VBA,vba tutorial,2024-04-01,13,1.198331984854038e-07,470,0.02766,8.027659574468084,0.3446,0.3509,-23.5294
Visual Basic,visual basic tutorial,2024-04-01,0,0.0,470,0.0,8.027659574468084,0.0,0.0,
Zig,zig tutorial,2024-04-01,0,0.0,470,0.0,8.027659574468084,0.0,0.0916,-100.0
Abap,abap tutorial,2024-05-01,0,0.0,423,0.0,8.64775413711584,0.0,0.0,
Ada,ada tutorial,2024-05-01,0,0.0,423,0.0,8.64775413711584,0.0,0.0,
C#,c# tutorial,2024-05-01,0,0.0,423,0.0,8.64775413711584,0.0,0.0,
C/C++,c++ tutorial,2024-05-01,982,9.219733632825833e-06,423,2.321513,8.64775413711584,26.8453,26.8584,1.4463
Cobol,cobol tutorial,2024-05-01,0,0.0,423,0.0,8.64775413711584,0.0,0.0309,-100.0
Dart,dart tutorial,2024-05-01,31,2.910506543967423e-07,423,0.073286,8.64775413711584,0.8475,0.9046,-20.5128
Delphi/Pascal,delphi tutorial,2024-05-01,0,0.0,423,0.0,8.64775413711584,0.0,0.0,
Go,golang tutorial,2024-05-01,83,7.792646553203097e-07,423,0.196217,8.64775413711584,2.269,2.5079,-27.193
Groovy,groovy tutorial,2024-05-01,0,0.0,423,0.0,8.64775413711584,0.0,0.2636,-100.0
Haskell,haskell tutorial,2024-05-01,17,1.5960842337885865e-07,423,0.040189,8.64775413711584,0.4647,0.2884,inf
Java,java tutorial,2024-05-01,423,3.971433122897482e-06,423,1.0,8.64775413711584,11.5637,12.5829,-10.0
JavaScript,javascript tutorial,2024-05-01,112,1.0515378481430686e-06,423,0.264775,8.64775413711584,3.0618,2.7601,4.6729
Julia,julia tutorial,2024-05-01,8,7.510984629593347e-08,423,0.018913,8.64775413711584,0.2187,0.1339,-42.8571
Kotlin,kotlin tutorial,2024-05-01,174,1.633639156936553e-06,423,0.411348,8.64775413711584,4.7567,3.8781,29.8507
Lua,lua tutorial,2024-05-01,135,1.267478656243877e-06,423,0.319149,8.64775413711584,3.6905,2.1243,95.6522
Matlab,matlab tutorial,2024-05-01,19,1.78385884952842e-07,423,0.044917,8.64775413711584,0.5194,0.8316,-38.7097
Objective-C,objective-c tutorial,2024-05-01,0,0.0,423,0.0,8.64775413711584,0.0,0.0346,
PHP,php tutorial,2024-05-01,325,3.0513375057722974e-06,423,0.768322,8.64775413711584,8.8846,7.1183,20.8178
Perl,perl tutorial,2024-05-01,0,0.0,423,0.0,8.64775413711584,0.0,0.1086,-100.0
Powershell,powershell tutorial,2024-05-01,13,1.220535002308919e-07,423,0.030733,8.64775413711584,0.3554,0.3989,-45.8333
Python,python tutorial,2024-05-01,975,9.154012517316892e-06,423,2.304965,8.64775413711584,26.6539,28.9548,-9.8057
R,r language tutorial,2024-05-01,0,0.0,423,0.0,8.64775413711584,0.0,0.0,
Ruby,ruby tutorial,2024-05-01,55,5.163801932845426e-07,423,0.130024,8.64775413711584,1.5036,1.1051,111.5385
Rust,rust tutorial,2024-05-01,163,1.5303631182796444e-06,423,0.385343,8.64775413711584,4.456,5.0842,-30.9322
Scala,scala tutorial,2024-05-01,20,1.877746157398337e-07,423,0.047281,8.64775413711584,0.5467,0.3295,17.6471
Swift,swift tutorial,2024-05-01,66,6.196562319414512e-07,423,0.156028,8.64775413711584,1.8043,2.1638,-25.0
TypeScript,typescript tutorial,2024-05-01,30,2.816619236097505e-07,423,0.070922,8.64775413711584,0.8201,1.0373,-30.2326
VBA,vba tutorial,2024-05-01,14,1.314422310178836e-07,423,0.033097,8.64775413711584,0.3827,0.3494,7.6923
Visual Basic,visual basic tutorial,2024-05-01,0,0.0,423,0.0,8.64775413711584,0.0,0.0,
Zig,zig tutorial,2024-05-01,13,1.220535002308919e-07,423,0.030733,8.64775413711584,0.3554,0.1508,inf
Abap,abap tutorial,2024-06-01,0,0.0,375,0.0,8.381333333333334,0.0,0.0,
Ada,ada tutorial,2024-06-01,0,0.0,375,0.0,8.381333333333334,0.0,0.0,
C#,c# tutorial,2024-06-01,0,0.0,375,0.0,8.381333333333334,0.0,0.0,
C/C++,c++ tutorial,2024-06-01,901,9.64827916723213e-06,375,2.402667,8.381333333333334,28.6669,27.1616,-8.2485
Cobol,cobol tutorial,2024-06-01,0,0.0,375,0.0,8.381333333333334,0.0,0.0309,
Dart,dart tutorial,2024-06-01,52,5.568374214162827e-07,375,0.138667,8.381333333333334,1.6545,1.1051,67.7419
Delphi/Pascal,delphi tutorial,2024-06-01,0,0.0,375,0.0,8.381333333333334,0.0,0.0,
Go,golang tutorial,2024-06-01,61,6.532131289691009e-07,375,0.162667,8.381333333333334,1.9408,2.376,-26.506
Groovy,groovy tutorial,2024-06-01,7,7.495888365219193e-08,375,0.018667,8.381333333333334,0.2227,0.2255,inf
Haskell,haskell tutorial,2024-06-01,0,0.0,375,0.0,8.381333333333334,0.0,0.229,-100.0
Java,java tutorial,2024-06-01,375,4.015654481367423e-06,375,1.0,8.381333333333334,11.9313,12.4529,-11.3475
JavaScript,javascript tutorial,2024-06-01,109,1.1672169025841312e-06,375,0.290667,8.381333333333334,3.468,2.9619,-2.6786
Julia,julia tutorial,2024-06-01,7,7.495888365219193e-08,375,0.018667,8.381333333333334,0.2227,0.1354,-12.5
Kotlin,kotlin tutorial,2024-06-01,87,9.316318396772424e-07,375,0.232,8.381333333333334,2.7681,3.6742,-50.0
Lua,lua tutorial,2024-06-01,103,1.1029664308822524e-06,375,0.274667,8.381333333333334,3.2771,2.4052,-23.7037
Matlab,matlab tutorial,2024-06-01,43,4.604617138634646e-07,375,0.114667,8.381333333333334,1.3681,0.8933,126.3158
Objective-C,objective-c tutorial,2024-06-01,0,0.0,375,0.0,8.381333333333334,0.0,0.0346,
PHP,php tutorial,2024-06-01,192,2.056015094460121e-06,375,0.512,8.381333333333334,6.1088,7.1623,-40.9231
Perl,perl tutorial,2024-06-01,0,0.0,375,0.0,8.381333333333334,0.0,0.0769,
Powershell,powershell tutorial,2024-06-01,8,8.566729560250505e-08,375,0.021333,8.381333333333334,0.2545,0.3859,-38.4615
Python,python tutorial,2024-06-01,823,8.813023035107706e-06,375,2.194667,8.381333333333334,26.1852,27.8783,-15.5897
R,r language tutorial,2024-06-01,0,0.0,375,0.0,8.381333333333334,0.0,0.0,
Ruby,ruby tutorial,2024-06-01,23,2.46293474857202e-07,375,0.061333,8.381333333333334,0.7318,1.037,-58.1818
Rust,rust tutorial,2024-06-01,210,2.248766509565758e-06,375,0.56,8.381333333333334,6.6815,5.5722,28.8344
Scala,scala tutorial,2024-06-01,21,2.2487665095657573e-07,375,0.056,8.381333333333334,0.6682,0.3973,5.0
Swift,swift tutorial,2024-06-01,74,7.924224843231715e-07,375,0.197333,8.381333333333334,2.3544,2.2552,12.1212
TypeScript,typescript tutorial,2024-06-01,31,3.31960770459707e-07,375,0.082667,8.381333333333334,0.9863,1.0196,3.3333
VBA,vba tutorial,2024-06-01,9,9.637570755281818e-08,375,0.024,8.381333333333334,0.2864,0.3417,-35.7143
Visual Basic,visual basic tutorial,2024-06-01,7,7.495888365219193e-08,375,0.018667,8.381333333333334,0.2227,0.0371,inf
Zig,zig tutorial,2024-06-01,0,0.0,375,0.0,8.381333333333334,0.0,0.1508,-100.0
Abap,abap tutorial,2024-07-01,0,0.0,502,0.0,6.312749003984064,0.0,0.0,
Ada,ada tutorial,2024-07-01,0,0.0,502,0.0,6.312749003984064,0.0,0.0,
C#,c# tutorial,2024-07-01,0,0.0,502,0.0,6.312749003984064,0.0,0.0,
C/C++,c++ tutorial,2024-07-01,807,8.67050321513938e-06,502,1.60757,6.312749003984064,25.4654,26.4693,-10.4329
Cobol,cobol tutorial,2024-07-01,0,0.0,502,0.0,6.312749003984064,0.0,0.0309,
Dart,dart tutorial,2024-07-01,35,3.760441295289694e-07,502,0.069721,6.312749003984064,1.1044,1.1828,-32.6923
Delphi/Pascal,delphi tutorial,2024-07-01,0,0.0,502,0.0,6.312749003984064,0.0,0.0,
Go,golang tutorial,2024-07-01,100,1.0744117986541983e-06,502,0.199203,6.312749003984064,3.1556,2.4112,63.9344
Groovy,groovy tutorial,2024-07-01,7,7.520882590579388e-08,502,0.013944,6.312749003984064,0.2209,0.1887,0.0
Haskell,haskell tutorial,2024-07-01,0,0.0,502,0.0,6.312749003984064,0.0,0.1881,
Java,java tutorial,2024-07-01,502,5.393547229244075e-06,502,1.0,6.312749003984064,15.841,12.6637,33.8667
JavaScript,javascript tutorial,2024-07-01,99,1.0636676806676563e-06,502,0.197211,6.312749003984064,3.124,3.1022,-9.1743
Julia,julia tutorial,2024-07-01,0,0.0,502,0.0,6.312749003984064,0.0,0.1354,-100.0
Kotlin,kotlin tutorial,2024-07-01,115,1.235573568452328e-06,502,0.229084,6.312749003984064,3.6289,3.6819,32.1839
Lua,lua tutorial,2024-07-01,84,9.025059108695266e-07,502,0.167331,6.312749003984064,2.6507,2.5606,-18.4466
Matlab,matlab tutorial,2024-07-01,18,1.9339412375775574e-07,502,0.035857,6.312749003984064,0.568,0.8326,-58.1395
Objective-C,objective-c tutorial,2024-07-01,0,0.0,502,0.0,6.312749003984064,0.0,0.0346,
PHP,php tutorial,2024-07-01,150,1.6116176979812975e-06,502,0.298805,6.312749003984064,4.7334,6.9901,-21.875
Perl,perl tutorial,2024-07-01,0,0.0,502,0.0,6.312749003984064,0.0,0.0442,
Powershell,powershell tutorial,2024-07-01,17,1.8265000577121373e-07,502,0.033865,6.312749003984064,0.5364,0.4344,112.5
Python,python tutorial,2024-07-01,885,9.508544418089656e-06,502,1.762948,6.312749003984064,27.9268,27.9765,7.5334
R,r language tutorial,2024-07-01,0,0.0,502,0.0,6.312749003984064,0.0,0.0,
Ruby,ruby tutorial,2024-07-01,44,4.727411914078474e-07,502,0.087649,6.312749003984064,1.3885,1.1007,91.3043
Rust,rust tutorial,2024-07-01,168,1.8050118217390533e-06,502,0.334661,6.312749003984064,5.3014,5.7073,-20.0
Scala,scala tutorial,2024-07-01,5,5.3720589932709926e-08,502,0.00996,6.312749003984064,0.1578,0.35,-76.1905
Swift,swift tutorial,2024-07-01,60,6.44647079192519e-07,502,0.119522,6.312749003984064,1.8933,2.2477,-18.9189
TypeScript,typescript tutorial,2024-07-01,55,5.909264892598091e-07,502,0.109562,6.312749003984064,1.7356,1.1166,77.4194
VBA,vba tutorial,2024-07-01,12,1.289294158385038e-07,502,0.023904,6.312749003984064,0.3787,0.3312,33.3333
Visual Basic,visual basic tutorial,2024-07-01,6,6.44647079192519e-08,502,0.011952,6.312749003984064,0.1893,0.0687,-14.2857
Zig,zig tutorial,2024-07-01,0,0.0,502,0.0,6.312749003984064,0.0,0.1508,
Abap,abap tutorial,2024-08-01,0,0.0,517,0.0,6.114119922630561,0.0,0.0,
Ada,ada tutorial,2024-08-01,0,0.0,517,0.0,6.114119922630561,0.0,0.0,
C#,c# tutorial,2024-08-01,0,0.0,517,0.0,6.114119922630561,0.0,0.0,
C/C++,c++ tutorial,2024-08-01,789,8.438643600949984e-06,517,1.526112,6.114119922630561,24.9605,26.1171,-2.2305
Cobol,cobol tutorial,2024-08-01,0,0.0,517,0.0,6.114119922630561,0.0,0.0309,
Dart,dart tutorial,2024-08-01,43,4.599007285688838e-07,517,0.083172,6.114119922630561,1.3603,1.1369,22.8571
Delphi/Pascal,delphi tutorial,2024-08-01,0,0.0,517,0.0,6.114119922630561,0.0,0.0,
Go,golang tutorial,2024-08-01,113,1.208576333215904e-06,517,0.218569,6.114119922630561,3.5748,2.669,13.0
Groovy,groovy tutorial,2024-08-01,8,8.556292624537375e-08,517,0.015474,6.114119922630561,0.2531,0.1963,14.2857
Haskell,haskell tutorial,2024-08-01,13,1.390397551487323e-07,517,0.025145,6.114119922630561,0.4113,0.2144,inf
Java,java tutorial,2024-08-01,517,5.529504108607278e-06,517,1.0,6.114119922630561,16.3556,13.2813,2.988
JavaScript,javascript tutorial,2024-08-01,96,1.0267551149444848e-06,517,0.185687,6.114119922630561,3.037,3.0439,-3.0303
Julia,julia tutorial,2024-08-01,0,0.0,517,0.0,6.114119922630561,0.0,0.1354,
Kotlin,kotlin tutorial,2024-08-01,99,1.0588412122865e-06,517,0.191489,6.114119922630561,3.1319,3.5088,-13.913
Lua,lua tutorial,2024-08-01,76,8.128477993310505e-07,517,0.147002,6.114119922630561,2.4043,2.6849,-9.5238
Matlab,matlab tutorial,2024-08-01,23,2.459934129554495e-07,517,0.044487,6.114119922630561,0.7276,0.8233,27.7778
Objective-C,objective-c tutorial,2024-08-01,0,0.0,517,0.0,6.114119922630561,0.0,0.0,
PHP,php tutorial,2024-08-01,145,1.550828038197399e-06,517,0.280464,6.114119922630561,4.5872,6.4835,-3.3333
Perl,perl tutorial,2024-08-01,0,0.0,517,0.0,6.114119922630561,0.0,0.0442,
Powershell,powershell tutorial,2024-08-01,14,1.4973512092940406e-07,517,0.027079,6.114119922630561,0.4429,0.4621,-17.6471
Python,python tutorial,2024-08-01,774,8.27821311423991e-06,517,1.497099,6.114119922630561,24.4859,26.9884,-12.5424
R,r language tutorial,2024-08-01,0,0.0,517,0.0,6.114119922630561,0.0,0.0,
Ruby,ruby tutorial,2024-08-01,18,1.9251658405209094e-07,517,0.034816,6.114119922630561,0.5694,1.0228,-59.0909
Rust,rust tutorial,2024-08-01,298,3.1872190026401717e-06,517,0.576402,6.114119922630561,9.4274,6.737,77.381
Scala,scala tutorial,2024-08-01,0,0.0,517,0.0,6.114119922630561,0.0,0.3039,-100.0
Swift,swift tutorial,2024-08-01,68,7.272848730856767e-07,517,0.131528,6.114119922630561,2.1512,2.3451,13.3333
TypeScript,typescript tutorial,2024-08-01,58,6.203312152789596e-07,517,0.112186,6.114119922630561,1.8349,1.2419,5.4545
VBA,vba tutorial,2024-08-01,9,9.625829202604547e-08,517,0.017408,6.114119922630561,0.2847,0.3441,-25.0
Visual Basic,visual basic tutorial,2024-08-01,0,0.0,517,0.0,6.114119922630561,0.0,0.0687,-100.0
Zig,zig tutorial,2024-08-01,0,0.0,517,0.0,6.114119922630561,0.0,0.1162,
Abap,abap tutorial,2024-09-01,0,0.0,643,0.0,6.611197511664074,0.0,0.0,
Ada,ada tutorial,2024-09-01,0,0.0,643,0.0,6.611197511664074,0.0,0.0,
C#,c# tutorial,2024-09-01,0,0.0,643,0.0,6.611197511664074,0.0,0.0,
C/C++,c++ tutorial,2024-09-01,955,9.613455335635403e-06,643,1.485226,6.611197511664074,22.4653,25.6766,21.0393
Cobol,cobol tutorial,2024-09-01,0,0.0,643,0.0,6.611197511664074,0.0,0.0309,
Dart,dart tutorial,2024-09-01,49,4.93255823503806e-07,643,0.076205,6.611197511664074,1.1527,1.1922,13.9535
Delphi/Pascal,delphi tutorial,2024-09-01,0,0.0,643,0.0,6.611197511664074,0.0,0.0,
Go,golang tutorial,2024-09-01,105,1.056976764651013e-06,643,0.163297,6.611197511664074,2.47,2.7386,-7.0796
Groovy,groovy tutorial,2024-09-01,10,1.0066445377628696e-07,643,0.015552,6.611197511664074,0.2352,0.2127,25.0
Haskell,haskell tutorial,2024-09-01,22,2.214617983078313e-07,643,0.034215,6.611197511664074,0.5175,0.2323,69.2308
Java,java tutorial,2024-09-01,643,6.472724377815251e-06,643,1.0,6.611197511664074,15.1259,13.879,24.3714
JavaScript,javascript tutorial,2024-09-01,105,1.056976764651013e-06,643,0.163297,6.611197511664074,2.47,2.9995,9.375
Julia,julia tutorial,2024-09-01,15,1.5099668066443042e-07,643,0.023328,6.611197511664074,0.3529,0.1942,inf
Kotlin,kotlin tutorial,2024-09-01,88,8.858471932313251e-07,643,0.136858,6.611197511664074,2.0701,3.3179,-11.1111
Lua,lua tutorial,2024-09-01,70,7.046511764340086e-07,643,0.108865,6.611197511664074,1.6467,2.583,-7.8947
Matlab,matlab tutorial,2024-09-01,23,2.3152824368545997e-07,643,0.03577,6.611197511664074,0.541,0.7576,0.0
Objective-C,objective-c tutorial,2024-09-01,0,0.0,643,0.0,6.611197511664074,0.0,0.0,
PHP,php tutorial,2024-09-01,306,3.0803322855543806e-06,643,0.475894,6.611197511664074,7.1983,6.4403,111.0345
Perl,perl tutorial,2024-09-01,12,1.2079734453154433e-07,643,0.018663,6.611197511664074,0.2823,0.0912,inf
Powershell,powershell tutorial,2024-09-01,12,1.2079734453154433e-07,643,0.018663,6.611197511664074,0.2823,0.4179,-14.2857
Python,python tutorial,2024-09-01,1416,1.4254086654722232e-05,643,2.202177,6.611197511664074,33.3098,27.8688,82.9457
R,r language tutorial,2024-09-01,0,0.0,643,0.0,6.611197511664074,0.0,0.0,
Ruby,ruby tutorial,2024-09-01,12,1.2079734453154433e-07,643,0.018663,6.611197511664074,0.2823,0.8608,-33.3333
Rust,rust tutorial,2024-09-01,264,2.6575415796939755e-06,643,0.410575,6.611197511664074,6.2103,6.3886,-11.4094
Scala,scala tutorial,2024-09-01,15,1.5099668066443042e-07,643,0.023328,6.611197511664074,0.3529,0.3627,inf
Swift,swift tutorial,2024-09-01,80,8.053156302102956e-07,643,0.124417,6.611197511664074,1.8819,2.0696,17.6471
TypeScript,typescript tutorial,2024-09-01,36,3.623920335946331e-07,643,0.055988,6.611197511664074,0.8469,1.2272,-37.931
VBA,vba tutorial,2024-09-01,0,0.0,643,0.0,6.611197511664074,0.0,0.2795,-100.0
Visual Basic,visual basic tutorial,2024-09-01,13,1.3086378990917306e-07,643,0.020218,6.611197511664074,0.3058,0.1196,inf
Zig,zig tutorial,2024-09-01,0,0.0,643,0.0,6.611197511664074,0.0,0.0592,
Abap,abap tutorial,2024-10-01,0,0.0,541,0.0,8.079482439926062,0.0,0.0,
Ada,ada tutorial,2024-10-01,0,0.0,541,0.0,8.079482439926062,0.0,0.0,
C#,c# tutorial,2024-10-01,0,0.0,541,0.0,8.079482439926062,0.0,0.0,
C/C++,c++ tutorial,2024-10-01,1099,9.790135354481996e-06,541,2.031423,8.079482439926062,25.143,25.5911,15.0785
Cobol,cobol tutorial,2024-10-01,0,0.0,541,0.0,8.079482439926062,0.0,0.0,
Dart,dart tutorial,2024-10-01,83,7.393823789099232e-07,541,0.15342,8.079482439926062,1.8989,1.3364,69.3878
Delphi/Pascal,delphi tutorial,2024-10-01,0,0.0,541,0.0,8.079482439926062,0.0,0.0,
Go,golang tutorial,2024-10-01,154,1.3718661006280502e-06,541,0.284658,8.079482439926062,3.5232,2.8222,46.6667
Groovy,groovy tutorial,2024-10-01,8,7.126577146119742e-08,541,0.014787,8.079482439926062,0.183,0.1858,-20.0
Haskell,haskell tutorial,2024-10-01,10,8.908221432649676e-08,541,0.018484,8.079482439926062,0.2288,0.2704,-54.5455
Java,java tutorial,2024-10-01,541,4.8193477950634745e-06,541,1.0,8.079482439926062,12.377,13.8657,-15.8631
JavaScript,javascript tutorial,2024-10-01,142,1.264967443436254e-06,541,0.262477,8.079482439926062,3.2487,3.0683,35.2381
Julia,julia tutorial,2024-10-01,7,6.235755002854774e-08,541,0.012939,8.079482439926062,0.1601,0.1591,-53.3333
Kotlin,kotlin tutorial,2024-10-01,110,9.799043575914644e-07,541,0.203327,8.079482439926062,2.5166,3.1454,25.0
Lua,lua tutorial,2024-10-01,76,6.770248288813754e-07,541,0.140481,8.079482439926062,1.7387,2.568,8.5714
Matlab,matlab tutorial,2024-10-01,24,2.1379731438359226e-07,541,0.044362,8.079482439926062,0.5491,0.7122,4.3478
Objective-C,objective-c tutorial,2024-10-01,0,0.0,541,0.0,8.079482439926062,0.0,0.0,
PHP,php tutorial,2024-10-01,358,3.1891432728885845e-06,541,0.661738,8.079482439926062,8.1903,6.6171,16.9935
Perl,perl tutorial,2024-10-01,0,0.0,541,0.0,8.079482439926062,0.0,0.047,-100.0
Powershell,powershell tutorial,2024-10-01,7,6.235755002854774e-08,541,0.012939,8.079482439926062,0.1601,0.3386,-41.6667
Python,python tutorial,2024-10-01,1302,1.1598504305309878e-05,541,2.406654,8.079482439926062,29.7872,28.0581,-8.0508
R,r language tutorial,2024-10-01,0,0.0,541,0.0,8.079482439926062,0.0,0.0,
Ruby,ruby tutorial,2024-10-01,40,3.5632885730598705e-07,541,0.073937,8.079482439926062,0.9151,0.8984,233.3333
Rust,rust tutorial,2024-10-01,243,2.1646978081338713e-06,541,0.449168,8.079482439926062,5.5594,6.2727,-7.9545
Scala,scala tutorial,2024-10-01,16,1.4253154292239485e-07,541,0.029575,8.079482439926062,0.366,0.3486,6.6667
Swift,swift tutorial,2024-10-01,77,6.859330503140251e-07,541,0.142329,8.079482439926062,1.7616,1.9745,-3.75
TypeScript,typescript tutorial,2024-10-01,40,3.5632885730598705e-07,541,0.073937,8.079482439926062,0.9151,1.1898,11.1111
VBA,vba tutorial,2024-10-01,27,2.4052197868154125e-07,541,0.049908,8.079482439926062,0.6177,0.325,inf
Visual Basic,visual basic tutorial,2024-10-01,7,6.235755002854774e-08,541,0.012939,8.079482439926062,0.1601,0.1463,-46.1538
Zig,zig tutorial,2024-10-01,0,0.0,541,0.0,8.079482439926062,0.0,0.0592,
Abap,abap tutorial,2024-11-01,0,0.0,564,0.0,7.6063829787234045,0.0,0.0,
Ada,ada tutorial,2024-11-01,0,0.0,564,0.0,7.6063829787234045,0.0,0.0,
C#,c# tutorial,2024-11-01,0,0.0,564,0.0,7.6063829787234045,0.0,0.0,
C/C++,c++ tutorial,2024-11-01,1006,8.653175579468408e-06,564,1.783688,7.6063829787234045,23.4499,25.0252,-8.4622
Cobol,cobol tutorial,2024-11-01,0,0.0,564,0.0,7.6063829787234045,0.0,0.0,
Dart,dart tutorial,2024-11-01,168,1.4450631186388591e-06,564,0.297872,7.6063829787234045,3.9161,1.8478,102.4096
Delphi/Pascal,delphi tutorial,2024-11-01,0,0.0,564,0.0,7.6063829787234045,0.0,0.0,
Go,golang tutorial,2024-11-01,125,1.0751957727967704e-06,564,0.221631,7.6063829787234045,2.9138,2.9297,-18.8312
Groovy,groovy tutorial,2024-11-01,21,1.806328898298574e-07,564,0.037234,7.6063829787234045,0.4895,0.2674,162.5
Haskell,haskell tutorial,2024-11-01,15,1.2902349273561245e-07,564,0.026596,7.6063829787234045,0.3497,0.2512,50.0
Java,java tutorial,2024-11-01,564,4.851283326859028e-06,564,1.0,7.6063829787234045,13.1469,14.1296,4.2514
JavaScript,javascript tutorial,2024-11-01,107,9.203675815140352e-07,564,0.189716,7.6063829787234045,2.4942,2.9737,-24.6479
Julia,julia tutorial,2024-11-01,0,0.0,564,0.0,7.6063829787234045,0.0,0.1226,-100.0
Kotlin,kotlin tutorial,2024-11-01,103,8.859613167845387e-07,564,0.182624,7.6063829787234045,2.4009,2.7528,-6.3636
Lua,lua tutorial,2024-11-01,82,7.053284269546813e-07,564,0.14539,7.6063829787234045,1.9114,2.2715,7.8947
Matlab,matlab tutorial,2024-11-01,40,3.440626472949665e-07,564,0.070922,7.6063829787234045,0.9324,0.781,66.6667
Objective-C,objective-c tutorial,2024-11-01,0,0.0,564,0.0,7.6063829787234045,0.0,0.0,
PHP,php tutorial,2024-11-01,335,2.881524671095344e-06,564,0.593972,7.6063829787234045,7.8089,6.4378,-6.4246
Perl,perl tutorial,2024-11-01,0,0.0,564,0.0,7.6063829787234045,0.0,0.047,
Powershell,powershell tutorial,2024-11-01,15,1.2902349273561245e-07,564,0.026596,7.6063829787234045,0.3497,0.3377,114.2857
Python,python tutorial,2024-11-01,1318,1.1336864228369147e-05,564,2.336879,7.6063829787234045,30.7226,28.7363,1.2289
R,r language tutorial,2024-11-01,0,0.0,564,0.0,7.6063829787234045,0.0,0.0,
Ruby,ruby tutorial,2024-11-01,40,3.440626472949665e-07,564,0.070922,7.6063829787234045,0.9324,0.8032,0.0
Rust,rust tutorial,2024-11-01,192,1.651500707015839e-06,564,0.340426,7.6063829787234045,4.4755,6.2759,-20.9877
Scala,scala tutorial,2024-11-01,19,1.634297574651091e-07,564,0.033688,7.6063829787234045,0.4429,0.3313,18.75
Swift,swift tutorial,2024-11-01,69,5.935080665838172e-07,564,0.12234,7.6063829787234045,1.6084,1.9418,-10.3896
TypeScript,typescript tutorial,2024-11-01,42,3.612657796597148e-07,564,0.074468,7.6063829787234045,0.979,1.2163,5.0
VBA,vba tutorial,2024-11-01,17,1.4622662510036077e-07,564,0.030142,7.6063829787234045,0.3963,0.3273,-37.037
Visual Basic,visual basic tutorial,2024-11-01,12,1.0321879418848995e-07,564,0.021277,7.6063829787234045,0.2797,0.193,71.4286
Zig,zig tutorial,2024-11-01,0,0.0,564,0.0,7.6063829787234045,0.0,0.0,
Abap,abap tutorial,2024-12-01,0,0.0,456,0.0,9.570175438596491,0.0,0.0,
Ada,ada tutorial,2024-12-01,0,0.0,456,0.0,9.570175438596491,0.0,0.0,
C#,c# tutorial,2024-12-01,0,0.0,456,0.0,9.570175438596491,0.0,0.0,
C/C++,c++ tutorial,2024-12-01,1049,8.742843114564716e-06,456,2.300439,9.570175438596491,24.0376,24.2536,4.2744
Cobol,cobol tutorial,2024-12-01,0,0.0,456,0.0,9.570175438596491,0.0,0.0,
Dart,dart tutorial,2024-12-01,184,1.5335396883507222e-06,456,0.403509,9.570175438596491,4.2163,2.2748,9.5238
Delphi/Pascal,delphi tutorial,2024-12-01,15,1.2501682241989586e-07,456,0.032895,9.570175438596491,0.3437,0.0573,inf
Go,golang tutorial,2024-12-01,102,8.501143924552918e-07,456,0.223684,9.570175438596491,2.3373,2.9958,-18.4
Groovy,groovy tutorial,2024-12-01,11,9.167900310792365e-08,456,0.024123,9.570175438596491,0.2521,0.2723,-47.619
Haskell,haskell tutorial,2024-12-01,14,1.166823675919028e-07,456,0.030702,9.570175438596491,0.3208,0.3047,-6.6667
Java,java tutorial,2024-12-01,456,3.800511401564834e-06,456,1.0,9.570175438596491,10.4491,13.8826,-19.1489
JavaScript,javascript tutorial,2024-12-01,138,1.1501547662630417e-06,456,0.302632,9.570175438596491,3.1622,2.9227,28.972
Julia,julia tutorial,2024-12-01,0,0.0,456,0.0,9.570175438596491,0.0,0.0855,
Kotlin,kotlin tutorial,2024-12-01,112,9.334589407352224e-07,456,0.245614,9.570175438596491,2.5665,2.7191,8.7379
Lua,lua tutorial,2024-12-01,60,5.000672896795834e-07,456,0.131579,9.570175438596491,1.3749,1.9544,-26.8293
Matlab,matlab tutorial,2024-12-01,33,2.750370093237709e-07,456,0.072368,9.570175438596491,0.7562,0.6791,-17.5
Objective-C,objective-c tutorial,2024-12-01,0,0.0,456,0.0,9.570175438596491,0.0,0.0,
PHP,php tutorial,2024-12-01,429,3.5754811212090214e-06,456,0.940789,9.570175438596491,9.8304,7.0581,28.0597
Perl,perl tutorial,2024-12-01,0,0.0,456,0.0,9.570175438596491,0.0,0.047,
Powershell,powershell tutorial,2024-12-01,11,9.167900310792365e-08,456,0.024123,9.570175438596491,0.2521,0.3372,-26.6667
Python,python tutorial,2024-12-01,1252,1.0434737444647308e-05,456,2.745614,9.570175438596491,28.6893,29.1536,-5.0076
R,r language tutorial,2024-12-01,0,0.0,456,0.0,9.570175438596491,0.0,0.0,
Ruby,ruby tutorial,2024-12-01,20,1.666890965598611e-07,456,0.04386,9.570175438596491,0.4583,0.7577,-50.0
Rust,rust tutorial,2024-12-01,283,2.358650716322035e-06,456,0.620614,9.570175438596491,6.4849,6.2431,47.3958
Scala,scala tutorial,2024-12-01,9,7.501009345193751e-08,456,0.019737,9.570175438596491,0.2062,0.2543,-52.6316
Swift,swift tutorial,2024-12-01,89,7.417664796913821e-07,456,0.195175,9.570175438596491,2.0394,1.8893,28.9855
TypeScript,typescript tutorial,2024-12-01,52,4.33391651055639e-07,456,0.114035,9.570175438596491,1.1916,1.2505,23.8095
VBA,vba tutorial,2024-12-01,25,2.0836137069982647e-07,456,0.054825,9.570175438596491,0.5729,0.375,47.0588
Visual Basic,visual basic tutorial,2024-12-01,8,6.667563862394447e-08,456,0.017544,9.570175438596491,0.1833,0.1864,-33.3333
Zig,zig tutorial,2024-12-01,12,1.000134579359167e-07,456,0.026316,9.570175438596491,0.275,0.0458,inf
Abap,abap tutorial,2025-01-01,0,0.0,480,0.0,8.547916666666667,0.0,0.0,
Ada,ada tutorial,2025-01-01,0,0.0,480,0.0,8.547916666666667,0.0,0.0,
C#,c# tutorial,2025-01-01,0,0.0,480,0.0,8.547916666666667,0.0,0.0,
C/C++,c++ tutorial,2025-01-01,1070,9.016856605474377e-06,480,2.229167,8.547916666666667,26.0785,24.3558,2.0019
Cobol,cobol tutorial,2025-01-01,0,0.0,480,0.0,8.547916666666667,0.0,0.0,
Dart,dart tutorial,2025-01-01,37,3.117978452360298e-07,480,0.077083,8.547916666666667,0.9018,2.241,-79.8913
Delphi/Pascal,delphi tutorial,2025-01-01,25,2.106742197540742e-07,480,0.052083,8.547916666666667,0.6093,0.1588,66.6667
Go,golang tutorial,2025-01-01,110,9.269665669179264e-07,480,0.229167,8.547916666666667,2.681,2.9167,7.8431
Groovy,groovy tutorial,2025-01-01,6,5.05618127409778e-08,480,0.0125,8.547916666666667,0.1462,0.2599,-45.4545
Haskell,haskell tutorial,2025-01-01,0,0.0,480,0.0,8.547916666666667,0.0,0.3047,-100.0
Java,java tutorial,2025-01-01,480,4.044945019278224e-06,480,1.0,8.547916666666667,11.6988,13.1922,5.2632
JavaScript,javascript tutorial,2025-01-01,130,1.0955059427211858e-06,480,0.270833,8.547916666666667,3.1684,2.9301,-5.7971
Julia,julia tutorial,2025-01-01,17,1.4325846943277045e-07,480,0.035417,8.547916666666667,0.4143,0.1546,inf
Kotlin,kotlin tutorial,2025-01-01,90,7.58427191114667e-07,480,0.1875,8.547916666666667,2.1935,2.4799,-19.6429
Lua,lua tutorial,2025-01-01,82,6.910114407933634e-07,480,0.170833,8.547916666666667,1.9985,1.8458,36.6667
Matlab,matlab tutorial,2025-01-01,53,4.466293458786373e-07,480,0.110417,8.547916666666667,1.2917,0.7997,60.6061
Objective-C,objective-c tutorial,2025-01-01,0,0.0,480,0.0,8.547916666666667,0.0,0.0,
PHP,php tutorial,2025-01-01,343,2.890450295025898e-06,480,0.714583,8.547916666666667,8.3597,7.6625,-20.0466
Perl,perl tutorial,2025-01-01,0,0.0,480,0.0,8.547916666666667,0.0,0.047,
Powershell,powershell tutorial,2025-01-01,14,1.1797756306228157e-07,480,0.029167,8.547916666666667,0.3412,0.3047,27.2727
Python,python tutorial,2025-01-01,1162,9.792137734169368e-06,480,2.420833,8.547916666666667,28.3207,29.2193,-7.1885
R,r language tutorial,2025-01-01,0,0.0,480,0.0,8.547916666666667,0.0,0.0,
Ruby,ruby tutorial,2025-01-01,31,2.61236032495052e-07,480,0.064583,8.547916666666667,0.7555,0.6522,55.0
Rust,rust tutorial,2025-01-01,274,2.308989448504653e-06,480,0.570833,8.547916666666667,6.678,6.4726,-3.1802
Scala,scala tutorial,2025-01-01,0,0.0,480,0.0,8.547916666666667,0.0,0.228,-100.0
Swift,swift tutorial,2025-01-01,77,6.488765968425485e-07,480,0.160417,8.547916666666667,1.8767,1.8865,-13.4831
TypeScript,typescript tutorial,2025-01-01,43,3.623596579770076e-07,480,0.089583,8.547916666666667,1.048,1.1359,-17.3077
VBA,vba tutorial,2025-01-01,30,2.52809063704889e-07,480,0.0625,8.547916666666667,0.7312,0.4338,20.0
Visual Basic,visual basic tutorial,2025-01-01,19,1.601124070130964e-07,480,0.039583,8.547916666666667,0.4631,0.232,137.5
Zig,zig tutorial,2025-01-01,10,8.426968790162969e-08,480,0.020833,8.547916666666667,0.2437,0.0865,-16.6667
Abap,abap tutorial,2025-02-01,0,0.0,508,0.0,7.533464566929134,0.0,0.0,
Ada,ada tutorial,2025-02-01,0,0.0,508,0.0,7.533464566929134,0.0,0.0,
C#,c# tutorial,2025-02-01,0,0.0,508,0.0,7.533464566929134,0.0,0.0,
C/C++,c++ tutorial,2025-02-01,938,8.220806113230933e-06,508,1.846457,7.533464566929134,24.5101,24.2807,-12.3364
Cobol,cobol tutorial,2025-02-01,0,0.0,508,0.0,7.533464566929134,0.0,0.0,
Dart,dart tutorial,2025-02-01,24,2.103404549227531e-07,508,0.047244,7.533464566929134,0.6271,2.1188,-35.1351
Delphi/Pascal,delphi tutorial,2025-02-01,10,8.76418562178138e-08,508,0.019685,7.533464566929134,0.2613,0.2024,-60.0
Go,golang tutorial,2025-02-01,90,7.887767059603241e-07,508,0.177165,7.533464566929134,2.3517,2.7128,-18.1818
Groovy,groovy tutorial,2025-02-01,0,0.0,508,0.0,7.533464566929134,0.0,0.2177,-100.0
Haskell,haskell tutorial,2025-02-01,0,0.0,508,0.0,7.533464566929134,0.0,0.2361,
Java,java tutorial,2025-02-01,508,4.45220629586494e-06,508,1.0,7.533464566929134,13.2741,12.6786,5.8333
JavaScript,javascript tutorial,2025-02-01,110,9.640604183959517e-07,508,0.216535,7.533464566929134,2.8743,2.903,-15.3846
Julia,julia tutorial,2025-02-01,20,1.752837124356276e-07,508,0.03937,7.533464566929134,0.5226,0.2417,17.6471
Kotlin,kotlin tutorial,2025-02-01,64,5.609078797940083e-07,508,0.125984,7.533464566929134,1.6723,2.2367,-28.8889
Lua,lua tutorial,2025-02-01,120,1.0517022746137654e-06,508,0.23622,7.533464566929134,3.1356,1.9676,46.3415
Matlab,matlab tutorial,2025-02-01,29,2.5416138303166e-07,508,0.057087,7.533464566929134,0.7578,0.8047,-45.283
Objective-C,objective-c tutorial,2025-02-01,0,0.0,508,0.0,7.533464566929134,0.0,0.0,
PHP,php tutorial,2025-02-01,359,3.1463426382195147e-06,508,0.706693,7.533464566929134,9.3807,8.4614,4.6647
Perl,perl tutorial,2025-02-01,0,0.0,508,0.0,7.533464566929134,0.0,0.047,
Powershell,powershell tutorial,2025-02-01,14,1.226985987049393e-07,508,0.027559,7.533464566929134,0.3658,0.2919,0.0
Python,python tutorial,2025-02-01,1083,9.491613028389234e-06,508,2.13189,7.533464566929134,28.2989,29.8548,-6.7986
R,r language tutorial,2025-02-01,0,0.0,508,0.0,7.533464566929134,0.0,0.0,
Ruby,ruby tutorial,2025-02-01,31,2.7168975427522274e-07,508,0.061024,7.533464566929134,0.81,0.6923,0.0
Rust,rust tutorial,2025-02-01,282,2.4715003453423485e-06,508,0.555118,7.533464566929134,7.3687,6.1295,2.9197
Scala,scala tutorial,2025-02-01,9,7.887767059603242e-08,508,0.017717,7.533464566929134,0.2352,0.2672,inf
Swift,swift tutorial,2025-02-01,58,5.0832276606332e-07,508,0.114173,7.533464566929134,1.5155,1.7806,-24.6753
TypeScript,typescript tutorial,2025-02-01,42,3.6809579611481793e-07,508,0.082677,7.533464566929134,1.0975,1.013,-2.3256
VBA,vba tutorial,2025-02-01,18,1.5775534119206484e-07,508,0.035433,7.533464566929134,0.4703,0.4647,-40.0
Visual Basic,visual basic tutorial,2025-02-01,9,7.887767059603242e-08,508,0.017717,7.533464566929134,0.2352,0.2712,-52.6316
Zig,zig tutorial,2025-02-01,9,7.887767059603242e-08,508,0.017717,7.533464566929134,0.2352,0.1256,-10.0
Abap,abap tutorial,2025-03-01,0,0.0,423,0.0,8.628841607565011,0.0,0.0,
Ada,ada tutorial,2025-03-01,0,0.0,423,0.0,8.628841607565011,0.0,0.0,
C#,c# tutorial,2025-03-01,0,0.0,423,0.0,8.628841607565011,0.0,0.0,
C/C++,c++ tutorial,2025-03-01,941,7.852376119367231e-06,423,2.224586,8.628841607565011,25.7808,24.8333,0.3198
Cobol,cobol tutorial,2025-03-01,0,0.0,423,0.0,8.628841607565011,0.0,0.0,
Dart,dart tutorial,2025-03-01,26,2.1696257077954095e-07,423,0.061466,8.628841607565011,0.7123,2.0454,8.3333
Delphi/Pascal,delphi tutorial,2025-03-01,0,0.0,423,0.0,8.628841607565011,0.0,0.2024,-100.0
Go,golang tutorial,2025-03-01,95,7.927478547713996e-07,423,0.224586,8.628841607565011,2.6027,2.7349,5.5556
Groovy,groovy tutorial,2025-03-01,0,0.0,423,0.0,8.628841607565011,0.0,0.1785,
Haskell,haskell tutorial,2025-03-01,0,0.0,423,0.0,8.628841607565011,0.0,0.1499,
Java,java tutorial,2025-03-01,423,3.5298141322979156e-06,423,1.0,8.628841607565011,11.589,12.0892,-16.7323
JavaScript,javascript tutorial,2025-03-01,114,9.512974257256794e-07,423,0.269504,8.628841607565011,3.1233,3.0119,3.6364
Julia,julia tutorial,2025-03-01,18,1.5020485669352836e-07,423,0.042553,8.628841607565011,0.4932,0.265,-10.0
Kotlin,kotlin tutorial,2025-03-01,82,6.84266569381629e-07,423,0.193853,8.628841607565011,2.2466,2.2661,28.125
Lua,lua tutorial,2025-03-01,89,7.426795692068901e-07,423,0.210402,8.628841607565011,2.4384,2.0996,-25.8333
Matlab,matlab tutorial,2025-03-01,37,3.087544276478083e-07,423,0.08747,8.628841607565011,1.0137,0.8835,27.5862
Objective-C,objective-c tutorial,2025-03-01,0,0.0,423,0.0,8.628841607565011,0.0,0.0,
PHP,php tutorial,2025-03-01,285,2.3782435643141984e-06,423,0.673759,8.628841607565011,7.8082,8.5631,-20.6128
Perl,perl tutorial,2025-03-01,0,0.0,423,0.0,8.628841607565011,0.0,0.0,
Powershell,powershell tutorial,2025-03-01,17,1.4186014243277678e-07,423,0.040189,8.628841607565011,0.4658,0.3224,21.4286
Python,python tutorial,2025-03-01,1116,9.312701114998755e-06,423,2.638298,8.628841607565011,30.5753,29.399,3.0471
R,r language tutorial,2025-03-01,0,0.0,423,0.0,8.628841607565011,0.0,0.0,
Ruby,ruby tutorial,2025-03-01,33,2.753755706048019e-07,423,0.078014,8.628841607565011,0.9041,0.7959,6.4516
Rust,rust tutorial,2025-03-01,257,2.1445915650131544e-06,423,0.607565,8.628841607565011,7.0411,6.2679,-8.8652
Scala,scala tutorial,2025-03-01,11,9.179185686826732e-08,423,0.026005,8.628841607565011,0.3014,0.2586,22.2222
Swift,swift tutorial,2025-03-01,41,3.421332846908145e-07,423,0.096927,8.628841607565011,1.1233,1.6542,-29.3103
TypeScript,typescript tutorial,2025-03-01,31,2.586861420832988e-07,423,0.073286,8.628841607565011,0.8493,1.0134,-26.1905
VBA,vba tutorial,2025-03-01,17,1.4186014243277678e-07,423,0.040189,8.628841607565011,0.4658,0.5424,-5.5556
Visual Basic,visual basic tutorial,2025-03-01,9,7.510242834676418e-08,423,0.021277,8.628841607565011,0.2466,0.2613,0.0
Zig,zig tutorial,2025-03-01,8,6.67577140860126e-08,423,0.018913,8.628841607565011,0.2192,0.1622,-11.1111
Abap,abap tutorial,2025-04-01,0,0.0,348,0.0,13.100574712643677,0.0,0.0,
Ada,ada tutorial,2025-04-01,0,0.0,348,0.0,13.100574712643677,0.0,0.0,
C#,c# tutorial,2025-04-01,0,0.0,348,0.0,13.100574712643677,0.0,0.0,
C/C++,c++ tutorial,2025-04-01,823,7.224278209276142e-06,348,2.364943,13.100574712643677,18.0522,23.6515,-12.5399
Cobol,cobol tutorial,2025-04-01,0,0.0,348,0.0,13.100574712643677,0.0,0.0,
Dart,dart tutorial,2025-04-01,32,2.8089538602288765e-07,348,0.091954,13.100574712643677,0.7019,1.8459,23.0769
Delphi/Pascal,delphi tutorial,2025-04-01,0,0.0,348,0.0,13.100574712643677,0.0,0.2024,
Go,golang tutorial,2025-04-01,63,5.530127912325601e-07,348,0.181034,13.100574712643677,1.3819,2.3781,-33.6842
Groovy,groovy tutorial,2025-04-01,12,1.0533576975858289e-07,348,0.034483,13.100574712643677,0.2632,0.1918,inf
Haskell,haskell tutorial,2025-04-01,0,0.0,348,0.0,13.100574712643677,0.0,0.1117,
Java,java tutorial,2025-04-01,348,3.0547373229989032e-06,348,1.0,13.100574712643677,7.6333,11.2985,-17.7305
JavaScript,javascript tutorial,2025-04-01,67,5.88124714485421e-07,348,0.192529,13.100574712643677,1.4696,2.7153,-41.2281
Julia,julia tutorial,2025-04-01,5,4.38899040660762e-08,348,0.014368,13.100574712643677,0.1097,0.2566,-72.2222
Kotlin,kotlin tutorial,2025-04-01,76,6.671265418043582e-07,348,0.218391,13.100574712643677,1.667,2.1245,-7.3171
Lua,lua tutorial,2025-04-01,104,9.12910004574385e-07,348,0.298851,13.100574712643677,2.2812,2.19,16.8539
Matlab,matlab tutorial,2025-04-01,28,2.457834627700267e-07,348,0.08046,13.100574712643677,0.6142,0.8943,-24.3243
Objective-C,objective-c tutorial,2025-04-01,0,0.0,348,0.0,13.100574712643677,0.0,0.0,
PHP,php tutorial,2025-04-01,238,2.089159433545227e-06,348,0.683908,13.100574712643677,5.2204,8.0681,-16.4912
Perl,perl tutorial,2025-04-01,0,0.0,348,0.0,13.100574712643677,0.0,0.0,
Powershell,powershell tutorial,2025-04-01,14,1.2289173138501336e-07,348,0.04023,13.100574712643677,0.3071,0.3469,-17.6471
Python,python tutorial,2025-04-01,2368,2.0786258565693684e-05,348,6.804598,13.100574712643677,51.9412,33.0914,112.1864
R,r language tutorial,2025-04-01,0,0.0,348,0.0,13.100574712643677,0.0,0.0,
Ruby,ruby tutorial,2025-04-01,25,2.1944952033038097e-07,348,0.071839,13.100574712643677,0.5484,0.7348,-24.2424
Rust,rust tutorial,2025-04-01,212,1.8609319324016309e-06,348,0.609195,13.100574712643677,4.6501,6.1164,-17.5097
Scala,scala tutorial,2025-04-01,7,6.144586569250668e-08,348,0.020115,13.100574712643677,0.1535,0.2232,-36.3636
Swift,swift tutorial,2025-04-01,73,6.407925993647125e-07,348,0.20977,13.100574712643677,1.6012,1.6274,78.0488
TypeScript,typescript tutorial,2025-04-01,39,3.423412517153943e-07,348,0.112069,13.100574712643677,0.8555,1.0035,25.8065
VBA,vba tutorial,2025-04-01,19,1.6678163545108958e-07,348,0.054598,13.100574712643677,0.4168,0.5089,11.7647
Visual Basic,visual basic tutorial,2025-04-01,6,5.2667884879291444e-08,348,0.017241,13.100574712643677,0.1316,0.2566,-33.3333
Zig,zig tutorial,2025-04-01,0,0.0,348,0.0,13.100574712643677,0.0,0.1622,-100.0
Abap,abap tutorial,2025-05-01,0,0.0,349,0.0,8.097421203438396,0.0,0.0,
Ada,ada tutorial,2025-05-01,0,0.0,349,0.0,8.097421203438396,0.0,0.0,
C#,c# tutorial,2025-05-01,0,0.0,349,0.0,8.097421203438396,0.0,0.0,
C/C++,c++ tutorial,2025-05-01,738,6.9151910461446675e-06,349,2.114613,8.097421203438396,26.1146,24.0956,-10.3281
Cobol,cobol tutorial,2025-05-01,0,0.0,349,0.0,8.097421203438396,0.0,0.0,
Dart,dart tutorial,2025-05-01,13,1.2181230840092233e-07,349,0.037249,8.097421203438396,0.46,1.2699,-59.375
Delphi/Pascal,delphi tutorial,2025-05-01,0,0.0,349,0.0,8.097421203438396,0.0,0.2024,
Go,golang tutorial,2025-05-01,73,6.840229625590253e-07,349,0.209169,8.097421203438396,2.5832,2.323,15.873
Groovy,groovy tutorial,2025-05-01,0,0.0,349,0.0,8.097421203438396,0.0,0.1103,-100.0
Haskell,haskell tutorial,2025-05-01,0,0.0,349,0.0,8.097421203438396,0.0,0.0535,
Java,java tutorial,2025-05-01,349,3.2701919716863e-06,349,1.0,8.097421203438396,12.3496,11.1656,0.2874
JavaScript,javascript tutorial,2025-05-01,84,7.870949158213443e-07,349,0.240688,8.097421203438396,2.9724,2.795,25.3731
Julia,julia tutorial,2025-05-01,0,0.0,349,0.0,8.097421203438396,0.0,0.2566,-100.0
Kotlin,kotlin tutorial,2025-05-01,62,5.809510092967064e-07,349,0.17765,8.097421203438396,2.1939,2.09,-18.4211
Lua,lua tutorial,2025-05-01,97,9.089072242222666e-07,349,0.277937,8.097421203438396,3.4324,2.4435,-6.7308
Matlab,matlab tutorial,2025-05-01,27,2.529947943711464e-07,349,0.077364,8.097421203438396,0.9554,0.8982,-3.5714
Objective-C,objective-c tutorial,2025-05-01,0,0.0,349,0.0,8.097421203438396,0.0,0.0,
PHP,php tutorial,2025-05-01,175,1.6397810746278006e-06,349,0.501433,8.097421203438396,6.1925,7.7987,-26.4706
Perl,perl tutorial,2025-05-01,0,0.0,349,0.0,8.097421203438396,0.0,0.0,
Powershell,powershell tutorial,2025-05-01,14,1.3118248597022404e-07,349,0.040115,8.097421203438396,0.4954,0.3712,0.0
Python,python tutorial,2025-05-01,832,7.79598773765903e-06,349,2.383954,8.097421203438396,29.4409,32.8777,-64.8649
R,r language tutorial,2025-05-01,0,0.0,349,0.0,8.097421203438396,0.0,0.0,
Ruby,ruby tutorial,2025-05-01,67,6.278018971432151e-07,349,0.191977,8.097421203438396,2.3708,0.9745,168.0
Rust,rust tutorial,2025-05-01,189,1.7709635605980246e-06,349,0.541547,8.097421203438396,6.6879,6.4851,-10.8491
Scala,scala tutorial,2025-05-01,9,8.433159812371546e-08,349,0.025788,8.097421203438396,0.3185,0.2025,28.5714
Swift,swift tutorial,2025-05-01,45,4.216579906185773e-07,349,0.12894,8.097421203438396,1.5924,1.6248,-38.3562
TypeScript,typescript tutorial,2025-05-01,33,3.092158597869567e-07,349,0.094556,8.097421203438396,1.1677,1.0349,-15.3846
VBA,vba tutorial,2025-05-01,19,1.7803337381673261e-07,349,0.054441,8.097421203438396,0.6723,0.5549,0.0
Visual Basic,visual basic tutorial,2025-05-01,0,0.0,349,0.0,8.097421203438396,0.0,0.21,-100.0
Zig,zig tutorial,2025-05-01,0,0.0,349,0.0,8.097421203438396,0.0,0.1622,
Abap,abap tutorial,2025-06-01,0,0.0,306,0.0,8.202614379084967,0.0,0.0,
Ada,ada tutorial,2025-06-01,0,0.0,306,0.0,8.202614379084967,0.0,0.0,
C#,c# tutorial,2025-06-01,0,0.0,306,0.0,8.202614379084967,0.0,0.0,
C/C++,c++ tutorial,2025-06-01,680,6.565867203640847e-06,306,2.222222,8.202614379084967,27.0916,24.6046,-7.8591
Cobol,cobol tutorial,2025-06-01,0,0.0,306,0.0,8.202614379084967,0.0,0.0,
Dart,dart tutorial,2025-06-01,18,1.738023671551989e-07,306,0.058824,8.202614379084967,0.7171,0.6867,38.4615
Delphi/Pascal,delphi tutorial,2025-06-01,0,0.0,306,0.0,8.202614379084967,0.0,0.1451,
Go,golang tutorial,2025-06-01,66,6.372753462357292e-07,306,0.215686,8.202614379084967,2.6295,2.3717,-9.589
Groovy,groovy tutorial,2025-06-01,17,1.641466800910212e-07,306,0.055556,8.202614379084967,0.6773,0.1811,inf
Haskell,haskell tutorial,2025-06-01,0,0.0,306,0.0,8.202614379084967,0.0,0.0,
Java,java tutorial,2025-06-01,306,2.954640241638381e-06,306,1.0,8.202614379084967,12.1912,11.456,-12.3209
JavaScript,javascript tutorial,2025-06-01,103,9.945357676103048e-07,306,0.336601,8.202614379084967,4.1036,2.9519,22.619
Julia,julia tutorial,2025-06-01,13,1.255239318343103e-07,306,0.042484,8.202614379084967,0.5179,0.3429,inf
Kotlin,kotlin tutorial,2025-06-01,91,8.786675228401722e-07,306,0.297386,8.202614379084967,3.6255,2.2665,46.7742
Lua,lua tutorial,2025-06-01,78,7.531435910058619e-07,306,0.254902,8.202614379084967,3.1076,2.7323,-19.5876
Matlab,matlab tutorial,2025-06-01,25,2.413921766044429e-07,306,0.081699,8.202614379084967,0.996,0.9381,-7.4074
Objective-C,objective-c tutorial,2025-06-01,0,0.0,306,0.0,8.202614379084967,0.0,0.0,
PHP,php tutorial,2025-06-01,150,1.4483530596266577e-06,306,0.490196,8.202614379084967,5.9761,7.1563,-14.2857
Perl,perl tutorial,2025-06-01,0,0.0,306,0.0,8.202614379084967,0.0,0.0,
Powershell,powershell tutorial,2025-06-01,0,0.0,306,0.0,8.202614379084967,0.0,0.3292,-100.0
Python,python tutorial,2025-06-01,622,6.00583735391854e-06,306,2.03268,8.202614379084967,24.7809,32.2263,-25.2404
R,r language tutorial,2025-06-01,0,0.0,306,0.0,8.202614379084967,0.0,0.0,
Ruby,ruby tutorial,2025-06-01,35,3.379490472462201e-07,306,0.114379,8.202614379084967,1.3944,1.1306,-47.7612
Rust,rust tutorial,2025-06-01,221,2.1339068411832756e-06,306,0.722222,8.202614379084967,8.8048,6.8718,16.9312
Scala,scala tutorial,2025-06-01,0,0.0,306,0.0,8.202614379084967,0.0,0.1681,-100.0
Swift,swift tutorial,2025-06-01,42,4.055388566954642e-07,306,0.137255,8.202614379084967,1.6733,1.5637,-6.6667
TypeScript,typescript tutorial,2025-06-01,23,2.2208080247608745e-07,306,0.075163,8.202614379084967,0.9163,0.9891,-30.303
VBA,vba tutorial,2025-06-01,14,1.3517961889848804e-07,306,0.045752,8.202614379084967,0.5578,0.5524,-26.3158
Visual Basic,visual basic tutorial,2025-06-01,0,0.0,306,0.0,8.202614379084967,0.0,0.1794,
Zig,zig tutorial,2025-06-01,6,5.79341223850663e-08,306,0.019608,8.202614379084967,0.239,0.1562,inf
Abap,abap tutorial,2025-07-01,0,0.0,356,0.0,6.724719101123595,0.0,0.0,
Ada,ada tutorial,2025-07-01,0,0.0,356,0.0,6.724719101123595,0.0,0.0,
C#,c# tutorial,2025-07-01,0,0.0,356,0.0,6.724719101123595,0.0,0.0,
C/C++,c++ tutorial,2025-07-01,648,6.123470682179413e-06,356,1.820225,6.724719101123595,27.0677,24.7695,-4.7059
Cobol,cobol tutorial,2025-07-01,0,0.0,356,0.0,6.724719101123595,0.0,0.0,
Dart,dart tutorial,2025-07-01,14,1.3229720609646878e-07,356,0.039326,6.724719101123595,0.5848,0.6339,-22.2222
Delphi/Pascal,delphi tutorial,2025-07-01,0,0.0,356,0.0,6.724719101123595,0.0,0.0436,
Go,golang tutorial,2025-07-01,44,4.1579121916033044e-07,356,0.123596,6.724719101123595,1.8379,2.2311,-33.3333
Groovy,groovy tutorial,2025-07-01,0,0.0,356,0.0,6.724719101123595,0.0,0.1568,-100.0
Haskell,haskell tutorial,2025-07-01,0,0.0,356,0.0,6.724719101123595,0.0,0.0,
Java,java tutorial,2025-07-01,356,3.364128955024492e-06,356,1.0,6.724719101123595,14.8705,11.9846,16.3399
JavaScript,javascript tutorial,2025-07-01,59,5.575382256922613e-07,356,0.16573,6.724719101123595,2.4645,2.8346,-42.7184
Julia,julia tutorial,2025-07-01,0,0.0,356,0.0,6.724719101123595,0.0,0.2739,-100.0
Kotlin,kotlin tutorial,2025-07-01,85,8.032330370142747e-07,356,0.238764,6.724719101123595,3.5505,2.4926,-6.5934
Lua,lua tutorial,2025-07-01,72,6.803856313532681e-07,356,0.202247,6.724719101123595,3.0075,2.9004,-7.6923
Matlab,matlab tutorial,2025-07-01,17,1.6064660740285498e-07,356,0.047753,6.724719101123595,0.7101,0.8412,-32.0
Objective-C,objective-c tutorial,2025-07-01,0,0.0,356,0.0,6.724719101123595,0.0,0.0,
PHP,php tutorial,2025-07-01,103,9.733294448525915e-07,356,0.289326,6.724719101123595,4.3024,6.4801,-31.3333
Perl,perl tutorial,2025-07-01,0,0.0,356,0.0,6.724719101123595,0.0,0.0,
Powershell,powershell tutorial,2025-07-01,0,0.0,356,0.0,6.724719101123595,0.0,0.2723,
Python,python tutorial,2025-07-01,695,6.56761130264613e-06,356,1.952247,6.724719101123595,29.0309,32.3447,11.7363
R,r language tutorial,2025-07-01,0,0.0,356,0.0,6.724719101123595,0.0,0.0,
Ruby,ruby tutorial,2025-07-01,7,6.614860304823439e-08,356,0.019663,6.724719101123595,0.2924,1.0534,-80.0
Rust,rust tutorial,2025-07-01,179,1.691514277947708e-06,356,0.502809,6.724719101123595,7.477,7.0049,-19.0045
Scala,scala tutorial,2025-07-01,0,0.0,356,0.0,6.724719101123595,0.0,0.1681,
Swift,swift tutorial,2025-07-01,82,7.748836357078886e-07,356,0.230337,6.724719101123595,3.4252,1.8218,95.2381
TypeScript,typescript tutorial,2025-07-01,25,2.362450108865514e-07,356,0.070225,6.724719101123595,1.0443,0.9884,8.6957
VBA,vba tutorial,2025-07-01,8,7.559840348369645e-08,356,0.022472,6.724719101123595,0.3342,0.4862,-42.8571
Visual Basic,visual basic tutorial,2025-07-01,0,0.0,356,0.0,6.724719101123595,0.0,0.1022,
Zig,zig tutorial,2025-07-01,0,0.0,356,0.0,6.724719101123595,0.0,0.1156,-100.0
Abap,abap tutorial,2025-08-01,0,0.0,286,0.0,7.426573426573427,0.0,0.0,
Ada,ada tutorial,2025-08-01,0,0.0,286,0.0,7.426573426573427,0.0,0.0,
C#,c# tutorial,2025-08-01,0,0.0,286,0.0,7.426573426573427,0.0,0.0,
C/C++,c++ tutorial,2025-08-01,644,6.192103277879809e-06,286,2.251748,7.426573426573427,30.3202,25.7379,-0.6173
Cobol,cobol tutorial,2025-08-01,0,0.0,286,0.0,7.426573426573427,0.0,0.0,
Dart,dart tutorial,2025-08-01,11,1.0576573921844396e-07,286,0.038462,7.426573426573427,0.5179,0.6157,-21.4286
Delphi/Pascal,delphi tutorial,2025-08-01,0,0.0,286,0.0,7.426573426573427,0.0,0.0,
Go,golang tutorial,2025-08-01,58,5.576738976972499e-07,286,0.202797,7.426573426573427,2.7307,2.2943,31.8182
Groovy,groovy tutorial,2025-08-01,0,0.0,286,0.0,7.426573426573427,0.0,0.1568,
Haskell,haskell tutorial,2025-08-01,0,0.0,286,0.0,7.426573426573427,0.0,0.0,
Java,java tutorial,2025-08-01,286,2.7499092196795426e-06,286,1.0,7.426573426573427,13.4652,12.0165,-19.6629
JavaScript,javascript tutorial,2025-08-01,45,4.326780240754526e-07,286,0.157343,7.426573426573427,2.1186,2.7087,-23.7288
Julia,julia tutorial,2025-08-01,7,6.730547041173708e-08,286,0.024476,7.426573426573427,0.3296,0.2417,inf
Kotlin,kotlin tutorial,2025-08-01,72,6.922848385207241e-07,286,0.251748,7.426573426573427,3.3898,2.7789,-15.2941
Lua,lua tutorial,2025-08-01,62,5.961341665039568e-07,286,0.216783,7.426573426573427,2.919,2.8643,-13.8889
Matlab,matlab tutorial,2025-08-01,14,1.3461094082347416e-07,286,0.048951,7.426573426573427,0.6591,0.8248,-17.6471
Objective-C,objective-c tutorial,2025-08-01,0,0.0,286,0.0,7.426573426573427,0.0,0.0,
PHP,php tutorial,2025-08-01,107,1.0288121905794097e-06,286,0.374126,7.426573426573427,5.0377,5.7562,3.8835
Perl,perl tutorial,2025-08-01,0,0.0,286,0.0,7.426573426573427,0.0,0.0,
Powershell,powershell tutorial,2025-08-01,8,7.69205376134138e-08,286,0.027972,7.426573426573427,0.3766,0.2741,inf
Python,python tutorial,2025-08-01,563,5.413282834543996e-06,286,1.968531,7.426573426573427,26.5066,32.046,-18.9928
R,r language tutorial,2025-08-01,0,0.0,286,0.0,7.426573426573427,0.0,0.0,
Ruby,ruby tutorial,2025-08-01,0,0.0,286,0.0,7.426573426573427,0.0,0.9184,-100.0
Rust,rust tutorial,2025-08-01,189,1.8172477011169008e-06,286,0.660839,7.426573426573427,8.8983,7.2599,5.5866
Scala,scala tutorial,2025-08-01,0,0.0,286,0.0,7.426573426573427,0.0,0.1289,
Swift,swift tutorial,2025-08-01,33,3.1729721765533185e-07,286,0.115385,7.426573426573427,1.5537,1.8282,-59.7561
TypeScript,typescript tutorial,2025-08-01,13,1.249958736217974e-07,286,0.045455,7.426573426573427,0.6121,0.9075,-48.0
VBA,vba tutorial,2025-08-01,12,1.153808064201207e-07,286,0.041958,7.426573426573427,0.565,0.502,50.0
Visual Basic,visual basic tutorial,2025-08-01,0,0.0,286,0.0,7.426573426573427,0.0,0.063,
Zig,zig tutorial,2025-08-01,0,0.0,286,0.0,7.426573426573427,0.0,0.0764,
Abap,abap tutorial,2025-09-01,0,0.0,325,0.0,7.71076923076923,0.0,0.0,
Ada,ada tutorial,2025-09-01,0,0.0,325,0.0,7.71076923076923,0.0,0.0,
C#,c# tutorial,2025-09-01,0,0.0,325,0.0,7.71076923076923,0.0,0.0,
C/C++,c++ tutorial,2025-09-01,753,6.881655536947802e-06,325,2.316923,7.71076923076923,30.0479,26.449,16.9255
Cobol,cobol tutorial,2025-09-01,0,0.0,325,0.0,7.71076923076923,0.0,0.0,
Dart,dart tutorial,2025-09-01,19,1.7364071075963912e-07,325,0.058462,7.71076923076923,0.7582,0.6233,72.7273
Delphi/Pascal,delphi tutorial,2025-09-01,0,0.0,325,0.0,7.71076923076923,0.0,0.0,
Go,golang tutorial,2025-09-01,41,3.746983758497475e-07,325,0.126154,7.71076923076923,1.6361,2.1332,-29.3103
Groovy,groovy tutorial,2025-09-01,0,0.0,325,0.0,7.71076923076923,0.0,0.1568,
Haskell,haskell tutorial,2025-09-01,0,0.0,325,0.0,7.71076923076923,0.0,0.0,
Java,java tutorial,2025-09-01,325,2.970170052467511e-06,325,1.0,7.71076923076923,12.9689,12.2464,13.6364
JavaScript,javascript tutorial,2025-09-01,54,4.935051779484479e-07,325,0.166154,7.71076923076923,2.1548,2.5473,20.0
Julia,julia tutorial,2025-09-01,0,0.0,325,0.0,7.71076923076923,0.0,0.1595,-100.0
Kotlin,kotlin tutorial,2025-09-01,53,4.843661931716249e-07,325,0.163077,7.71076923076923,2.1149,2.757,-26.3889
Lua,lua tutorial,2025-09-01,60,5.483390866093866e-07,325,0.184615,7.71076923076923,2.3943,2.857,-3.2258
Matlab,matlab tutorial,2025-09-01,28,2.558915737510471e-07,325,0.086154,7.71076923076923,1.1173,0.842,100.0
Objective-C,objective-c tutorial,2025-09-01,0,0.0,325,0.0,7.71076923076923,0.0,0.0,
PHP,php tutorial,2025-09-01,193,1.7638240619268606e-06,325,0.593846,7.71076923076923,7.7015,5.7384,80.3738
Perl,perl tutorial,2025-09-01,0,0.0,325,0.0,7.71076923076923,0.0,0.0,
Powershell,powershell tutorial,2025-09-01,0,0.0,325,0.0,7.71076923076923,0.0,0.1965,-100.0
Python,python tutorial,2025-09-01,790,7.219797973690258e-06,325,2.430769,7.71076923076923,31.5243,32.2041,40.3197
R,r language tutorial,2025-09-01,0,0.0,325,0.0,7.71076923076923,0.0,0.0,
Ruby,ruby tutorial,2025-09-01,0,0.0,325,0.0,7.71076923076923,0.0,0.7677,
Rust,rust tutorial,2025-09-01,151,1.3799867013002898e-06,325,0.464615,7.71076923076923,6.0255,7.0906,-20.1058
Scala,scala tutorial,2025-09-01,0,0.0,325,0.0,7.71076923076923,0.0,0.0787,
Swift,swift tutorial,2025-09-01,25,2.2847461942057778e-07,325,0.076923,7.71076923076923,0.9976,1.8072,-24.2424
TypeScript,typescript tutorial,2025-09-01,14,1.2794578687552358e-07,325,0.043077,7.71076923076923,0.5587,0.8591,7.6923
VBA,vba tutorial,2025-09-01,0,0.0,325,0.0,7.71076923076923,0.0,0.4243,-100.0
Visual Basic,visual basic tutorial,2025-09-01,0,0.0,325,0.0,7.71076923076923,0.0,0.0219,
Zig,zig tutorial,2025-09-01,0,0.0,325,0.0,7.71076923076923,0.0,0.0398,
Abap,abap tutorial,2025-10-01,0,0.0,250,0.0,11.084,0.0,0.0,
Ada,ada tutorial,2025-10-01,0,0.0,250,0.0,11.084,0.0,0.0,
C#,c# tutorial,2025-10-01,0,0.0,250,0.0,11.084,0.0,0.0,
C/C++,c++ tutorial,2025-10-01,882,7.481866522669069e-06,250,3.528,11.084,31.8297,28.7453,17.1315
Cobol,cobol tutorial,2025-10-01,0,0.0,250,0.0,11.084,0.0,0.0,
Dart,dart tutorial,2025-10-01,23,1.951053628360415e-07,250,0.092,11.084,0.83,0.6447,21.0526
Delphi/Pascal,delphi tutorial,2025-10-01,0,0.0,250,0.0,11.084,0.0,0.0,
Go,golang tutorial,2025-10-01,53,4.4959061870913906e-07,250,0.212,11.084,1.9127,2.2217,29.2683
Groovy,groovy tutorial,2025-10-01,0,0.0,250,0.0,11.084,0.0,0.1129,
Haskell,haskell tutorial,2025-10-01,13,1.1027694421167561e-07,250,0.052,11.084,0.4691,0.0782,inf
Java,java tutorial,2025-10-01,250,2.1207104656091463e-06,250,1.0,11.084,9.022,12.4779,-23.0769
JavaScript,javascript tutorial,2025-10-01,55,4.665563024340122e-07,250,0.22,11.084,1.9848,2.6331,1.8519
Julia,julia tutorial,2025-10-01,0,0.0,250,0.0,11.084,0.0,0.1412,
Kotlin,kotlin tutorial,2025-10-01,84,7.125587164446732e-07,250,0.336,11.084,3.0314,2.9844,58.4906
Lua,lua tutorial,2025-10-01,57,4.835219861588854e-07,250,0.228,11.084,2.057,2.8196,-5.0
Matlab,matlab tutorial,2025-10-01,20,1.6965683724873174e-07,250,0.08,11.084,0.7218,0.86,-28.5714
Objective-C,objective-c tutorial,2025-10-01,0,0.0,250,0.0,11.084,0.0,0.0,
PHP,php tutorial,2025-10-01,231,1.9595364702228514e-06,250,0.924,11.084,8.3363,6.2578,19.6891
Perl,perl tutorial,2025-10-01,0,0.0,250,0.0,11.084,0.0,0.0,
Powershell,powershell tutorial,2025-10-01,0,0.0,250,0.0,11.084,0.0,0.1453,
Python,python tutorial,2025-10-01,878,7.447935155219322e-06,250,3.512,11.084,31.6853,28.8282,11.1392
R,r language tutorial,2025-10-01,0,0.0,250,0.0,11.084,0.0,0.0,
Ruby,ruby tutorial,2025-10-01,0,0.0,250,0.0,11.084,0.0,0.6763,
Rust,rust tutorial,2025-10-01,171,1.4505659584766565e-06,250,0.684,11.084,6.1711,7.3441,13.245
Scala,scala tutorial,2025-10-01,0,0.0,250,0.0,11.084,0.0,0.0531,
Swift,swift tutorial,2025-10-01,33,2.799337814604073e-07,250,0.132,11.084,1.1909,1.7388,32.0
TypeScript,typescript tutorial,2025-10-01,21,1.781396791111683e-07,250,0.084,11.084,0.7578,0.8428,50.0
VBA,vba tutorial,2025-10-01,0,0.0,250,0.0,11.084,0.0,0.3549,
Visual Basic,visual basic tutorial,2025-10-01,0,0.0,250,0.0,11.084,0.0,0.0,
Zig,zig tutorial,2025-10-01,0,0.0,250,0.0,11.084,0.0,0.0398,
Abap,abap tutorial,2025-11-01,0,0.0,239,0.0,11.02510460251046,0.0,0.0,
Ada,ada tutorial,2025-11-01,0,0.0,239,0.0,11.02510460251046,0.0,0.0,
C#,c# tutorial,2025-11-01,0,0.0,239,0.0,11.02510460251046,0.0,0.0,
C/C++,c++ tutorial,2025-11-01,901,7.7810619976595e-06,239,3.769874,11.02510460251046,34.1935,30.0918,2.1542
Cobol,cobol tutorial,2025-11-01,0,0.0,239,0.0,11.02510460251046,0.0,0.0,
Dart,dart tutorial,2025-11-01,25,2.1590072135570205e-07,239,0.104603,11.02510460251046,0.9488,0.7261,8.6957
Delphi/Pascal,delphi tutorial,2025-11-01,0,0.0,239,0.0,11.02510460251046,0.0,0.0,
Go,golang tutorial,2025-11-01,42,3.627132118775794e-07,239,0.175732,11.02510460251046,1.5939,2.0568,-20.7547
Groovy,groovy tutorial,2025-11-01,0,0.0,239,0.0,11.02510460251046,0.0,0.1129,
Haskell,haskell tutorial,2025-11-01,0,0.0,239,0.0,11.02510460251046,0.0,0.0782,-100.0
Java,java tutorial,2025-11-01,239,2.0640108961605112e-06,239,1.0,11.02510460251046,9.0702,11.9313,-4.4
JavaScript,javascript tutorial,2025-11-01,52,4.490735004198602e-07,239,0.217573,11.02510460251046,1.9734,2.4666,-5.4545
Julia,julia tutorial,2025-11-01,13,1.1226837510496504e-07,239,0.054393,11.02510460251046,0.4934,0.2235,inf
Kotlin,kotlin tutorial,2025-11-01,50,4.318014427114041e-07,239,0.209205,11.02510460251046,1.8975,2.935,-40.4762
Lua,lua tutorial,2025-11-01,38,3.281690964606671e-07,239,0.158996,11.02510460251046,1.4421,2.4879,-33.3333
Matlab,matlab tutorial,2025-11-01,64,5.527058466705971e-07,239,0.267782,11.02510460251046,2.4288,1.1055,220.0
Objective-C,objective-c tutorial,2025-11-01,0,0.0,239,0.0,11.02510460251046,0.0,0.0,
PHP,php tutorial,2025-11-01,230,1.986286636472458e-06,239,0.962343,11.02510460251046,8.7287,6.6804,-0.4329
Perl,perl tutorial,2025-11-01,0,0.0,239,0.0,11.02510460251046,0.0,0.0,
Powershell,powershell tutorial,2025-11-01,0,0.0,239,0.0,11.02510460251046,0.0,0.0628,
Python,python tutorial,2025-11-01,725,6.261120919315359e-06,239,3.033473,11.02510460251046,27.5142,28.507,-17.426
R,r language tutorial,2025-11-01,0,0.0,239,0.0,11.02510460251046,0.0,0.0,
Ruby,ruby tutorial,2025-11-01,0,0.0,239,0.0,11.02510460251046,0.0,0.2811,
Rust,rust tutorial,2025-11-01,200,1.7272057708456162e-06,239,0.83682,11.02510460251046,7.5901,7.4945,16.9591
Scala,scala tutorial,2025-11-01,0,0.0,239,0.0,11.02510460251046,0.0,0.0,
Swift,swift tutorial,2025-11-01,41,3.540771830233513e-07,239,0.171548,11.02510460251046,1.556,1.7328,24.2424
TypeScript,typescript tutorial,2025-11-01,15,1.295404328134212e-07,239,0.062762,11.02510460251046,0.5693,0.7431,-28.5714
VBA,vba tutorial,2025-11-01,0,0.0,239,0.0,11.02510460251046,0.0,0.2428,
Visual Basic,visual basic tutorial,2025-11-01,0,0.0,239,0.0,11.02510460251046,0.0,0.0,
Zig,zig tutorial,2025-11-01,0,0.0,239,0.0,11.02510460251046,0.0,0.0398,
Abap,abap tutorial,2025-12-01,0,0.0,249,0.0,8.590361445783133,0.0,0.0,
Ada,ada tutorial,2025-12-01,0,0.0,249,0.0,8.590361445783133,0.0,0.0,
C#,c# tutorial,2025-12-01,0,0.0,249,0.0,8.590361445783133,0.0,0.0,
C/C++,c++ tutorial,2025-12-01,667,5.8610313027254165e-06,249,2.678715,8.590361445783133,31.1828,30.7736,-25.9711
Cobol,cobol tutorial,2025-12-01,0,0.0,249,0.0,8.590361445783133,0.0,0.0,
Dart,dart tutorial,2025-12-01,18,1.5816876079318965e-07,249,0.072289,8.590361445783133,0.8415,0.7469,-28.0
Delphi/Pascal,delphi tutorial,2025-12-01,0,0.0,249,0.0,8.590361445783133,0.0,0.0,
Go,golang tutorial,2025-12-01,38,3.3391182834117816e-07,249,0.15261,8.590361445783133,1.7765,1.9146,-9.5238
Groovy,groovy tutorial,2025-12-01,0,0.0,249,0.0,8.590361445783133,0.0,0.0,
Haskell,haskell tutorial,2025-12-01,0,0.0,249,0.0,8.590361445783133,0.0,0.0782,
Java,java tutorial,2025-12-01,249,2.188001190972457e-06,249,1.0,8.590361445783133,11.641,11.8396,4.1841
JavaScript,javascript tutorial,2025-12-01,53,4.657191290021695e-07,249,0.212851,8.590361445783133,2.4778,2.1957,1.9231
Julia,julia tutorial,2025-12-01,7,6.151007364179599e-08,249,0.028112,8.590361445783133,0.3273,0.1917,-46.1538
Kotlin,kotlin tutorial,2025-12-01,34,2.9876321483158044e-07,249,0.136546,8.590361445783133,1.5895,2.5956,-32.0
Lua,lua tutorial,2025-12-01,38,3.3391182834117816e-07,249,0.15261,8.590361445783133,1.7765,2.2661,0.0
Matlab,matlab tutorial,2025-12-01,41,3.602732884733764e-07,249,0.164659,8.590361445783133,1.9168,1.259,-35.9375
Objective-C,objective-c tutorial,2025-12-01,0,0.0,249,0.0,8.590361445783133,0.0,0.0,
PHP,php tutorial,2025-12-01,201,1.7662178288572842e-06,249,0.807229,8.590361445783133,9.3969,7.2506,-12.6087
Perl,perl tutorial,2025-12-01,0,0.0,249,0.0,8.590361445783133,0.0,0.0,
Powershell,powershell tutorial,2025-12-01,7,6.151007364179599e-08,249,0.028112,8.590361445783133,0.3273,0.1173,inf
Python,python tutorial,2025-12-01,598,5.254717719684856e-06,249,2.401606,8.590361445783133,27.957,29.0364,-17.5172
R,r language tutorial,2025-12-01,0,0.0,249,0.0,8.590361445783133,0.0,0.0,
Ruby,ruby tutorial,2025-12-01,0,0.0,249,0.0,8.590361445783133,0.0,0.0487,
Rust,rust tutorial,2025-12-01,150,1.3180730066099135e-06,249,0.60241,8.590361445783133,7.0126,7.1958,-25.0
Scala,scala tutorial,2025-12-01,0,0.0,249,0.0,8.590361445783133,0.0,0.0,
Swift,swift tutorial,2025-12-01,28,2.460402945671839e-07,249,0.11245,8.590361445783133,1.309,1.6721,-31.7073
TypeScript,typescript tutorial,2025-12-01,10,8.787153377399424e-08,249,0.040161,8.590361445783133,0.4675,0.6683,-33.3333
VBA,vba tutorial,2025-12-01,0,0.0,249,0.0,8.590361445783133,0.0,0.1499,
Visual Basic,visual basic tutorial,2025-12-01,0,0.0,249,0.0,8.590361445783133,0.0,0.0,
Zig,zig tutorial,2025-12-01,0,0.0,249,0.0,8.590361445783133,0.0,0.0,
Abap,abap tutorial,2026-01-01,0,0.0,235,0.0,8.136170212765958,0.0,0.0,
Ada,ada tutorial,2026-01-01,0,0.0,235,0.0,8.136170212765958,0.0,0.0,
C#,c# tutorial,2026-01-01,0,0.0,235,0.0,8.136170212765958,0.0,0.0,
C/C++,c++ tutorial,2026-01-01,529,5.105413000603097e-06,235,2.251064,8.136170212765958,27.6674,30.8736,-20.6897
Cobol,cobol tutorial,2026-01-01,0,0.0,235,0.0,8.136170212765958,0.0,0.0,
Dart,dart tutorial,2026-01-01,7,6.755744991346254e-08,235,0.029787,8.136170212765958,0.3661,0.7104,-61.1111
Delphi/Pascal,delphi tutorial,2026-01-01,0,0.0,235,0.0,8.136170212765958,0.0,0.0,
Go,golang tutorial,2026-01-01,31,2.991829924739055e-07,235,0.131915,8.136170212765958,1.6213,1.8785,-18.4211
Groovy,groovy tutorial,2026-01-01,0,0.0,235,0.0,8.136170212765958,0.0,0.0,
Haskell,haskell tutorial,2026-01-01,12,1.1581277128022148e-07,235,0.051064,8.136170212765958,0.6276,0.1828,inf
Java,java tutorial,2026-01-01,235,2.268000104237671e-06,235,1.0,8.136170212765958,12.2908,11.4097,-5.6225
JavaScript,javascript tutorial,2026-01-01,34,3.281361852939609e-07,235,0.144681,8.136170212765958,1.7782,2.0813,-35.8491
Julia,julia tutorial,2026-01-01,0,0.0,235,0.0,8.136170212765958,0.0,0.1917,-100.0
Kotlin,kotlin tutorial,2026-01-01,30,2.895319282005537e-07,235,0.12766,8.136170212765958,1.569,2.2654,-11.7647
Lua,lua tutorial,2026-01-01,65,6.273191777678664e-07,235,0.276596,8.136170212765958,3.3996,2.3314,71.0526
Matlab,matlab tutorial,2026-01-01,0,0.0,235,0.0,8.136170212765958,0.0,1.1406,-100.0
Objective-C,objective-c tutorial,2026-01-01,0,0.0,235,0.0,8.136170212765958,0.0,0.0,
PHP,php tutorial,2026-01-01,122,1.1774298413489184e-06,235,0.519149,8.136170212765958,6.3808,7.597,-39.3035
Perl,perl tutorial,2026-01-01,0,0.0,235,0.0,8.136170212765958,0.0,0.0,
Powershell,powershell tutorial,2026-01-01,0,0.0,235,0.0,8.136170212765958,0.0,0.1173,-100.0
Python,python tutorial,2026-01-01,553,5.3370385431635405e-06,235,2.353191,8.136170212765958,28.9226,29.0183,-7.5251
R,r language tutorial,2026-01-01,0,0.0,235,0.0,8.136170212765958,0.0,0.0,
Ruby,ruby tutorial,2026-01-01,52,5.018553422142931e-07,235,0.221277,8.136170212765958,2.7197,0.4533,inf
Rust,rust tutorial,2026-01-01,200,1.9302128546703584e-06,235,0.851064,8.136170212765958,10.4603,7.693,33.3333
Scala,scala tutorial,2026-01-01,0,0.0,235,0.0,8.136170212765958,0.0,0.0,
Swift,swift tutorial,2026-01-01,26,2.509276711071466e-07,235,0.110638,8.136170212765958,1.3598,1.3278,-7.1429
TypeScript,typescript tutorial,2026-01-01,16,1.5441702837362866e-07,235,0.068085,8.136170212765958,0.8368,0.6337,60.0
VBA,vba tutorial,2026-01-01,0,0.0,235,0.0,8.136170212765958,0.0,0.0942,
Visual Basic,visual basic tutorial,2026-01-01,0,0.0,235,0.0,8.136170212765958,0.0,0.0,
Zig,zig tutorial,2026-01-01,0,0.0,235,0.0,8.136170212765958,0.0,0.0,
Abap,abap tutorial,2026-02-01,0,0.0,188,0.0,9.377659574468085,0.0,0.0,
Ada,ada tutorial,2026-02-01,0,0.0,188,0.0,9.377659574468085,0.0,0.0,
C#,c# tutorial,2026-02-01,0,0.0,188,0.0,9.377659574468085,0.0,0.0,
C/C++,c++ tutorial,2026-02-01,533,5.654893099873256e-06,188,2.835106,9.377659574468085,30.2326,30.859,0.7561
Cobol,cobol tutorial,2026-02-01,0,0.0,188,0.0,9.377659574468085,0.0,0.0,
Dart,dart tutorial,2026-02-01,0,0.0,188,0.0,9.377659574468085,0.0,0.6241,-100.0
Delphi/Pascal,delphi tutorial,2026-02-01,0,0.0,188,0.0,9.377659574468085,0.0,0.0,
Go,golang tutorial,2026-02-01,43,4.562108879822702e-07,188,0.228723,9.377659574468085,2.439,1.8299,38.7097
Groovy,groovy tutorial,2026-02-01,0,0.0,188,0.0,9.377659574468085,0.0,0.0,
Haskell,haskell tutorial,2026-02-01,0,0.0,188,0.0,9.377659574468085,0.0,0.1828,-100.0
Java,java tutorial,2026-02-01,188,1.9945964404806227e-06,188,1.0,9.377659574468085,10.6636,10.9427,-20.0
JavaScript,javascript tutorial,2026-02-01,56,5.941351099303983e-07,188,0.297872,9.377659574468085,3.1764,2.2576,64.7059
Julia,julia tutorial,2026-02-01,0,0.0,188,0.0,9.377659574468085,0.0,0.1368,
Kotlin,kotlin tutorial,2026-02-01,43,4.562108879822702e-07,188,0.228723,9.377659574468085,2.439,2.1069,43.3333
Lua,lua tutorial,2026-02-01,32,3.3950577710308474e-07,188,0.170213,9.377659574468085,1.8151,2.1474,-50.7692
Matlab,matlab tutorial,2026-02-01,0,0.0,188,0.0,9.377659574468085,0.0,1.0308,
Objective-C,objective-c tutorial,2026-02-01,0,0.0,188,0.0,9.377659574468085,0.0,0.0,
PHP,php tutorial,2026-02-01,149,1.5808237746362384e-06,188,0.792553,9.377659574468085,8.4515,8.1659,22.1311
Perl,perl tutorial,2026-02-01,0,0.0,188,0.0,9.377659574468085,0.0,0.0,
Powershell,powershell tutorial,2026-02-01,0,0.0,188,0.0,9.377659574468085,0.0,0.0545,
Python,python tutorial,2026-02-01,547,5.803426877355855e-06,188,2.909574,9.377659574468085,31.0267,29.7717,-1.085
R,r language tutorial,2026-02-01,0,0.0,188,0.0,9.377659574468085,0.0,0.0,
Ruby,ruby tutorial,2026-02-01,26,2.758484438962564e-07,188,0.138298,9.377659574468085,1.4748,0.6991,-50.0
Rust,rust tutorial,2026-02-01,108,1.1458319977229109e-06,188,0.574468,9.377659574468085,6.1259,7.2309,-46.0
Scala,scala tutorial,2026-02-01,0,0.0,188,0.0,9.377659574468085,0.0,0.0,
Swift,swift tutorial,2026-02-01,31,3.288962215686133e-07,188,0.164894,9.377659574468085,1.7584,1.362,19.2308
TypeScript,typescript tutorial,2026-02-01,7,7.42668887412998e-08,188,0.037234,9.377659574468085,0.3971,0.5979,-56.25
VBA,vba tutorial,2026-02-01,0,0.0,188,0.0,9.377659574468085,0.0,0.0,
Visual Basic,visual basic tutorial,2026-02-01,0,0.0,188,0.0,9.377659574468085,0.0,0.0,
Zig,zig tutorial,2026-02-01,0,0.0,188,0.0,9.377659574468085,0.0,0.0,
Abap,abap tutorial,2026-03-01,0,0.0,228,0.0,8.021929824561404,0.0,0.0,
Ada,ada tutorial,2026-03-01,0,0.0,228,0.0,8.021929824561404,0.0,0.0,
C#,c# tutorial,2026-03-01,0,0.0,228,0.0,8.021929824561404,0.0,0.0,
C/C++,c++ tutorial,2026-03-01,517,4.71167320806637e-06,228,2.267544,8.021929824561404,28.2668,30.5621,-3.0019
Cobol,cobol tutorial,2026-03-01,0,0.0,228,0.0,8.021929824561404,0.0,0.0,
Dart,dart tutorial,2026-03-01,0,0.0,228,0.0,8.021929824561404,0.0,0.4977,
Delphi/Pascal,delphi tutorial,2026-03-01,0,0.0,228,0.0,8.021929824561404,0.0,0.0,
Go,golang tutorial,2026-03-01,55,5.012418306453585e-07,228,0.241228,8.021929824561404,3.0071,2.0584,27.907
Groovy,groovy tutorial,2026-03-01,0,0.0,228,0.0,8.021929824561404,0.0,0.0,
Haskell,haskell tutorial,2026-03-01,0,0.0,228,0.0,8.021929824561404,0.0,0.1828,
Java,java tutorial,2026-03-01,228,2.077875225220759e-06,228,1.0,8.021929824561404,12.4658,10.8589,21.2766
JavaScript,javascript tutorial,2026-03-01,63,5.741497332846834e-07,228,0.276316,8.021929824561404,3.4445,2.4725,12.5
Julia,julia tutorial,2026-03-01,0,0.0,228,0.0,8.021929824561404,0.0,0.1368,
Kotlin,kotlin tutorial,2026-03-01,68,6.197171724342614e-07,228,0.298246,8.021929824561404,3.7179,2.3741,58.1395
Lua,lua tutorial,2026-03-01,30,2.734046348974683e-07,228,0.131579,8.021929824561404,1.6402,2.0218,-6.25
Matlab,matlab tutorial,2026-03-01,0,0.0,228,0.0,8.021929824561404,0.0,0.8446,
Objective-C,objective-c tutorial,2026-03-01,0,0.0,228,0.0,8.021929824561404,0.0,0.0,
PHP,php tutorial,2026-03-01,118,1.075391563930042e-06,228,0.517544,8.021929824561404,6.4516,7.9576,-20.8054
Perl,perl tutorial,2026-03-01,0,0.0,228,0.0,8.021929824561404,0.0,0.0,
Powershell,powershell tutorial,2026-03-01,0,0.0,228,0.0,8.021929824561404,0.0,0.0545,
Python,python tutorial,2026-03-01,515,4.693446232406538e-06,228,2.258772,8.021929824561404,28.1575,29.2105,-5.8501
R,r language tutorial,2026-03-01,0,0.0,228,0.0,8.021929824561404,0.0,0.0,
Ruby,ruby tutorial,2026-03-01,75,6.835115872436707e-07,228,0.328947,8.021929824561404,4.1006,1.3825,188.4615
Rust,rust tutorial,2026-03-01,131,1.1938669057189449e-06,228,0.574561,8.021929824561404,7.1624,7.4204,21.2963
Scala,scala tutorial,2026-03-01,0,0.0,228,0.0,8.021929824561404,0.0,0.0,
Swift,swift tutorial,2026-03-01,17,1.5492929310856538e-07,228,0.074561,8.021929824561404,0.9295,1.3506,-45.1613
TypeScript,typescript tutorial,2026-03-01,12,1.0936185395898732e-07,228,0.052632,8.021929824561404,0.6561,0.6141,71.4286
VBA,vba tutorial,2026-03-01,0,0.0,228,0.0,8.021929824561404,0.0,0.0,
Visual Basic,visual basic tutorial,2026-03-01,0,0.0,228,0.0,8.021929824561404,0.0,0.0,
Zig,zig tutorial,2026-03-01,0,0.0,228,0.0,8.021929824561404,0.0,0.0,
Abap,abap tutorial,2026-04-01,0,0.0,225,0.0,7.688888888888888,0.0,0.0,
Ada,ada tutorial,2026-04-01,0,0.0,225,0.0,7.688888888888888,0.0,0.0,
C#,c# tutorial,2026-04-01,0,0.0,225,0.0,7.688888888888888,0.0,0.0,
C/C++,c++ tutorial,2026-04-01,476,4.222471096758217e-06,225,2.115556,7.688888888888888,27.5145,29.8429,-7.9304
Cobol,cobol tutorial,2026-04-01,0,0.0,225,0.0,7.688888888888888,0.0,0.0,
Dart,dart tutorial,2026-04-01,0,0.0,225,0.0,7.688888888888888,0.0,0.3594,
Delphi/Pascal,delphi tutorial,2026-04-01,0,0.0,225,0.0,7.688888888888888,0.0,0.0,
Go,golang tutorial,2026-04-01,90,7.983663838408392e-07,225,0.4,7.688888888888888,5.2023,2.6067,63.6364
Groovy,groovy tutorial,2026-04-01,0,0.0,225,0.0,7.688888888888888,0.0,0.0,
Haskell,haskell tutorial,2026-04-01,0,0.0,225,0.0,7.688888888888888,0.0,0.1046,
Java,java tutorial,2026-04-01,225,1.9959159596020983e-06,225,1.0,7.688888888888888,13.0058,11.5229,-1.3158
JavaScript,javascript tutorial,2026-04-01,37,3.2821729113456725e-07,225,0.164444,7.688888888888888,2.1387,2.4982,-41.2698
Julia,julia tutorial,2026-04-01,0,0.0,225,0.0,7.688888888888888,0.0,0.1368,
Kotlin,kotlin tutorial,2026-04-01,35,3.104758159381042e-07,225,0.155556,7.688888888888888,2.0231,2.206,-48.5294
Lua,lua tutorial,2026-04-01,29,2.572513903487149e-07,225,0.128889,7.688888888888888,1.6763,1.9583,-3.3333
Matlab,matlab tutorial,2026-04-01,0,0.0,225,0.0,7.688888888888888,0.0,0.7243,
Objective-C,objective-c tutorial,2026-04-01,0,0.0,225,0.0,7.688888888888888,0.0,0.0,
PHP,php tutorial,2026-04-01,142,1.2596447389488796e-06,225,0.631111,7.688888888888888,8.2081,7.9363,20.339
Perl,perl tutorial,2026-04-01,0,0.0,225,0.0,7.688888888888888,0.0,0.0,
Powershell,powershell tutorial,2026-04-01,10,8.870737598231549e-08,225,0.044444,7.688888888888888,0.578,0.1509,inf
Python,python tutorial,2026-04-01,510,4.524076175098089e-06,225,2.266667,7.688888888888888,29.4798,28.843,-0.9709
R,r language tutorial,2026-04-01,0,0.0,225,0.0,7.688888888888888,0.0,0.0,
Ruby,ruby tutorial,2026-04-01,61,5.411149934921244e-07,225,0.271111,7.688888888888888,3.526,1.9702,-18.6667
Rust,rust tutorial,2026-04-01,78,6.919175326620607e-07,225,0.346667,7.688888888888888,4.5087,7.1433,-40.458
Scala,scala tutorial,2026-04-01,0,0.0,225,0.0,7.688888888888888,0.0,0.0,
Swift,swift tutorial,2026-04-01,18,1.5967327676816785e-07,225,0.08,7.688888888888888,1.0405,1.3255,5.8824
TypeScript,typescript tutorial,2026-04-01,8,7.09659007858524e-08,225,0.035556,7.688888888888888,0.4624,0.5649,-33.3333
VBA,vba tutorial,2026-04-01,11,9.757811358054705e-08,225,0.048889,7.688888888888888,0.6358,0.106,inf
Visual Basic,visual basic tutorial,2026-04-01,0,0.0,225,0.0,7.688888888888888,0.0,0.0,
Zig,zig tutorial,2026-04-01,0,0.0,225,0.0,7.688888888888888,0.0,0.0,
